phot_g_mean_mag,bp_rp
18.785986,0.89299965
17.531963,0.7742672
14.950948,1.1188793
17.748764,0.7682934
18.025326,0.8172226
18.495462,0.85071564
17.44821,0.77368164
18.721825,0.9182377
18.754412,0.91085243
17.21264,0.7874546
17.977098,0.792078
14.538416,1.1630344
16.961285,0.9691448
19.152632,1.100277
18.532385,0.9111557
17.985708,0.75390434
15.20902,1.0779943
17.750837,0.7606449
16.007738,1.0439634
18.311432,0.8267727
18.234743,0.82281876
19.480412,1.0445309
19.807264,
17.750301,0.7654228
19.623857,1.0790405
17.559395,0.77264977
13.881547,1.0438375
19.56898,1.093832
17.22603,0.7939434
19.651678,0.97343636
17.109308,0.83109856
17.82416,0.75832176
18.443705,0.8690014
19.075474,0.98711014
17.772808,0.7743244
17.185505,0.7821045
18.344841,0.8196831
18.555397,0.8757477
18.005686,0.80160904
18.182674,0.8293991
18.19464,0.8090706
18.564991,0.8672905
17.048275,0.83732796
18.481823,0.81866646
17.745811,0.80589104
19.146204,0.9943485
17.125135,0.8122406
18.906778,0.93520164
17.523285,0.7656288
17.01672,0.8141918
17.532995,0.76189613
19.13361,
12.40867,1.4545736
18.199442,0.8111286
16.240894,1.0169401
17.725376,0.7877159
18.481678,0.9038353
18.308748,0.84267807
19.346722,1.0515537
18.140743,0.8247547
17.003101,0.8667469
13.481818,1.034502
17.97841,0.78061104
19.840244,1.1370811
17.522854,0.79439163
18.13282,0.80633545
18.306559,0.82401085
16.007097,1.03656
17.451866,0.7907028
17.639284,0.7732086
16.931301,0.9739094
17.266293,0.790308
17.573235,0.77251244
17.45254,0.8219719
18.816519,0.7771816
19.03808,0.9491577
17.148773,0.8228493
18.692488,0.92162323
17.50096,0.79019165
18.615206,0.8435192
18.347599,0.7984066
11.684949,1.5975485
19.158588,0.94763565
17.119238,0.7982445
18.706057,0.90389633
17.44573,0.7653713
18.717453,0.9126129
19.963749,1.01021
19.142439,1.132822
18.120895,0.8106022
18.66252,0.88671684
18.233667,0.81653976
15.735181,1.0617647
18.544668,0.85705566
18.944565,0.9673672
19.791246,1.1878548
19.555847,1.074604
17.40594,0.78831863
18.259254,0.80169106
16.765692,1.0254936
16.881645,0.97667694
19.639692,1.1406212
19.525112,1.1152935
17.505014,
17.462284,0.8021507
17.852049,0.7550125
18.093616,0.79076385
18.629993,0.9231987
19.213089,0.9302063
19.154161,0.9789524
17.14309,0.79620934
18.981853,0.88918114
18.840063,0.9021549
18.320686,
18.842413,0.90075874
17.415514,0.7595272
18.68848,0.9356003
18.050383,0.77965355
17.77639,0.77033997
17.421513,0.6854954
19.125208,1.092392
18.480076,0.8056259
17.58193,0.78352165
19.149662,0.93235207
18.586992,0.86205673
17.638323,0.7408867
17.641016,0.7556248
19.526814,1.1056271
17.731352,0.75805473
19.22743,0.97665024
19.359055,1.0776825
19.793894,1.009882
18.184006,0.85302925
18.879618,0.889658
18.419176,0.867012
18.35809,0.8252239
17.451885,0.7804241
13.891515,1.0393791
18.015165,0.8294296
19.077435,1.14044
18.566982,0.852026
12.486772,1.4546614
16.42135,0.8151598
19.41032,0.8933258
19.66144,1.0501423
18.650875,0.940958
17.589552,0.76062775
18.135046,0.7872925
16.718416,1.0092354
18.44182,0.8960438
19.683619,0.98975754
19.627686,0.798399
18.808378,0.85837936
19.351187,1.0205956
17.596893,0.7640934
18.235922,0.83057976
13.370332,1.3143082
18.128874,0.8710613
19.444769,1.015686
19.929317,1.1700535
17.865091,0.7484894
13.967538,1.1924582
16.971077,0.9325676
18.30608,0.83695793
18.703413,0.9084873
16.939308,0.9747124
18.97997,0.9380455
18.621012,0.81293297
19.712488,1.0423546
17.976822,0.7948818
17.671759,0.7365761
18.78049,0.8096676
18.620697,0.895668
17.420164,0.79122543
18.841707,0.95664406
15.047186,1.0876265
19.085955,0.9929886
17.763432,0.7938099
17.9449,0.78896904
18.445818,0.90518
18.698666,0.88616943
19.525082,1.1354599
18.67629,0.88694
18.397718,0.8629074
17.821365,0.80892754
19.222519,0.92417145
17.822344,0.7839737
19.430216,1.107048
19.948608,1.3253822
18.09419,0.7251167
19.495905,1.0730267
17.94448,0.8501587
16.192259,1.0465269
18.811337,0.93797874
17.325855,0.7639656
17.927849,
15.514851,1.0596209
17.483032,0.7687664
17.15162,0.80802155
17.771292,0.8375168
17.82437,0.8364544
17.67412,
17.768112,
18.45121,0.8075981
19.382732,0.9990959
17.14487,0.79545784
17.63054,0.7899666
17.868696,0.794384
18.10404,0.8358364
18.895084,0.80571556
17.659533,0.7428379
18.17134,0.82240105
18.213314,0.7987461
17.22718,0.8110428
18.163073,0.7941036
17.627192,0.7813206
18.799301,0.80415535
19.555578,0.9690418
18.273903,0.85248756
19.583815,1.1296692
17.595343,0.7552624
19.079943,1.0019417
18.266134,0.83841896
18.931131,0.8044834
18.567364,0.9113121
18.8609,
19.786488,1.524086
17.49557,0.75969696
17.775444,0.80900574
18.188904,0.82242393
17.017218,0.9228802
19.61644,1.1401634
19.154903,0.96767616
18.834263,0.8973999
17.77208,0.81043434
19.87207,1.9082298
19.559637,
19.060839,0.9721527
18.19555,0.8238754
13.527991,1.2466154
18.44267,1.0436172
17.981527,0.7669468
18.913275,0.9100857
17.875826,0.78482246
17.273935,0.76864433
19.10329,
17.52706,0.75253296
17.630959,0.7663784
17.504072,0.77592087
14.537912,1.1585875
18.136734,
19.352879,1.0278797
17.809858,0.7625389
14.332008,1.1516972
18.616594,0.8900261
17.111513,0.7982807
17.551895,0.7901306
17.555422,0.7542381
13.896174,1.2162657
19.599102,1.0002823
18.065413,
17.10185,0.76971245
18.72361,0.8798046
18.743168,0.83553886
17.31532,0.77817917
13.913589,1.054349
18.722662,0.9233818
13.887808,1.2164001
18.564333,0.8050308
17.007418,0.84135437
18.81886,0.94628334
19.006296,0.91456413
17.329071,0.7877426
18.53082,0.8991699
16.890394,0.9520397
17.6429,0.8266525
19.639784,1.0567703
17.624454,0.7482109
19.302563,0.9343071
19.30493,1.1042824
17.791098,0.7839165
18.475733,0.8712864
17.798393,0.7788677
18.904501,
18.925241,
17.449194,0.77054787
17.999968,0.8180618
19.004238,0.9230404
18.582237,0.93161774
19.166626,
19.701357,1.195673
15.650022,1.0698671
16.85347,0.9691963
19.849745,1.2894955
17.170414,0.8025074
17.559658,0.7954693
17.960835,
18.880503,0.96671295
17.510302,0.7821331
18.85178,0.94099617
19.558819,1.2596188
18.095345,0.85383224
18.499025,0.8697262
17.85366,0.7871742
18.10155,0.7500839
17.887682,0.78619194
17.104927,0.8150692
18.522615,
17.49306,0.78494644
18.559607,1.0319118
17.886156,0.9104099
17.352661,0.7728596
16.96068,0.95908356
17.039017,0.8214741
17.12472,0.83076096
18.519003,
15.826178,1.0484724
17.933084,0.7317047
18.095661,0.8344383
18.078035,0.80558014
18.708221,0.917963
17.007435,0.85043716
17.772236,0.8456497
17.268486,0.77106285
17.135551,0.80996513
17.578234,0.7925644
17.55155,0.781374
18.016485,0.94623756
13.798773,1.2154274
19.039133,0.9576874
18.399258,
19.076618,
17.963055,0.7405853
19.102749,
19.168312,
17.41826,0.7691307
17.275112,0.7629452
18.013403,0.7792454
18.865698,0.8808632
18.213524,0.86544037
19.074665,0.91194344
17.03345,0.85899353
18.64068,
14.702504,1.1157951
17.786194,0.75125885
18.652018,1.0884705
17.869762,0.7291813
18.088034,0.8581333
19.362152,0.9424286
19.117142,
18.237131,0.8854599
14.884997,1.1188726
16.403582,0.97007465
18.79627,
17.332794,0.75309753
17.063784,0.824749
12.949866,1.3745384
16.110659,1.0429268
18.850952,0.70132446
19.933487,1.2531853
16.998156,0.93284225
18.400307,
17.393642,0.7726364
12.910075,1.2485619
13.28213,1.2927418
18.096275,0.7271881
18.05259,0.8692665
14.858465,1.076314
17.537428,0.7851944
14.172561,1.1201363
17.505114,0.79146385
18.439934,
17.166348,0.8487091
19.313828,0.73573685
19.130028,0.95010185
18.083168,0.7862377
18.082163,0.78116417
18.427536,0.85504913
17.708466,0.76597786
16.431845,1.0341187
18.0908,0.8147545
17.354954,0.76036835
17.595018,0.78704643
18.16255,0.8158684
18.032377,0.8058586
18.445711,0.80034447
19.18696,1.0103836
18.276085,0.79647064
17.033882,0.837162
19.559801,1.0704613
19.440056,1.0861549
17.217506,0.7835655
16.906626,0.9641113
17.75533,0.790102
18.612713,0.92315674
19.326004,1.1293621
16.842453,0.9651489
17.728567,0.7818756
18.981441,0.9279938
18.790361,0.9192295
17.489052,0.7774334
17.38699,0.79036903
19.283949,1.0213375
17.268097,0.80317116
19.549147,1.173811
17.633045,0.82730865
18.386326,0.83431625
18.951159,0.98960876
14.931945,1.0924206
18.66344,0.83880043
19.026821,0.8836918
18.88699,0.91802216
18.59432,0.8819809
17.823324,0.78863907
18.176537,0.8066273
18.557041,0.8841057
19.172178,1.0304642
15.352502,1.0949602
17.19336,0.7870865
18.964481,0.9974861
18.118195,0.8123894
18.214512,0.80460167
17.862253,0.78762436
17.435173,0.76377296
18.460152,0.8598118
17.475769,0.7652912
19.853567,1.1539841
16.932116,0.96141243
17.01281,0.89556885
17.613375,0.78486824
18.732637,0.8922882
19.123508,1.0248871
19.859528,1.015276
17.414625,0.7828922
19.614595,1.2116165
16.561106,1.0089264
19.257769,1.0525723
17.424156,0.7684727
19.239729,1.0357399
18.69667,0.88687515
15.467584,1.0698156
17.147638,0.7860184
17.051355,0.87591743
18.419336,0.83418655
17.150242,0.8094673
18.437805,0.8581066
18.199284,0.82826424
19.346006,1.015398
17.261568,0.7688656
19.236649,1.045126
19.04389,1.0276432
19.374233,1.0446911
17.421446,0.77823067
17.906624,0.8056488
17.470903,0.952652
17.977676,0.78704643
18.032343,0.748127
18.457108,0.8006573
18.69685,0.90065765
16.249918,1.0522366
12.039564,1.4837761
16.257717,1.0317354
17.787018,0.8185806
18.087181,0.81171036
17.636354,
17.703657,0.79862404
15.8598175,
17.954575,0.79504776
18.417871,0.8364296
18.379171,0.81373215
17.521112,0.77285194
18.839775,0.94068146
18.963661,0.96687126
19.88162,1.118391
17.707396,0.7752495
18.185434,0.79112625
18.175064,0.78788567
19.68342,1.0722027
18.28764,0.8158245
17.961624,0.8014755
18.825708,0.9401455
17.298635,0.7610779
17.451998,0.75014496
19.195173,0.9732914
18.009691,0.79698944
17.413176,0.7944145
18.116581,0.7716732
18.940424,0.8905678
16.455437,1.0208578
18.616375,0.87288094
13.890841,1.0734015
19.133108,0.9696312
18.817194,0.8437996
17.732765,0.78993607
13.043139,1.3245411
19.210094,0.9919472
17.505327,0.76218796
15.308478,1.073987
18.407835,0.88437843
17.607172,0.75185585
18.509062,0.8793087
17.8504,0.7587967
15.506115,1.0800905
18.206047,0.8179703
17.979908,0.7947712
17.044144,0.8632641
18.62922,0.7692795
17.797613,0.7887802
18.370224,0.8425751
18.312826,
18.419882,0.83174706
17.561058,0.77573967
19.140427,0.9359417
18.159277,0.83033943
19.904922,-1.3719444
18.39591,
18.573248,0.84135246
17.150295,0.82079315
18.032583,0.8184147
18.178226,0.7730751
17.37992,0.76254463
18.362082,0.84202003
17.83538,0.7674732
17.708685,0.7800865
19.38173,1.0528812
18.589087,0.87327003
18.269524,0.7694359
13.705801,1.2188034
17.505333,0.7879505
13.873709,1.0431881
17.293911,0.777195
17.036575,0.85173035
18.645563,0.93247795
18.784328,0.97260094
19.228937,0.9848442
17.896338,0.79018784
14.309639,1.1613436
17.642006,0.77780724
18.348387,0.80576706
18.248264,0.8647804
17.792469,0.78411293
17.965601,0.7978325
19.657003,1.1217251
17.931494,0.7997837
17.95635,0.80073166
18.852575,
18.499249,
17.875889,0.7913761
19.29335,0.98062706
17.450092,0.77425003
19.267534,0.99347305
19.821405,1.0964775
13.864798,1.0575705
19.46445,1.127058
18.062296,0.8003063
17.571318,0.750021
19.392673,1.0834675
13.85171,1.071228
17.796661,0.81590843
14.753608,1.1107378
18.683186,0.8579159
19.509428,1.0061626
19.50628,1.0859642
17.447725,0.78136444
18.055834,0.8252754
17.85806,0.7964554
17.2404,0.78273773
18.025732,0.8080044
17.660906,0.76263046
15.603906,1.051177
19.659998,1.0762577
17.20252,0.7854004
17.743517,0.7832813
18.636583,0.83496094
18.183096,0.8238964
19.740164,
18.864805,0.91991806
17.430656,0.75123787
16.308039,1.0505953
18.923077,0.899992
17.019533,0.85447884
18.031935,0.7618618
17.215525,0.80311394
18.811136,0.90185165
18.051369,0.8274536
18.154596,0.8257179
18.738121,0.79140854
17.945084,0.78059006
19.6446,1.03648
17.209356,0.7892418
19.246126,1.0516834
19.940092,0.94231796
19.724638,1.1744385
19.644695,1.0726624
18.865715,0.8940506
17.14324,0.8094597
17.806341,0.83268166
19.106256,1.0119553
16.731976,1.0016232
16.443178,1.0480747
17.232265,0.9131565
19.638083,1.0523777
17.60226,0.7657585
19.156199,0.9418411
17.915737,0.8143921
13.88554,1.0638313
19.339022,
19.329338,0.9957733
18.724655,0.91303444
16.99217,0.8648052
18.38239,0.88191795
16.97653,0.8727379
19.617405,1.0116234
17.768145,0.77534676
16.592958,1.0059185
19.151974,1.0152016
18.163364,0.8254452
18.337572,0.8348465
15.989541,1.0376749
19.244682,1.0323963
13.958529,1.1921568
16.327171,1.0198231
17.15205,0.7975426
16.945795,0.95129776
17.984056,0.7952118
18.410261,0.82728577
17.091343,0.81993866
17.603884,0.7647934
19.63119,
18.981115,0.96878815
13.725474,1.0369701
17.201662,0.7957916
18.708344,0.9078083
18.578669,1.0317783
19.495956,0.96720314
17.778751,0.7494545
19.361624,
19.071983,0.92401505
18.071583,0.77791214
18.561821,0.89378166
17.290258,0.79875565
18.55344,0.8239002
17.857632,0.85819817
19.828892,0.92918205
19.536955,1.0975094
16.95134,1.043602
19.379803,1.0341854
17.962505,0.81365013
18.31949,
18.103037,0.7636814
18.215498,0.7941284
16.970015,0.8912277
17.214031,0.8051281
18.003244,0.7677994
17.817602,0.83229446
18.46274,0.7478428
18.43791,0.8302765
18.83413,0.9677563
17.242443,0.7682762
17.58923,0.80439186
17.377417,0.762373
17.203157,0.78862
18.467308,0.821558
18.654509,0.78699493
19.141476,0.70720863
17.943487,0.82777214
19.663017,
18.023907,0.876194
17.330917,0.76756096
19.092415,
18.023684,0.7684097
17.27567,0.7737751
17.500282,0.7783413
17.302473,0.79182625
18.464813,
18.492664,
17.626808,0.761467
19.822378,
16.71803,0.9842434
17.462135,0.80682945
13.552377,1.2707071
18.701242,
12.8781595,1.233326
18.41042,0.85105133
13.774708,1.052309
17.633345,0.7698612
18.65886,0.9084244
19.361008,1.0762768
19.148695,0.8841934
18.573944,
18.644472,0.9233532
17.539474,0.76843643
14.877967,1.1095495
18.755331,0.86325073
18.168335,0.812294
17.704512,0.7345104
17.693098,0.770792
19.773314,1.1570091
14.241937,1.1415977
17.584703,0.8032894
19.719433,
16.929483,0.95451355
17.939083,0.8471527
18.305803,0.88708115
16.248613,1.0369186
18.76709,
14.747324,1.1156368
17.943571,
13.859779,1.0507851
18.479416,0.8229046
16.955168,0.9298096
19.2144,1.3261108
18.262486,
17.878973,0.7360935
16.98426,0.87926865
17.395082,0.7728214
18.117266,0.7411938
18.429255,
14.867755,1.0956345
15.892239,0.974782
13.543067,1.2452831
18.20658,0.7708626
16.450232,1.0451508
18.48675,
18.339169,0.8799324
13.867433,1.0174942
18.599743,
18.951498,
17.580158,0.9124336
15.095196,1.1001282
14.446165,1.1485767
16.227686,1.0164251
13.709707,1.0513296
17.931246,0.6883793
17.337694,1.6465082
18.879515,
16.618656,0.74178886
17.186495,0.7947712
17.54147,0.7747078
17.591032,0.8223076
19.367983,1.0750961
17.194296,0.78726196
16.958042,0.9511795
18.230753,0.7912903
18.717468,
17.358274,0.7561302
17.61289,0.7574463
17.50887,0.5975094
17.174053,0.7837963
16.87169,0.98522186
17.625654,0.75343895
17.516178,0.77685547
17.791296,0.7570648
19.173227,1.0093002
16.160143,1.056983
17.767603,0.77300644
15.297853,1.0722723
19.1084,0.8658104
18.350147,0.88972664
19.133457,0.9962578
17.21491,0.7898445
19.883469,1.0857334
19.315706,0.856657
16.156042,0.9469242
13.893329,1.0736856
18.356512,0.863327
17.497309,0.6937237
16.579659,1.0390863
17.435785,0.7871437
18.296076,0.8466072
19.629501,1.0751953
18.59722,0.82234
18.069052,0.7627678
18.825985,0.8783226
19.83544,1.2200546
19.112907,
19.378265,
19.665579,1.0745716
17.982288,0.8003273
17.024433,0.92230225
19.160421,0.9983864
19.527905,
19.148954,1.0133228
17.134321,0.801424
17.88909,0.7603779
19.297684,1.0009747
17.274763,0.7745552
19.187263,1.2928047
18.721487,0.9045162
18.990868,0.99233055
16.823845,0.98571396
16.697891,0.63899994
18.635113,
19.531858,1.0771751
16.964136,0.96603966
18.448679,0.81427956
18.855217,0.96603584
18.269773,0.8453598
18.685997,0.8305836
18.772459,0.9885483
19.627386,1.1148491
17.71453,0.78546715
19.128187,1.0113735
18.942146,0.92788506
17.578535,0.76919746
18.709713,0.8966732
18.383966,0.8261032
18.019695,0.8038311
18.38628,0.8233814
17.602442,0.7755165
17.103998,0.8257561
18.11959,0.78871155
18.921093,0.9411602
17.972208,0.79909325
18.978365,0.9674759
17.245756,0.79385185
18.95322,
17.779343,0.7898693
15.939919,1.0469694
17.88404,0.81469727
17.443935,0.77560997
17.335388,0.773592
18.412733,0.87609863
19.591496,1.1040287
19.97009,1.2518978
13.888443,1.0589819
19.34533,1.0684147
17.538467,0.7996044
19.320295,1.0491333
18.9723,0.96357536
19.897789,1.1330566
16.551727,1.0313196
17.343758,0.8815994
17.339691,0.7934017
18.952421,0.8872013
18.027903,0.7869797
17.821499,0.79261017
19.75449,1.1184826
19.533728,1.1295376
15.710918,1.0664272
18.765919,0.8833504
14.6001625,1.1309204
17.603333,0.7725792
18.968845,1.023613
18.51456,0.8682194
18.93926,
19.25086,
17.055809,0.84376335
17.641888,0.7762203
18.170528,0.9950161
18.670332,0.8975277
18.169638,
18.441643,0.87537
18.482689,0.8458328
19.519947,1.0421181
17.98511,0.8509674
18.250225,0.8030758
19.179398,1.0616932
18.71442,0.88947105
19.984009,1.2043304
19.007462,0.88303185
19.768208,1.0424404
18.110853,0.7978687
19.081053,0.90187263
19.476194,1.1149311
13.879811,1.0312548
17.02648,0.84693146
18.027777,0.8120003
17.6353,0.8259926
18.61865,
19.705387,1.2203674
16.59286,0.99892616
18.156511,0.80021286
18.572338,0.92568207
18.052982,0.7816582
18.407545,0.86105347
17.75406,0.79348564
19.22108,0.9435234
18.747171,0.88329124
18.798151,0.9809818
18.305416,0.83844185
18.688654,0.90304184
18.907412,0.8792343
18.895557,0.9101925
17.417833,0.7817936
19.004715,0.9987297
18.307314,0.82984734
17.891588,0.78668976
18.35904,0.85518456
19.476856,1.1190262
17.194078,
17.787634,0.81095695
19.81794,1.08671
18.128027,0.78139687
19.034105,0.93984413
19.945572,1.0825005
18.522968,0.8589096
19.344595,1.0280113
17.258823,0.902092
17.656439,0.8221264
19.271687,
19.23464,0.9303322
17.925589,0.7914829
16.66052,1.0262413
19.203053,0.95256805
16.700874,0.9579315
17.134075,0.77980804
19.098993,0.92590904
19.494337,1.0111618
19.063303,0.95111275
17.517418,0.7956104
18.535753,0.8625088
19.075445,
19.432795,1.0549812
18.748255,0.97236824
17.603281,0.7677345
19.146946,0.94176865
19.147678,
17.365812,0.7760258
18.680454,0.9685726
18.111046,0.82291985
17.113108,0.808918
17.657467,0.7741394
18.193378,0.7992363
17.960636,0.78697205
17.848907,0.7718582
17.498384,0.75712967
16.698301,0.9908676
17.799648,0.7834568
18.978743,
17.10312,0.8078098
17.517109,0.77840614
18.517233,
18.855888,0.8916931
18.80889,0.95552826
17.808487,0.7703304
18.405844,0.83288956
17.874218,0.7476635
17.703552,0.8017826
19.323149,0.7731457
16.981073,0.93951607
18.502192,0.87948036
17.775936,0.7686596
17.257261,0.77498055
19.450304,1.2497845
17.706312,0.8067436
17.949736,0.7808628
17.640982,0.7698822
18.785412,0.9627819
14.340311,1.1811819
19.863132,1.0083466
17.239271,0.8145504
19.337433,0.84098625
17.041656,0.7657814
19.074514,0.8845959
19.008545,
19.07068,0.9644222
17.821241,0.81824493
18.55201,0.8303757
18.758928,
18.107681,0.84085655
18.721199,
19.576097,0.91005135
19.253258,0.96193695
17.795002,0.78816414
17.388506,0.7859802
18.519478,0.8417301
19.060751,1.035677
16.443644,1.0268259
17.361832,0.76867676
17.316969,0.77000237
18.261786,0.7735977
18.331089,
18.932873,1.0353165
19.048079,0.92681503
18.713648,0.91550636
17.338345,0.7755394
17.507044,0.7958889
13.702124,1.2254286
17.780737,0.7939911
18.896488,0.71923256
19.715637,1.170269
17.547415,0.6632824
18.252018,0.83003044
18.606585,0.847065
17.318895,0.7740822
17.085623,0.8031864
19.022165,0.9886646
19.50425,1.129343
17.03985,0.8412647
18.999336,0.9547119
19.813097,1.1150455
18.008528,0.7982731
17.991714,
17.413141,0.75766945
17.892387,
18.296284,0.808815
17.340488,0.75849533
18.286024,0.9717598
17.45734,0.73139
18.842209,1.0451355
17.237375,
16.91261,0.95528793
17.736809,0.8062687
17.726889,
19.681934,1.012291
19.524141,
18.233343,0.8816433
17.234268,
16.811682,1.0129948
18.654781,
18.514847,0.84638786
19.477291,0.95689774
17.063055,0.8122864
14.680519,1.1666307
19.664017,
19.324932,1.0384216
15.809303,1.0369902
17.662186,0.77459526
19.171713,0.94464874
19.750755,
18.123827,0.79580307
19.099169,0.9615593
19.029825,0.92556953
18.48243,0.8454113
19.679657,1.1729298
18.384922,0.8813305
19.403883,
18.252151,0.8089161
17.279587,0.80093765
19.515837,1.2608681
19.30706,1.0855808
17.473352,0.7742462
17.514277,0.7522259
17.355747,0.8382473
16.894506,0.94465256
18.89778,0.9178581
19.276745,1.0247173
18.810177,0.9003639
19.261656,1.0598488
18.194784,0.84451866
17.716501,
17.480595,0.8261757
17.98954,0.7816429
17.790417,0.7871151
19.878284,1.0461712
19.13117,1.0549278
17.696075,0.75237465
17.992214,0.8008709
16.93402,0.9671688
16.315805,1.0398788
17.210825,0.77087975
18.122551,0.84757614
19.442087,1.110506
17.119848,0.8041992
17.867844,0.7708969
17.912945,0.7408676
17.763031,0.74590683
17.895712,0.81803894
19.529991,
19.535511,1.0248928
17.343422,0.7987137
19.996588,1.2488823
15.659783,1.0623989
17.902325,0.82855606
17.56943,0.83221817
17.891296,0.6766453
16.986748,0.90504074
18.129211,0.8298092
16.978119,0.9133854
18.398727,0.801981
17.507925,
17.252085,0.77261543
18.61097,0.8843174
17.073154,0.8510113
17.1753,0.7713947
17.50267,0.8023701
17.362768,0.8059311
17.578976,0.8090534
17.832043,0.8420868
17.903028,0.8047199
15.044449,1.0965471
17.134138,0.9018097
19.195198,
17.795376,0.80690575
18.28908,0.8305187
19.49335,0.97057915
18.042456,0.828743
18.633018,0.84394455
18.192476,0.8127384
19.78369,1.3457909
18.77281,0.92367744
18.882727,
18.09369,0.80311775
19.375414,1.138113
17.217724,0.771101
13.884962,1.0370245
17.714622,0.7522049
17.592684,0.7596073
19.12499,1.0000668
19.369362,1.0060234
17.158245,0.8105755
15.905124,1.0503073
18.034752,0.72595215
18.44915,
19.230673,0.93558884
18.183046,0.8291626
19.830637,
18.491655,
19.241106,0.94080734
17.678778,0.8016834
19.313875,1.0661526
19.691153,
17.292221,0.78876305
18.813763,0.9289551
16.244469,1.0308752
15.57914,1.0381899
11.184433,1.8370008
19.076345,0.3961277
17.868385,0.8315182
18.664417,0.6578579
18.462355,0.86553764
15.501963,1.0419922
17.101866,0.7789593
17.860209,0.78596115
17.30298,0.78287697
18.178528,0.8456631
19.088446,0.97447586
19.578835,1.0245781
18.120087,0.77812576
13.780035,1.2082787
19.84299,1.1022415
17.940706,0.79634094
15.055168,1.1102724
18.389233,0.8347111
19.394278,0.98402214
17.854483,0.82333565
15.067812,1.1061935
18.585073,0.86587715
18.560257,0.83052444
18.441196,0.8621998
17.021355,0.8982258
16.907673,0.9525242
19.774118,1.2081509
17.841085,0.81635475
17.838266,0.77329063
16.977697,0.92923164
18.45091,0.8186188
16.730429,0.9917526
15.900136,1.0553255
19.098509,0.95560837
17.170353,0.79208946
16.42868,1.0467005
17.603704,0.7909908
18.001657,0.82089806
14.143046,1.1664953
18.391932,0.8148365
17.675554,0.79294586
18.776438,0.8640766
16.98799,0.8981514
17.159857,0.7951946
19.667545,1.1007347
17.855652,0.78608894
19.442661,
19.082304,1.1000462
17.76679,0.75631905
17.676388,0.76132774
17.545385,0.76254845
19.015345,0.9100838
18.221153,0.8219986
18.913284,0.9423771
19.891768,1.0617046
19.796045,1.2124767
17.777536,0.7733326
17.3686,0.78595734
17.953226,0.79242706
18.823025,0.8905716
18.656273,0.92144203
15.632711,1.060996
18.371618,0.7783432
17.271175,0.7918987
18.987926,0.8402462
19.601585,1.2148495
18.166004,0.7799015
15.21119,1.0739899
19.575533,1.1674938
18.031067,0.79701805
19.775475,0.99274635
17.006842,0.84376144
18.521893,0.86946106
18.273287,0.84934425
18.398731,0.81183624
17.346527,0.76270103
19.899895,1.4008255
16.986591,0.89302254
19.027287,0.94065285
18.181885,0.80287933
17.884108,0.7792225
18.291216,0.825243
15.213856,1.0199785
18.687197,0.8592682
18.398008,0.8455982
18.092106,0.8360958
18.858276,0.9604187
17.989717,0.78990936
18.883476,0.9037399
19.295525,1.0089436
18.039248,0.7680969
14.11359,1.1976576
18.158842,0.7871628
18.087353,0.77606964
16.149858,1.032362
18.116308,0.80651283
18.585596,0.9067364
19.069248,1.0811577
17.833115,0.78969574
18.86221,0.92354774
19.66661,1.1390877
18.072859,0.77586174
18.48986,0.8889961
19.93537,1.2094097
17.533869,0.75450706
19.748259,1.1528549
19.724487,1.084755
14.31805,1.1652918
17.560898,0.7778301
18.320044,0.90628624
19.230955,0.9508438
16.950924,0.8692188
19.511507,0.9897728
18.75194,0.9607506
13.629138,1.0597744
13.558929,1.2522678
18.95673,0.94545555
17.53772,0.7647915
17.553675,
17.969362,0.7873821
18.87207,0.8201561
16.274418,1.0580854
17.01877,0.8328171
14.387703,1.1694355
18.23353,0.84469604
18.146759,0.8062134
18.087885,0.80553627
19.333206,1.0467834
17.025312,0.88972855
17.971674,0.80674934
19.23588,0.9673424
17.570276,0.81303024
18.829971,0.92555237
19.003668,0.94231796
17.292124,0.7901306
18.19683,0.81604385
18.013802,0.75959206
17.096855,0.82099915
17.876268,0.8175926
19.46876,1.1491871
17.34773,0.77013206
17.012487,0.86875534
17.91676,0.78201294
19.12714,0.9986477
17.552427,0.78598976
17.48845,0.7769089
19.024261,0.9690399
17.847351,0.77716637
18.049719,0.82806015
18.947725,0.9065895
16.636772,1.0051136
17.065542,0.8294487
19.122791,1.2474289
17.629736,0.7784405
17.530329,0.75206566
18.118372,0.7835541
17.032963,0.83579063
18.24804,
18.16183,0.79572296
16.902517,0.9756603
19.248344,0.9598026
19.389338,0.9502678
18.10639,0.7813606
19.7667,1.3040123
18.549944,0.8304939
19.750626,1.4053154
18.9091,0.96993446
19.01926,1.0073338
19.914457,1.0169334
18.269608,0.8916111
17.748596,0.7916393
17.240534,0.7892513
17.587461,0.73696136
18.266893,0.8366833
17.754501,0.81967735
18.235573,0.8193474
18.397572,1.0522537
19.035511,0.86333084
16.294468,1.025981
17.679153,0.844635
18.341211,0.8275547
17.61826,0.78172874
17.75623,0.8450947
17.912083,0.7698574
17.88066,0.783865
19.129074,1.1600227
18.4926,0.8516636
18.271317,0.8266163
17.246271,0.7972126
15.536235,1.0629005
18.727442,0.8373585
18.583118,0.7835541
16.850195,0.99977875
17.67928,0.76597023
19.555405,1.0728989
19.046396,
19.476002,1.1197815
18.92419,0.9039097
19.265846,0.96167564
19.570398,1.0028076
18.050531,0.80199623
18.385296,0.8633652
18.65888,0.82754517
15.963348,1.0611963
13.844654,1.0109444
18.416918,0.8515549
19.294218,1.1098862
19.470076,1.1316948
19.248245,0.9896736
17.385927,0.7627125
14.232621,1.1587543
17.95388,0.7636452
18.798422,0.86870956
18.34434,0.830019
19.805477,1.156744
19.86551,
18.607183,0.82941055
18.840034,0.9858265
16.3325,0.4655571
17.875574,0.77046204
18.495653,0.8503895
17.819897,1.423275
17.741175,0.7617626
19.101706,1.0350609
14.395936,1.2017374
16.934687,0.9651642
17.75384,0.7941818
16.824146,1.0127602
16.698877,1.0318947
19.21326,0.98999214
17.617561,0.7488518
18.102999,0.8549118
19.100367,0.9222317
17.937984,0.8206482
18.79922,
18.012007,0.8099308
17.280212,0.7790966
11.819626,1.6140509
17.615423,0.74853706
15.653048,1.0634356
17.36853,0.7670193
17.021908,0.88031197
19.58055,
18.359503,1.1987343
17.85392,0.7896023
17.337528,
17.068539,0.8760567
16.972298,0.95568275
18.262806,0.8634758
19.040285,
18.369896,0.78451157
16.793549,0.9849758
17.242222,0.78362465
18.817503,0.7765541
18.94927,
19.168034,
19.447012,1.1362114
18.414085,0.9564419
17.909262,0.7968502
17.733131,0.78330994
19.532747,1.0325756
15.830147,1.0319462
18.68698,0.85956573
19.329256,1.0149956
18.826622,0.848114
17.912231,0.80231094
19.987001,
17.83035,0.78473854
18.618347,
17.646303,0.7815132
18.695282,0.9046097
15.680517,1.0234423
18.140993,0.81194687
17.207588,0.7884922
18.779692,0.9709301
18.986929,1.0583134
18.553263,0.9386978
18.08719,0.8129444
18.541107,
17.580004,0.756773
18.750511,0.8830433
17.742409,0.8658867
17.665379,0.7572632
17.77998,0.77856827
16.940596,0.9230213
18.094416,0.74882126
17.493513,
18.752672,1.0689487
18.039354,0.8314724
17.027086,0.8431721
19.028002,
15.700181,1.0794096
17.378345,0.7994137
17.84045,0.7897053
17.913874,0.7609081
18.007114,
17.756405,0.80628014
17.246635,0.8558731
19.093496,
18.140171,
17.014305,0.86920166
16.986097,0.94740295
17.25094,0.74490166
17.648478,0.7553711
17.745628,0.7855396
17.972925,
17.132452,0.91014576
18.50195,0.86696815
15.957202,1.0445452
17.109648,0.796957
17.825335,0.81874466
17.784266,0.7885208
17.32039,0.80163765
17.117413,0.80093
17.042675,0.81960106
18.567415,0.9421711
18.249603,
16.958912,0.95459366
19.475327,0.873785
19.247704,0.964901
17.948282,0.8012943
18.496445,
19.035774,0.84921646
17.358355,0.7872791
14.440589,1.1669149
16.809502,0.99305916
17.810614,0.88041496
17.65747,0.8231945
17.756071,0.76756287
17.69546,
18.125828,0.7264252
17.004631,0.8796997
17.167309,0.78149223
17.181355,0.79089165
15.511713,1.0589476
17.800787,0.81357956
17.35986,
18.264618,0.8208103
18.639082,
17.178957,
16.980335,0.91080666
17.908964,0.9113331
17.934513,0.68185234
17.563316,0.7631111
17.776329,0.78269386
18.403362,0.79838943
17.964617,0.88132095
17.760904,
16.854778,0.977911
17.64143,0.996315
16.62323,1.0037708
18.204563,0.7923813
19.5226,
17.361246,0.8095665
15.297003,1.0775557
10.713758,2.64217
12.408604,1.359354
18.637278,
18.8744,0.77739334
18.314384,
18.320301,0.9080963
17.509695,0.8166294
18.298475,0.87885666
17.61779,0.8367405
19.331753,1.3273373
17.07157,0.87260246
17.856838,0.784338
17.240135,0.7534275
17.93209,0.73441315
17.618174,0.7374687
13.875317,1.013629
15.7571,1.0599546
11.791294,1.5977783
17.47381,0.8060322
18.120857,1.1105232
13.106925,1.3625345
18.329168,0.86780167
18.107174,0.8380184
18.510466,
17.167034,0.74508286
17.007368,0.8283329
17.514103,
17.668951,0.78609085
18.378296,0.91117287
18.855282,0.950243
17.843994,0.76272964
10.89633,2.6752968
17.920149,0.7520275
18.045162,0.7224579
18.731432,0.8750973
16.852335,1.0138378
18.127275,0.8277321
18.81162,0.9345894
17.37656,0.7929287
19.208584,0.94226074
19.252533,0.99074936
17.849102,0.77928734
17.564198,0.7613964
17.937431,0.77178
19.408323,1.0016537
19.628517,0.93634987
17.822346,0.8092804
17.580395,0.7634678
18.564455,0.8611202
18.678782,0.9967747
19.047329,0.9101391
18.321995,0.8267765
18.023201,0.8282356
17.53557,0.7361946
18.688496,0.92806053
18.654947,0.9888706
19.021215,0.9731884
17.843868,0.77983475
19.262808,0.97953415
17.839758,0.8179531
18.702179,0.8671608
17.444593,0.7670307
18.868395,0.9785919
18.45588,1.415926
18.712284,0.89035416
17.646204,0.8097553
18.474377,1.0888863
14.118607,1.21239
18.800951,0.96225166
18.49051,0.83973503
17.997242,0.7895222
19.92842,0.8593273
18.24017,0.79379845
19.640568,1.1361351
18.921043,0.8980808
18.394516,0.8446827
17.02211,0.875803
17.414768,0.7536869
19.848305,1.178482
17.711092,0.7810707
17.106733,0.8118553
18.562529,0.85637856
17.310434,0.80272865
18.563406,0.85728264
18.165888,0.82172775
17.47606,0.76644135
17.46382,0.7669182
17.692762,0.7993107
13.714972,1.0535517
17.887402,0.777998
17.946112,0.7882061
19.474657,1.0335579
18.481564,0.8570671
18.684875,0.8955803
17.764603,0.7504902
19.544817,1.1158066
18.30015,0.8800163
17.161362,0.7999821
19.723408,1.0385761
18.63252,0.917017
17.224571,0.80278206
17.736341,0.76826286
19.522093,1.268795
19.12771,0.88210297
17.422087,0.7933216
19.987253,1.495678
18.448963,0.85977364
17.6642,0.769619
17.057886,0.9993744
17.832994,0.7783222
15.942109,1.0432358
19.089743,0.9371948
19.706917,1.2454243
18.212685,0.8286152
19.250023,0.96691704
17.757372,0.7755642
16.795391,0.9926796
19.525133,
17.406624,0.775753
12.899916,1.2299204
17.976711,0.8389778
15.051353,1.0895252
17.93378,0.78476334
18.171434,0.77739143
17.525646,0.76301
17.866508,0.77542114
18.87869,0.9637337
17.057657,0.8379669
19.247414,
19.562975,1.1326427
18.955965,
18.641565,0.80319595
17.90834,0.78954506
13.864013,1.0400047
11.264646,1.8308458
19.058207,
19.243114,0.98483276
17.737194,0.80975914
17.014585,0.84075165
17.986647,0.79686356
14.28025,1.180769
19.91364,1.2400265
17.349764,0.7775936
18.356663,0.882885
17.814756,0.7614403
19.253408,1.0012074
19.983303,1.1053696
14.590701,1.1198483
17.823818,0.7920513
13.9220705,1.1960878
18.223501,0.7700844
18.198816,0.8123684
18.802982,0.9327755
17.99114,0.76486015
19.506678,
19.491734,1.1092358
17.226492,0.7980423
19.01229,0.94390106
17.713646,0.7732506
17.839,0.7917061
17.720722,0.7722111
19.443195,1.0888329
17.944077,0.7821884
19.966896,1.0456944
19.6713,
17.470196,0.76844025
16.063091,0.71698093
19.263063,1.0573921
16.413486,1.026104
17.876617,0.8027954
18.946568,0.8815193
17.840809,0.7679024
15.5214815,1.057415
17.65406,0.75892067
19.375923,1.0669727
19.676113,1.0781212
18.512373,0.79986763
18.027954,0.7843933
19.162066,0.87849426
17.213274,0.80272293
18.594784,0.94337654
16.093004,1.0410633
18.590786,0.89699554
17.682375,0.7707691
19.453716,0.9445343
17.939384,0.799448
17.490112,0.7739887
16.963808,0.92596436
12.703805,1.2893229
17.420727,0.7656193
18.994154,0.9121609
19.154343,0.9804535
18.52961,0.8284035
18.541906,0.8532467
18.952007,0.9428654
19.23931,1.0254459
18.896145,
18.691952,0.8653221
16.979347,0.9069958
19.165022,0.97649765
18.68361,0.8360081
18.296392,0.8517437
18.905922,0.9803982
18.515596,0.8329773
19.004257,0.9666748
17.43285,0.8043537
17.250072,0.7948551
19.159966,1.0420303
19.363985,1.1749859
19.80656,0.8129997
19.125736,0.91615105
18.680012,0.9503269
19.012098,0.907259
18.073845,0.82878494
18.817776,0.8723488
18.54454,0.87530327
18.022608,0.8468056
17.981308,0.77334785
19.14885,0.9209137
19.842358,
19.579384,1.0880585
17.213554,0.79023933
14.344363,1.1791973
18.513035,0.84682846
14.246086,1.1635103
19.481852,1.0536861
14.257638,1.1537685
17.57273,0.8075409
17.069834,0.77527046
13.891851,1.0255394
13.97332,1.2018156
18.698954,0.9649048
18.788002,0.57431984
16.289095,1.0670986
17.543808,0.76880836
19.976662,1.1869812
18.096003,0.7645569
19.892649,1.1036358
16.99183,0.9299793
19.985031,1.5178947
18.816858,0.9216213
14.874503,1.1061239
18.036213,0.7845726
14.796312,1.1102562
16.89459,0.9660034
19.047823,0.94169617
17.828268,0.8055935
14.86104,1.1221457
19.086475,0.90916634
18.794321,0.9081707
17.939602,
17.40881,0.79423904
18.137527,0.8494873
18.388874,0.8578739
18.879866,0.8548069
17.955948,0.75943756
17.916872,0.84272766
17.357536,0.78756523
18.51088,0.81718254
17.456764,0.77599144
17.809593,0.77039146
18.614214,0.81261826
18.114979,0.7854252
17.309881,0.7689247
18.556618,0.81155014
17.457125,0.7782936
17.632986,0.75198364
18.795435,0.9923973
14.649613,1.1074018
14.012066,1.1850243
18.568674,0.86779785
19.61009,
18.151669,0.81775475
18.496729,0.84497833
14.824572,1.0997238
18.321693,0.8825588
19.435009,0.87392426
17.4096,0.7751808
16.133297,0.97627354
17.917648,0.7591839
19.135416,0.85268974
18.194233,0.8243904
18.077562,0.81695366
18.459856,0.83198357
19.083418,1.0184402
19.57583,1.2354355
16.095915,1.0277319
19.603647,0.9712467
18.079132,0.782135
17.35155,0.7697754
13.80473,1.0453377
18.060205,0.7987881
17.022057,0.8605118
17.524307,0.7606621
17.13431,0.7709656
18.91138,1.0021572
18.09795,0.7930641
17.89856,0.8119049
19.1022,0.832983
17.623987,0.7751198
19.275978,1.1380424
17.676846,
17.434855,0.7490959
18.474215,0.77497864
19.309738,
13.951695,1.1940594
18.564608,0.7633629
16.181725,1.0203867
19.033237,1.0571041
19.276379,1.5013981
14.217063,1.1654558
17.501673,0.7628231
18.414175,0.8343048
18.860685,0.93637276
17.072098,0.82400894
14.136105,1.1729841
17.380236,0.7927437
15.663288,1.0668278
17.230516,0.77194595
19.385439,0.92443466
14.354507,1.1473455
18.001616,0.7188549
19.423918,1.2324982
18.029642,0.8628063
17.954412,0.77713966
16.584435,0.9547777
19.829039,
17.268267,0.8263283
18.722305,
17.228731,0.7696686
18.065985,0.8084316
18.611618,0.9004116
14.147128,1.2035398
17.469627,0.77464294
18.949827,
18.639145,0.9118843
18.214806,0.8085518
17.675192,0.7347393
19.21148,0.9625778
16.989872,0.91711617
17.748075,0.8340187
18.950079,0.86642265
17.189219,0.79385185
18.192387,0.81425095
18.022655,1.0326977
18.69791,0.83732796
17.960068,0.8238621
18.12897,0.8241272
17.490824,0.75902176
18.61087,0.90097237
17.945795,0.82136345
17.218958,0.78554153
17.868998,0.78038025
17.489014,0.7954941
13.862861,1.0307922
17.428469,1.0977936
16.996494,0.87394905
18.474874,0.937397
18.912643,0.8798256
18.037296,0.8746872
19.235708,0.9475708
17.130896,
13.914072,1.1877604
18.064259,
14.58058,1.1249886
17.66797,0.83613586
13.856388,0.9774351
13.815459,1.0455389
14.23885,1.1396322
17.140495,0.81048584
18.067257,
15.633596,1.0742941
17.948893,0.8075657
17.76656,0.80509377
15.793439,1.0495882
19.583836,
18.672758,0.92520714
14.985609,1.1266098
18.752314,0.8394394
19.21656,1.1788692
16.96604,0.91531944
13.859438,1.0235901
18.888334,0.66299057
17.959343,0.8323841
19.217789,0.744133
17.501795,0.7781429
18.485794,0.6571312
16.507395,0.97675514
17.94532,0.7691879
17.942352,
17.09862,0.8228378
17.807795,0.78938675
18.784956,
18.148241,0.8593235
17.68761,0.77718353
17.213394,0.75639915
19.526653,
18.0642,0.8497448
17.80002,0.76193047
18.920538,0.9128628
19.42114,1.0145664
17.303288,0.7680588
17.81807,0.76966286
19.220808,1.0555115
17.164917,0.78879166
17.566296,0.7178116
15.595721,1.0560932
16.945353,0.9368572
18.21087,0.79628944
18.697298,0.8840046
18.641794,0.93297195
17.744598,0.77036095
17.10305,0.82862854
17.25208,0.7776642
18.655897,0.8483658
18.357714,0.8361416
18.671667,0.86003304
18.848919,0.95199966
17.338226,0.78995895
18.002022,0.797966
16.91375,0.94010353
17.93526,0.7805176
14.763943,1.1161289
17.781336,0.8011646
18.48045,0.8646717
17.638556,0.7711849
19.137081,0.99936676
19.43659,1.062149
17.912573,0.8172436
18.636827,0.8796234
19.809072,1.2340508
17.639849,0.78909683
18.840137,0.8826866
19.343466,
18.610905,0.89515686
17.69726,0.76872826
18.979883,0.98521996
17.237938,0.7829571
19.6455,1.0986347
18.14327,0.814764
18.658644,0.93268776
19.71188,1.0827332
12.177439,1.4908047
18.65725,0.86585426
19.278566,0.9924946
18.309807,0.8217964
19.301846,1.0896931
18.427338,0.8451557
17.069427,0.83498573
18.607372,0.87994766
18.17659,0.8276615
18.13595,0.8097782
18.328241,0.8281822
18.169565,0.82715416
17.730362,0.7664604
17.985353,0.80971336
17.726614,0.7899761
18.413338,0.82896805
17.641771,0.76636696
18.049171,0.8050308
18.036148,0.80667114
18.584381,0.8288021
17.622818,0.77552223
17.29814,0.7816639
13.839233,1.0533781
17.555235,0.7592392
18.620218,0.8820667
17.713789,0.7566986
19.752867,1.0663815
19.945917,1.3690872
16.208342,1.0480757
18.630442,0.8562603
18.468483,0.83587074
18.054789,0.8252888
17.202509,0.8116436
19.141203,0.9872303
16.551414,1.0169363
18.507328,0.8667183
19.186148,0.9942856
17.715363,0.7857132
18.504318,0.8846092
17.56037,0.7684612
18.132753,-0.4763527
19.832197,1.2986202
19.022865,0.9573326
16.483967,1.0022326
17.070526,0.81212425
16.901688,0.9555073
17.293865,0.783144
17.006094,0.8877106
19.81566,1.1473808
17.743244,0.7812729
13.869761,1.0628853
17.515715,0.7752514
17.122755,0.8063431
17.785465,0.77713203
18.447027,0.8148289
19.013899,0.99772644
18.847063,0.9508209
17.543356,0.75769806
19.740845,1.1639004
18.023825,0.81806755
18.80912,0.82377434
18.988564,0.98752975
18.932026,0.9729748
17.916636,0.75574684
12.490467,1.4690342
18.486406,0.82828903
17.932798,0.8154888
17.724215,0.75603676
18.25075,0.8156109
13.889632,1.0196218
18.828558,0.9318714
17.89051,0.7548351
18.289476,0.8811588
18.200634,0.80059624
19.18411,1.0245361
17.896584,0.76848793
17.5344,0.7932968
19.927057,1.1487408
17.625101,0.7625599
19.637451,1.1311779
17.293217,0.78770065
17.857553,0.7744942
17.225716,0.7919884
19.510794,1.0781918
17.81399,0.75400543
17.698662,0.75380135
17.541452,0.8027077
18.011171,0.8058853
13.860906,1.0224428
19.413723,
17.689854,0.77913475
17.448954,0.8192692
18.381168,1.1361027
18.798325,0.8978882
17.967522,0.7924423
19.01641,0.8794632
18.303543,0.82242584
19.449276,1.0861797
18.122078,0.9180794
18.237183,0.8171921
18.846388,0.8304405
17.190067,0.79332924
19.884151,1.0651016
17.514486,0.77636147
17.370775,0.81882095
16.417103,1.0395346
18.22648,0.8342476
18.979149,0.98161125
17.463863,0.7717476
16.753532,1.0131912
18.143574,0.8066025
17.800713,0.7781086
19.022854,0.89809036
19.09642,0.9464226
13.735309,0.9699125
17.18322,0.80140686
19.2559,1.0348225
17.33222,0.8107643
17.832478,0.82191086
17.237923,0.7813606
18.506212,0.8690338
19.194712,1.0725784
17.994576,0.78878784
15.807071,1.0697851
18.86159,0.9430828
18.75101,0.96429443
19.203983,0.9838772
18.309248,0.82185936
17.386154,0.7558403
16.980207,0.9489956
18.894926,0.92199516
15.74677,1.0527878
16.26919,0.98172474
17.65581,0.777277
19.214417,1.0704365
19.481846,1.172535
18.367655,0.8057556
18.252197,0.79701424
17.176363,0.79343605
18.87305,0.8709488
17.82154,0.7594433
18.46432,0.8557186
17.950897,0.7766228
19.209877,
19.130152,1.0506649
15.562768,1.0593042
18.67305,0.8574486
18.134909,0.9168987
16.38437,1.0264959
18.361832,0.7964153
18.693336,0.9335823
17.510757,0.7321644
16.301868,0.86242867
17.400156,0.78591347
17.205772,0.7918396
16.30542,1.0413885
18.22404,0.8942795
17.954329,0.81324196
19.292053,0.9902344
18.234509,0.82623863
17.9387,0.834486
18.1286,0.78806114
17.375223,0.78549004
18.594782,0.9009819
17.005844,0.9516239
15.739952,1.0477705
18.023499,0.7934551
18.465187,0.8861027
17.042784,0.8393841
17.347,0.7765217
18.326756,0.7709675
19.351032,
18.330519,0.80841637
17.508213,0.76965714
13.837832,1.0413046
19.741304,1.0553532
18.249805,0.7903824
18.457514,0.8103695
17.853575,0.7853565
15.413132,1.078228
18.09053,0.8401947
18.745703,0.84516525
19.041101,0.9730377
15.556203,1.0698414
17.15163,0.79797935
18.156725,0.81599236
19.959208,1.0371647
18.72024,0.95736885
18.795906,0.7324619
17.0129,0.94906044
18.255135,0.84537315
16.92943,0.9126034
17.710894,0.7888527
18.5725,0.84742737
19.607094,1.105484
17.605574,0.7625923
18.44547,0.8754654
18.20945,0.8300972
18.48142,0.90450096
18.67115,0.8750477
18.442871,0.8451195
17.976849,0.8263817
15.888067,1.0346317
18.000526,0.7909317
17.607388,0.7545624
16.35536,1.0500011
18.09396,0.7559128
17.0412,0.90690994
17.915888,0.79224586
17.531376,0.7657337
18.99133,0.8865986
18.419512,0.84334373
18.559603,0.8467045
18.530334,0.8920326
18.248178,0.7993717
17.984827,0.7942734
17.2637,0.78515434
16.184582,1.0509043
17.3437,0.77440834
18.498037,0.8921547
17.837719,0.7585335
18.596212,0.86535454
19.100521,0.9704056
19.15389,1.1214657
18.216793,0.81127167
17.985462,0.846323
17.603796,0.8219719
19.36546,1.1609421
19.129513,0.95752335
19.559332,
17.465996,0.75654984
19.28538,
19.379498,0.86668587
17.160158,0.8064003
18.705336,0.92067146
18.842575,0.9082222
13.884473,1.0803671
17.662323,0.78134155
16.530104,1.023201
16.34518,1.0195866
18.974243,0.84697723
18.340435,
17.389776,0.7502384
19.087189,0.854229
18.3672,0.82769966
17.873425,0.77160454
14.525053,1.1324644
17.040796,0.8152504
18.702732,1.0328197
11.061721,2.0253468
17.95598,0.7607193
19.664349,
18.468887,0.7900467
18.285265,
18.896145,0.99025154
17.267384,0.8000622
16.989927,0.9151745
17.339657,0.7972183
17.730715,0.9156189
17.494331,0.78401566
13.825127,1.0268698
19.0785,0.9994259
19.930367,1.1475792
14.525502,1.1465454
18.571932,0.8682842
18.81866,0.892149
17.950249,
18.016718,
17.918507,0.77692795
17.825165,0.7866802
19.398129,1.0593815
18.782654,0.87047005
18.391682,0.8830929
19.796192,
17.222933,0.78907204
16.75182,0.99668884
17.646172,0.7739277
19.189518,0.9104748
12.564503,1.4235907
18.69332,0.8518238
17.643484,0.76390076
17.382872,0.78022385
17.921162,
17.70039,0.79183006
17.398235,0.7912121
17.87956,0.8012676
17.377369,0.79133034
17.291164,0.76475334
14.236247,1.1595383
17.220125,0.7945881
17.545889,0.8019657
19.359344,
18.702917,0.8945427
19.256956,1.1067829
17.196842,0.7999821
17.753479,0.7470875
17.777836,0.75639343
18.765852,0.91261864
17.312773,0.8254185
17.448757,0.7882347
19.629906,
19.074566,
18.059776,0.8224983
17.055311,0.8524971
18.626528,0.8660488
19.47501,
17.757313,0.8037834
18.261238,0.6332073
16.952873,0.8718128
16.541977,1.0062513
17.982042,0.8142128
17.580074,0.8039665
16.555956,1.015131
18.413902,0.8412361
18.344128,0.8901825
18.568138,0.88292694
19.424215,0.9594059
17.256392,0.8062649
18.085068,0.8110008
17.00706,0.8883362
17.360786,0.7720642
19.274654,1.0497761
17.422976,0.78936005
17.558168,0.75824547
18.03767,0.823246
17.662374,0.793375
19.74366,1.1869526
17.652191,0.7872982
17.030773,0.90400505
17.723217,0.7801018
19.328941,1.0586662
19.042881,0.9492035
16.96708,0.94289017
19.422316,1.1082039
17.390339,0.75642395
18.080603,0.82655334
19.927853,1.0598354
19.611254,1.0997009
17.995636,0.8353615
19.407122,1.1251163
18.545038,0.90371513
19.734112,1.2133579
17.055326,0.8205166
16.727695,0.9822464
18.691156,0.9076748
16.687716,0.8208313
17.003199,0.8775158
18.156183,0.81383896
17.66987,0.8179474
18.994703,0.99983025
17.949905,0.7652397
17.622099,0.7774601
18.771223,1.0652294
18.878128,0.9750366
17.883213,0.86398697
18.598194,0.85910034
18.891321,
18.727146,0.870821
17.178236,0.7954464
18.348341,
16.36276,1.0425253
17.039465,0.8522568
18.03868,0.7672157
18.61047,0.8909836
18.824959,0.87015915
18.976332,
18.252527,0.8402748
18.268406,0.88609695
17.619547,0.7784653
19.82605,1.0598106
18.680603,0.8634224
17.215956,0.78405
17.894854,0.76807594
18.945198,1.0091515
18.802547,0.88420296
17.423115,0.77659035
17.31226,0.79075813
17.051434,0.8306923
17.066338,0.8714752
19.587431,0.9234257
18.204275,0.8353176
18.950994,0.9365959
17.289366,0.7704735
18.218565,0.8391857
17.977995,0.9344063
17.99184,0.76799774
18.669792,0.9297981
17.524347,0.7709427
16.169079,1.050024
18.857323,0.9430351
19.42647,1.1097126
19.076963,
17.89283,0.7780266
17.198826,0.7810135
18.080467,0.8116226
17.102997,0.7993946
19.766819,1.1535091
17.37921,0.7729378
19.26579,1.0245304
18.886864,0.9835949
18.343143,0.86686707
17.439344,0.7886238
18.698807,0.88093567
17.516466,0.76206017
19.708025,1.211649
15.886069,1.0358582
18.27178,0.83172226
18.993965,0.99762344
17.402563,0.8068428
14.272431,1.1846514
17.177826,0.77677345
17.711166,0.77323914
19.900692,1.1896057
16.980524,0.93948174
19.047606,0.85326385
17.693457,0.76434326
18.366003,0.8495064
17.1557,0.8065872
17.43509,0.7808075
18.760693,0.9036617
19.922297,1.374651
17.600332,0.77314377
14.293287,1.1659555
18.846222,0.9617691
17.157747,0.8011799
18.133165,0.84194946
11.605413,1.6962986
18.644901,0.86195755
17.662895,0.7622738
18.495865,0.8441448
19.188198,0.9856186
19.535397,1.0865402
16.704926,1.0195065
19.792564,1.130022
17.820763,0.78616333
13.231208,1.2718096
18.334448,0.8035526
17.670963,0.7887192
17.373285,0.7530308
18.986,0.9283867
17.994293,
17.47225,0.77061844
18.122074,0.8021202
18.18211,
19.252628,1.0081596
17.515245,0.7507477
16.000912,1.0420752
17.172794,0.8143711
18.539848,0.84541893
19.212723,0.9815712
18.820673,0.9117527
19.758026,1.0856743
19.197933,1.0837593
18.686409,0.92565155
18.587233,0.8690605
18.458994,0.8264427
16.3887,1.0349016
17.135107,0.80246735
19.724056,
17.431768,0.7605305
19.459633,1.0117798
18.722918,0.8437538
18.531801,0.8441429
19.31222,0.9939194
18.394272,0.82444954
18.438177,0.8502903
18.486273,0.88323784
13.215492,1.3147669
19.277826,1.0480709
18.921642,0.8319969
19.15829,1.0248489
16.921204,0.94937134
17.52356,0.86444473
18.843351,0.8956661
17.773865,0.785635
17.422234,0.78775024
16.908731,0.99473
18.615992,0.85907364
19.121685,0.9240284
16.786648,0.99642944
19.379019,1.0660915
18.004091,0.8198681
18.189047,0.7864132
19.443123,0.960516
17.714449,0.7554035
15.082775,1.109479
17.990261,0.7790451
18.553932,0.8436661
16.277742,1.0237808
18.292828,0.8179798
17.089802,0.8677063
18.888817,0.9024086
16.47069,1.0172796
17.463076,0.76143837
18.848295,1.0081215
18.469877,0.88059044
18.246717,0.86738014
15.7590685,1.048872
18.977064,0.98778725
17.49334,0.7698517
13.817342,0.98032475
18.858223,0.9748192
17.85182,0.77134323
18.512882,0.8502884
18.28538,
16.9561,0.9298725
15.12502,1.089715
17.75854,0.7914257
19.386967,1.0579224
17.64626,0.7809162
15.688495,1.0677252
19.727112,1.0178127
18.97655,0.9829807
17.680534,0.7535057
18.551497,0.8409767
19.11341,0.99230003
18.664621,0.9675865
19.589947,1.5283604
18.519815,0.8711662
17.66206,0.776392
18.73798,0.8535099
18.43628,0.8754406
19.679972,1.1863117
19.875433,1.115696
14.294129,1.1511078
18.885138,0.9304123
19.086512,0.9321213
18.380392,0.821928
17.902258,0.81427765
17.152164,0.79914474
17.197216,0.80545807
16.997232,0.9284744
17.780281,0.7911968
18.438124,0.90457535
18.636028,0.89728165
18.38083,0.8000889
19.55635,1.220829
19.354063,1.1005402
17.174536,0.8026581
18.75366,0.88697624
17.837112,0.7764263
17.155159,0.8282852
17.754192,0.78692436
17.194279,0.79488754
18.567524,0.8580513
19.235685,1.0024891
19.12134,0.9752884
17.716732,0.7915764
17.86614,0.8105297
18.287395,0.78489304
17.104013,0.789608
17.603415,
17.209122,0.785656
17.57214,0.768919
18.788843,0.87268066
17.595322,0.76195145
17.743847,0.7705612
13.854846,1.0042963
17.167233,0.77474594
15.658927,1.0430269
17.329163,0.79589653
19.118048,
19.281935,0.84041595
17.398478,0.74949646
17.795021,0.76815414
17.521759,0.77882576
14.525324,1.1451206
18.386307,0.92123795
16.392952,1.0101538
18.931198,0.97465134
18.133884,0.8804455
19.849495,1.0667534
18.666616,0.86231804
18.082253,0.81567574
18.40123,0.87148094
15.30067,1.0763168
19.744389,1.230587
18.65157,0.94166565
17.3665,0.7934017
19.432474,0.9928913
14.412586,1.1552744
17.973984,0.82985497
17.648565,0.7489433
18.932802,0.9731369
16.896294,0.9825115
17.571629,0.7603569
18.236809,0.8332939
19.978083,0.9629059
17.350798,0.7701721
12.103863,1.5381746
18.496855,0.9140663
17.0644,0.80825806
19.634583,1.212904
17.542528,0.7484169
19.245287,1.1831837
17.166801,0.8102398
17.462986,0.74967194
18.010117,0.7930336
12.882405,1.3491783
18.484272,0.7495804
19.046537,0.96424484
17.631313,0.78351974
18.289688,1.0914402
19.124088,1.0986519
18.838633,0.9233208
18.572233,0.9459801
17.446379,0.8022156
18.395964,
18.639915,0.79527473
18.704163,0.7180271
18.065252,0.91940117
13.844069,1.0166321
19.67915,
19.275906,
18.164082,0.8105469
19.200169,0.8642025
17.670551,0.7894325
16.775595,1.0080967
17.71895,0.77298737
19.044628,0.92819023
17.718922,0.7573471
18.280958,0.8732548
18.550476,0.82538605
17.824402,0.80870056
19.231169,1.0510368
17.030506,0.9316921
18.891409,0.8561058
19.09434,0.97346306
18.210495,0.80464745
17.84555,0.743309
17.080906,0.8025131
18.24417,0.85219
17.202297,0.813715
19.322886,0.9213486
18.827635,0.8848362
18.774109,0.9654789
19.941452,0.96268845
17.173763,0.8059349
13.898807,1.0592365
17.745928,0.7825222
18.189524,0.8017349
19.542976,1.1140194
16.108236,1.0382452
16.936447,0.9701252
15.565001,1.0711842
17.39393,0.7821789
19.676054,0.99269295
18.23528,0.84739685
17.006557,0.89295197
18.004261,0.83893394
14.175626,1.1928635
18.689777,0.90821457
17.829605,0.7657547
17.514887,0.78281784
18.255388,0.80051994
17.029749,0.8939724
18.957197,0.9873142
17.431448,0.7723255
19.728767,1.1372776
19.512878,1.0459995
17.960505,0.79774666
17.443512,0.7612953
18.29055,0.93293
17.682522,0.74313927
19.795347,1.1773739
18.627338,0.86961174
15.115323,1.0886087
19.350023,0.86266327
17.648384,0.7509842
13.875829,1.1006784
19.13079,
18.119951,0.77851486
18.642063,0.9219723
17.33707,0.7849617
18.192787,0.5774956
19.612446,
17.445114,0.7737808
17.998013,0.849102
18.01494,
17.363773,0.9379959
19.067911,0.93798256
17.209137,0.8421593
16.451561,1.0188828
19.451904,0.9414997
18.777243,0.8048954
16.998304,0.857687
19.056368,
17.484016,0.8388939
17.611788,0.7659035
18.668743,0.8679619
17.34845,0.706728
17.532736,0.8028908
13.861079,1.0251856
19.921698,0.52059174
17.016033,0.83503723
19.41309,1.000164
15.35135,1.0615244
17.005049,0.9217434
19.581057,
13.89762,1.076971
19.023039,0.8802166
17.968142,0.8211994
18.295532,0.8434696
17.807364,0.7567692
18.62372,0.8436508
17.91699,0.74484634
18.035261,0.76455116
18.563658,0.86348724
17.990973,0.81728935
16.979944,0.89012337
16.995245,0.8532524
17.936684,0.79161835
19.81448,1.1987343
17.309254,0.79221535
15.162291,1.096343
19.65484,1.2081776
18.981846,0.9226341
19.362276,1.1081543
18.244356,0.8137913
19.29616,1.0473251
18.058136,0.80371666
18.870079,1.0588665
12.795088,1.2897482
17.75046,0.78808594
19.300108,1.0665684
16.259676,1.0573864
19.074532,
19.180368,0.95508957
17.994902,0.77750397
17.0293,0.9361267
17.883123,0.7925148
17.014263,0.8675461
17.540565,0.77254295
19.091858,
17.612944,0.7732334
17.27005,0.78962135
19.782412,1.2554569
19.509447,0.94690895
17.70644,0.7717571
17.345024,0.765152
17.555834,0.7703686
18.352842,0.8672905
19.314375,0.9835186
17.729382,0.78030014
17.507988,0.80275345
19.201511,1.0848675
15.684252,1.0711355
18.708803,0.8743954
18.647957,0.89128876
17.800861,0.7527199
19.22296,0.9299755
19.924505,1.2522068
19.078304,0.99051666
17.539238,0.8007736
19.888687,1.084032
18.952326,0.9221916
17.58542,0.7859936
16.589582,1.0199585
17.841072,0.7844944
19.622486,1.1539917
14.074978,1.1965971
18.474834,0.8573494
18.897142,0.90317726
18.56004,0.8773346
18.074062,0.813591
17.588608,1.0600586
17.789856,0.8221626
18.363064,0.8495083
12.823259,1.2641363
19.162594,0.95441437
16.591839,1.019763
18.815195,0.9202461
17.834707,0.80667686
19.652285,1.0983963
17.666126,
16.871405,0.96957016
19.069757,0.94473076
15.591606,1.0530891
18.937878,0.96650887
17.686329,0.7710571
19.769575,1.1073704
17.47635,0.7824516
19.303692,0.9259834
12.849976,1.3978815
15.784459,1.0359335
18.08862,0.795475
17.967531,0.7918148
18.432478,0.8367977
16.261866,1.0199127
17.282763,0.7844219
18.044977,0.7782707
16.931969,0.95492744
19.625261,1.1098213
18.171242,0.7892971
17.669909,0.78136826
13.882459,1.0405979
17.49439,0.7600918
19.016672,0.95859146
13.821572,0.9915695
18.39488,0.82665825
17.725899,0.7861481
17.399876,0.8083153
17.498064,0.7572956
14.34622,1.1571922
16.976778,0.9004631
17.444183,0.78565025
17.736021,0.7545128
18.503971,0.7841778
17.828398,
18.086224,0.8360214
16.793625,1.0118275
17.281609,0.7733097
18.846245,0.89788437
18.961996,0.88336754
19.406103,1.0096169
16.57438,1.0699091
18.314377,0.824564
18.84569,0.89980507
17.781496,0.782362
18.30614,0.8348236
16.968885,0.84506416
13.876761,1.0219994
17.467075,0.7520046
17.550037,0.7452755
19.477373,0.98547554
18.13714,0.7996254
15.624778,1.0747137
17.06989,0.81739235
19.617395,1.1741447
18.931814,0.877676
17.469744,0.7620182
17.815441,0.7927742
19.616323,1.0158997
18.219847,
18.375465,0.819664
19.91835,1.0617371
17.937592,
19.73076,1.1954937
17.714756,0.74390984
18.573046,0.8447666
19.32244,
15.8441725,1.0392303
15.51803,1.0761318
19.004604,0.80667114
18.41043,0.9341316
17.695871,0.77604294
17.935461,0.7595558
18.187159,0.7997341
17.90878,0.79052544
17.935797,0.7791405
19.08854,0.9718399
12.701943,1.265398
17.699587,0.67756844
18.31082,0.79611397
19.70622,
17.779676,0.758728
18.675892,0.8491726
19.999939,1.2578888
19.370817,1.0444546
19.38319,0.96531296
18.816357,0.8730202
17.530766,0.8023262
18.186636,0.81812286
18.693796,0.8710041
18.271868,0.8528118
18.184273,0.82045937
17.681074,0.78342056
16.731146,1.0111198
18.907206,
17.172827,0.78876877
17.164082,0.8053875
17.257612,0.7662811
19.789703,1.2521133
18.440351,0.8052826
17.976864,0.7927666
18.003145,0.7986965
17.188646,0.7913971
19.906054,1.1532345
18.177546,0.83559036
17.77513,0.75907135
18.30141,0.88539886
17.330185,0.77518654
18.246176,0.82407
17.367289,
17.35884,0.7659435
17.142612,0.8004322
19.344027,0.9679642
19.712801,
18.263834,0.8427944
17.788174,0.7412491
15.737636,1.047965
17.927864,0.7977028
13.94093,1.1884432
18.67623,0.9023094
17.094864,0.7953911
19.83388,1.2232437
18.258785,0.86590576
19.85693,1.2058048
17.586647,0.760025
17.024097,0.8599167
13.894116,1.0598946
16.985607,0.8712158
17.805775,0.73636246
19.279646,1.08778
17.873789,0.8237572
17.659412,0.7763958
18.593544,0.9230118
18.278011,0.85093117
17.988655,0.7949791
18.320093,0.8202286
15.421337,1.0656586
19.24522,1.0018578
19.733917,1.1494961
18.876305,0.9444275
18.181578,0.884449
19.505917,1.1873894
18.530426,0.90901566
14.906287,1.1250229
17.973885,0.7841835
18.203997,0.8270035
18.876804,0.89925957
19.305996,1.0206032
17.747787,0.7826309
17.698174,0.7715473
18.38154,0.8748932
16.990826,0.6428795
18.489914,0.8542671
17.047586,0.84316444
15.812665,1.059825
18.961252,1.0149345
18.466837,0.8216591
18.536259,
18.38348,0.79585075
17.738075,0.76579475
19.785501,1.2769318
17.331041,0.77770996
19.70762,1.1439877
17.065182,0.8208122
16.503452,1.0181952
19.17135,
18.410847,0.795866
13.194146,1.3068247
19.14776,0.83449554
19.7716,1.1237297
19.75394,1.1030827
17.600317,0.7883282
18.772797,0.894804
17.62454,0.7988701
17.725138,0.7925167
18.133827,0.77285576
17.690018,0.79886055
17.129015,0.78718567
18.101526,0.76189995
15.138978,1.0896063
17.610868,0.8131523
18.565739,0.8750706
18.322996,0.79512024
19.298367,1.0672436
17.788704,0.77614594
18.620598,0.85266685
18.113369,0.7978592
18.3548,0.7865753
17.521166,0.78152275
14.477027,1.1389666
16.857023,0.9730015
19.124443,1.149435
15.926787,1.0380316
18.084387,0.79719734
18.002234,0.7422161
18.501225,0.912632
17.189796,0.8456249
17.623964,0.8327694
19.510605,0.97472763
18.197382,0.73408127
19.191267,0.74720764
13.646906,1.0753012
18.38421,0.8730755
18.189764,0.79255104
18.481077,0.7981453
19.824066,1.6125965
18.614676,0.8984947
18.501686,0.8331127
18.314447,1.0530376
17.915653,0.8093395
18.166729,0.8005867
18.294384,0.7798481
17.741955,0.75915146
18.182692,0.8428421
17.768478,0.77207756
17.405567,0.7998028
17.018082,0.8595276
18.153467,0.8035526
19.19228,
18.84732,0.75810623
12.867839,1.4026003
18.793238,0.8480816
17.856112,0.83239746
17.293135,0.80350304
18.117397,0.82369614
18.864172,0.9191818
18.100105,0.85076904
17.544188,0.7564659
17.788372,
19.114569,1.0592785
17.664055,0.8075619
18.06541,0.8050289
17.557098,0.80374336
17.219015,0.78801537
18.212778,0.7629471
16.345018,1.0283012
19.743793,1.0545864
17.12125,0.80934525
18.14462,
17.554924,0.80723
17.365747,0.756794
17.11232,0.81521416
18.973385,0.9696789
19.12984,1.1125736
19.766737,1.203846
18.685759,0.4254074
16.416758,1.0297928
15.907565,1.0341034
18.557453,
18.657999,
18.73738,
17.719934,0.7505894
12.846899,1.2548552
18.97697,0.90094185
18.03279,0.8158474
18.431376,0.81197166
17.043224,0.7747879
16.791014,0.99056244
19.237051,0.41521835
17.049625,0.8798313
17.912378,
18.300793,0.80015945
16.911621,0.96605873
18.780396,0.7728386
18.517101,1.0203094
18.87935,0.9195328
17.607544,
18.152813,0.84241676
17.737816,0.76862144
17.726837,
13.890722,1.0513363
19.468512,
18.244102,0.88879776
18.904436,0.9538708
17.095873,0.8588257
17.502024,0.7845993
18.343056,0.86514854
17.75239,
19.378614,1.0729256
13.852573,1.0021706
13.832097,0.9189768
18.598711,0.82253075
18.501549,0.8459816
19.472227,1.2188702
18.983486,
17.595634,0.7709198
17.942446,0.77583504
17.615011,0.7479305
19.002785,0.96032906
19.06019,0.75219727
18.347727,0.84311295
18.98235,0.8895817
18.660536,0.88243675
17.451445,0.7833519
19.340471,
15.391177,1.0646067
18.386063,0.8526459
18.735718,1.1002922
15.116755,1.0819521
18.06882,0.8679199
18.851295,1.0922222
18.579878,
17.803747,0.8198166
13.842001,1.1988239
17.139093,0.76773834
18.239939,0.87293816
13.893703,1.0557184
17.404167,0.7993469
11.218553,2.1701288
18.633867,0.93691444
16.614014,1.0441427
16.958687,0.8929577
16.757187,0.97384644
16.421803,0.99868774
18.012451,
17.11572,0.7784977
18.125368,0.82835007
16.543972,0.9954405
18.063833,
19.090408,0.9023514
17.829737,0.78458977
14.689684,1.1127319
17.828838,0.81098175
14.951798,1.1006451
18.630127,
18.76892,0.86183167
17.722155,0.8075657
19.022997,
17.463737,
18.43556,0.7980938
18.7771,0.9164753
18.036442,0.79634666
17.671415,0.7565651
17.420248,0.76828766
16.332129,1.0182438
17.108063,0.8192692
16.300705,1.0079126
18.277967,0.70427513
17.443373,0.7846279
17.976902,0.7801838
16.664291,0.95883465
16.97986,0.90890884
15.072966,
17.646128,
13.794489,1.0007486
18.47535,
17.70538,0.9199028
15.78448,1.0385828
11.621384,1.6584988
16.694712,1.1007605
13.41853,1.2577839
17.3424,
12.020855,1.495368
13.86123,0.9794903
12.348848,1.2835684
16.438059,0.95256615
14.52714,1.1103516
10.999177,2.006339
13.759824,1.0450144
17.077728,0.8334923
17.109705,0.7238388
16.374264,1.0145369
17.434034,0.82563305
17.447613,0.7757549
16.988695,0.9454384
17.039602,0.8316059
17.248934,0.73420525
13.6987505,1.0545492
17.163206,0.82626724
14.407032,1.1433554
19.706247,
17.470285,0.8394966
17.845999,0.80631065
15.163406,1.0847025
18.390684,0.88056374
17.58612,0.7601738
19.650118,1.2008648
19.166288,
18.064383,0.7970314
17.50659,0.7143612
17.660343,0.7632656
18.177334,
11.451906,4.3393936
17.578062,1.1785069
16.991665,0.8451729
17.05578,0.6557703
13.888773,1.0389309
17.69881,0.810112
18.404495,0.4649048
16.998352,0.8263941
17.992239,
13.087092,1.310401
18.320444,1.0269299
17.805416,0.71575546
17.982157,0.8391018
18.677473,
18.185696,0.83634186
16.21358,1.0363417
17.94762,0.77848434
19.390305,1.7002735
17.373377,0.7489147
19.05774,0.94911194
18.43363,0.74307823
17.514757,0.7719059
18.208689,0.8135643
17.355001,0.7621002
17.833023,0.76634026
19.304398,1.0198021
18.51862,0.87168694
17.01793,0.85767555
19.294535,1.0173702
19.912043,1.2178783
14.305109,1.168355
18.729296,0.8773556
17.414377,0.77833366
18.749748,0.8208008
19.007341,0.9414406
19.078318,1.0269623
17.862478,0.8192768
14.251983,1.178812
16.060314,1.0231409
16.973904,0.91347694
17.725931,0.77121544
18.182106,0.76885796
17.892925,0.79792595
19.788517,1.1113224
17.80905,0.76060486
18.030579,0.75891113
17.015089,0.87327766
17.261026,0.78764915
18.924866,0.9426422
17.47911,0.75357056
18.677738,0.91353035
17.052353,0.8402405
17.992086,0.7916069
16.647026,1.0155106
17.545519,0.7602501
17.860048,0.764761
18.209322,
17.125957,0.81840706
18.639233,0.85538864
19.247335,1.0185814
18.084171,0.81349945
18.49698,0.9089546
18.796902,0.85209084
17.071539,0.82014465
17.18219,0.77926064
19.57067,1.009243
16.897413,0.9793663
17.606264,0.77118874
17.951422,0.78105736
16.897558,0.9626484
16.005564,1.0219717
18.061045,0.79138756
18.055452,0.82686234
18.067404,0.7683811
17.096832,0.8145008
19.43145,1.2596779
19.542784,1.0538177
15.211121,1.0902243
17.721264,0.78033066
14.086562,1.1773434
17.385424,0.792469
12.429381,1.4789486
17.685352,0.797266
18.298573,0.8443947
17.075167,0.7977772
18.447565,0.8001671
18.179787,
17.165583,0.7749977
17.396387,0.7847023
19.071428,0.9883194
18.971432,0.87482834
17.19595,0.78764534
18.656143,0.8568058
18.463598,0.8360195
18.853466,0.76226807
17.28616,0.7940426
19.20521,0.9512539
16.726408,1.019434
18.13641,0.8373108
17.254028,0.756897
18.256506,0.78059196
17.696756,0.8049946
17.032608,0.8682022
14.28248,1.1598759
17.209068,0.8002262
18.54437,0.8676224
17.593039,0.81225395
19.622707,0.8796196
18.3191,0.82196045
18.914337,0.99957466
19.928774,1.2240505
17.845732,0.7698498
16.337494,0.60914993
16.461842,1.0217428
16.26651,1.0345478
17.677263,0.8031769
17.836676,0.7991886
18.429823,0.939518
19.475718,
17.840893,0.7236347
17.399624,0.7635975
18.624075,0.8258629
17.192516,0.79911613
18.888441,0.88054085
17.505575,0.7775364
17.756907,0.74666595
17.346758,0.76418304
19.75173,1.143074
17.889744,0.7783489
18.735796,1.0715351
18.130964,
19.64351,0.9330845
17.236345,0.7725525
17.268496,0.7805977
17.030184,0.8639698
17.25744,0.7897663
17.195915,0.76247406
19.003206,
17.95726,0.7889252
18.624397,0.49614525
17.98104,0.5624962
17.746143,0.80643463
13.863098,1.0679531
17.654076,0.796257
17.816137,0.7658367
16.668373,1.017353
17.985537,0.6950073
18.853573,
17.46867,0.796381
18.227964,
17.82489,
17.379614,0.72275734
13.710406,1.2126818
13.832746,1.0487852
13.858999,1.0163841
17.959692,0.78829
17.98633,
17.778845,0.87864876
17.168318,0.78629494
16.595787,0.96117973
17.45814,0.76911926
12.658106,1.3288527
17.659996,0.8406353
17.178982,0.80617905
17.026423,
10.907165,1.7735701
15.221346,1.0436964
14.8587885,1.0864773
13.806985,1.0033646
12.3012705,1.4206514
18.77531,
16.847534,0.97206306
18.09086,
18.91897,0.9207344
16.194708,
18.858803,0.8334694
18.82954,1.0301743
18.073723,0.81723976
17.264343,0.7927189
16.462992,0.9984274
17.038406,0.85985756
12.511466,1.446475
18.865974,0.97680855
19.749384,0.17259026
17.162964,0.78660583
17.020859,0.8786869
16.812922,1.0151463
17.394037,0.8238907
18.835428,0.85944176
13.424223,1.2515373
17.976513,0.83174515
17.321716,0.78889275
17.621668,0.95851326
18.041828,0.83483887
18.075726,0.68564224
17.290237,0.8743992
17.221321,0.906168
17.58591,0.98337555
17.375252,0.76335716
13.131749,1.284997
13.89407,1.0356903
17.576801,
15.674154,1.0455256
17.837523,0.8217621
18.763977,
16.85952,0.99752617
17.843248,
13.887447,1.0328445
13.887533,1.0258312
17.205692,0.73511887
17.303612,0.74412155
11.762264,1.4950533
11.728924,1.5747585
11.962845,1.4212542
18.228989,0.7767925
17.196995,0.7639618
12.021904,1.554925
13.987916,1.1772108
11.1732,1.7287893
11.976405,1.5492735
13.784146,0.9925747
13.852945,1.0281296
17.007677,0.8731804
15.937366,1.0320177
17.072506,1.2474861
17.648275,0.7830677
18.531445,
18.15007,0.75997925
17.870749,0.81682014
18.107653,
17.467192,0.8271408
17.79071,0.7529774
18.836552,0.80350876
19.202312,
16.061178,1.0433664
17.763386,0.8318672
18.080019,
17.626574,0.78544426
19.916777,
16.376326,1.0236597
13.845936,1.0401907
16.734472,0.97050095
17.591751,0.74803543
19.206226,
17.883934,0.7878208
12.556571,1.4010639
10.827193,2.2542772
17.170246,0.8120384
17.366903,
13.694147,1.0789299
10.934383,2.1321983
17.691858,
15.8983965,1.0212412
14.835886,1.1089382
13.855852,1.0390444
15.196543,1.0710268
17.303875,0.830328
17.566156,0.6515312
17.270378,0.81741333
16.299511,1.0221539
17.577768,
13.19933,1.3008814
16.662584,0.99934006
17.983528,
18.714775,0.79821205
18.812038,0.8508625
18.476376,0.7798462
19.250692,
13.4176235,1.2876453
18.24606,
17.010437,0.8700237
14.98057,1.1013432
17.503254,0.75162506
18.055252,
18.710316,0.83589363
17.167992,0.7987175
19.474283,0.86468697
17.11813,0.817667
18.370857,
18.397867,0.87992096
18.44505,0.857996
18.057213,0.7196541
19.015516,0.85684776
18.367859,0.7815132
17.539545,0.76522064
18.307674,0.85227394
17.707392,0.78834915
18.940609,0.83854866
13.876475,1.0428448
19.595715,1.1171379
17.756704,0.6988163
17.596924,0.7651825
19.663944,0.96621513
19.85705,0.7416096
17.966648,0.806736
16.580437,0.96948814
18.051205,0.8456135
17.010426,0.9015255
18.51962,0.8661232
17.495504,0.7707119
17.354197,0.76724815
19.666,1.1377449
19.071281,0.94506836
17.063921,0.8445282
17.295334,0.7650471
17.705524,0.7759304
18.63997,0.88204193
18.482843,0.8580437
17.225843,0.7894516
19.06229,0.9088497
16.62871,1.0056648
16.801245,0.9759464
18.809275,0.8751888
19.0421,0.89904404
19.18988,1.0478287
19.527838,1.1211643
18.199957,0.81308556
17.242918,0.7715473
15.853512,1.0587931
19.483095,1.0447731
18.245644,0.8171711
17.501202,0.7688217
18.189323,0.8313389
18.64401,0.9139805
17.01576,0.91134644
18.02959,0.77025795
19.783606,1.1875496
18.90686,0.8993454
17.05805,0.84259033
17.68313,0.7685909
16.990532,0.8233566
18.046093,0.76028633
17.739407,0.78725815
17.137972,0.79369354
17.647282,0.798069
19.46401,1.05509
17.791422,0.7535248
17.036987,0.87480927
19.99679,
17.70723,0.76761055
15.040891,1.1154118
18.555199,0.9041176
13.874821,1.0090885
18.871643,0.96887016
17.772942,0.7701645
19.20524,1.0146141
15.859045,1.0720673
18.92121,0.9223194
18.08134,0.76854324
17.990412,0.7957096
18.954798,0.89915276
13.609691,1.2515469
17.39301,0.76028824
17.464674,0.767828
17.924904,0.82712555
18.913208,0.9258976
18.792013,0.9231911
18.555517,0.84140205
17.423487,0.70052147
17.333397,0.8021908
18.996185,0.9802952
19.076628,0.9669037
18.146765,0.79740334
19.821941,1.1519127
19.426037,1.1815987
19.115204,0.9096775
18.687199,0.90942
19.624882,0.9102516
17.825796,0.8004017
17.381344,0.78510475
14.329496,1.1619558
17.730982,0.7897949
19.594181,1.2041492
17.141092,0.8297787
18.221756,0.80555916
19.51859,1.1343384
19.566095,1.104248
18.168884,0.79870415
19.750519,1.1409626
17.652859,0.75806046
18.834246,0.9342632
18.4707,0.8429222
18.698675,0.90415573
17.076801,0.80939674
17.814604,0.7972336
19.709368,1.1649113
17.9352,0.8644085
16.767736,0.9943428
18.756193,0.9407158
19.117325,1.0016823
18.392992,0.8953285
17.028624,0.8180027
17.03478,0.8222618
17.878092,0.78956795
17.71533,0.7717457
17.777761,0.7661476
17.336903,0.83880997
19.620787,1.0504379
17.522749,0.7608509
17.654926,0.7588234
19.2089,
18.263578,0.86826134
17.350817,0.76815224
17.037039,0.81918716
19.144249,1.1520901
15.242911,1.105403
19.48452,1.054369
18.26093,0.8037853
19.768936,1.0543079
17.44754,0.7568855
12.099036,1.4484758
19.60072,1.0610065
19.298613,1.0813255
14.192558,1.160944
17.453363,0.85722923
19.634007,1.2181435
18.420492,0.8551407
18.603565,
17.93753,0.7987728
19.663345,0.95609474
19.366701,1.0318241
18.154846,0.8289814
18.574888,0.8983536
17.774555,0.79673576
17.550297,0.78388214
18.3345,0.8400097
17.587278,0.77998924
17.664015,0.78883934
18.360256,0.76841545
17.723747,0.78256226
17.273354,0.77096367
18.13262,0.7768116
17.372643,0.78271294
19.930483,1.2937489
13.886729,1.0871229
18.532719,0.87817764
18.923996,0.9046631
17.725662,0.81928825
19.810743,1.4007931
17.577972,0.82694626
17.951073,0.8539829
13.7196245,1.224947
19.05976,0.9640217
17.7921,
17.890127,0.79265594
17.388031,0.75489616
16.952454,0.9186344
18.13537,0.8067646
18.330389,0.84265137
17.182133,0.80174065
18.501963,0.84295845
16.972013,0.9340458
18.801405,0.8710251
17.376377,0.80724907
17.813736,0.7682934
18.180052,0.78647614
14.911293,1.1226625
17.20727,0.8012924
17.188137,0.8205948
18.040081,0.79919624
17.197914,0.8051338
18.810587,0.89902496
19.680523,1.267477
18.293686,0.8264065
17.956587,0.76275635
18.241348,0.8218975
13.663653,1.088727
18.032188,0.78504944
17.365803,0.77711487
19.483269,1.1541538
18.140482,0.798666
17.626873,0.7726631
17.836287,0.78464127
19.604029,1.1428623
17.737474,0.858799
16.724125,1.0236397
17.06353,0.7951031
17.174679,0.7942867
18.199686,0.805151
18.116945,0.8355198
18.789427,0.90042496
18.241459,0.7623215
18.992168,1.024395
17.765938,0.8134899
17.704472,0.7939377
19.236942,0.9442463
18.998152,0.9796467
19.85764,1.0272655
18.98928,1.047123
17.141476,0.78894806
17.786118,0.7730713
18.23612,0.8405361
18.428867,0.86153984
17.124836,0.79847527
19.057878,1.2431011
18.0714,0.83587646
18.966305,0.9343071
18.101534,0.8737221
17.685095,0.8067131
17.100264,0.81258583
17.121426,0.79540634
18.160753,0.79816055
15.700224,1.0697718
17.959204,0.72943306
16.270744,1.0507259
18.542774,0.86216354
17.844734,0.80267143
17.664278,0.7777653
18.042383,0.8577099
19.712257,0.98267365
19.869017,1.2193642
17.222973,0.77627945
17.909616,0.8139248
18.823812,0.9755688
17.92953,0.7773247
16.931097,0.9630623
17.431093,0.75857353
17.214153,0.8057022
18.755274,0.90083313
19.051088,0.97151756
12.843123,1.3539991
17.330942,0.7888527
11.679795,1.6308346
18.437515,0.8253479
17.671427,0.7346611
17.703314,0.75380516
13.87219,1.0168324
17.249641,0.7529659
18.542625,0.87628365
17.768099,0.82878494
19.497545,1.02775
19.484283,1.1538715
17.704039,0.81899834
18.886036,0.8857746
18.417072,
17.335619,0.7783718
18.081738,0.83623123
17.032795,0.8483143
18.167673,0.82953835
18.368109,0.87073326
18.807943,0.90219307
18.03581,0.8249302
17.230059,0.82084846
18.519781,0.8666973
17.173986,0.78624535
18.149921,
17.712864,0.7755661
19.516096,
18.541355,
19.906864,
18.81955,
18.743937,0.8581333
18.458803,0.9492283
17.407454,0.7745247
17.002811,0.9183979
18.385159,0.79738045
17.404425,0.74876595
18.78076,0.8715
18.536316,0.77765274
17.28712,0.77238846
18.670732,0.9686241
18.67048,
18.52212,0.89011574
15.770665,1.0331993
17.876894,0.7782364
19.41577,0.8751354
16.97621,0.92227554
13.849345,0.94635296
17.931463,0.79120827
16.79364,0.9708004
17.039299,0.85918045
17.601665,0.77731514
17.157127,0.7756882
19.07185,0.8501816
18.044842,
17.26252,0.8020859
18.03337,0.771368
17.544859,0.7560444
19.881174,1.13698
17.819395,0.7715702
18.591532,0.93268013
19.576147,1.107254
17.06694,0.840744
19.353262,1.1161633
18.489836,0.75938034
17.745522,0.7959881
19.152761,1.0321903
17.888994,0.7932968
16.045431,1.0554352
18.399813,0.84342
18.868868,0.88103294
18.343536,
18.963776,
19.054024,
17.948368,0.8074646
17.78437,0.8173981
19.222162,1.0659428
19.480211,0.976532
18.975159,0.95887375
17.015568,0.8777046
18.752209,0.9454708
17.117136,0.8017235
17.06812,0.78988457
17.895565,
19.792534,1.206253
19.476404,
17.475197,0.86418724
18.83318,
19.530115,0.9076977
15.888649,1.0610752
19.301762,1.0102272
19.620281,0.95661163
18.744112,1.0075092
15.021093,1.1001625
17.350649,0.79475594
17.624424,0.8210983
16.788961,0.9877472
15.082218,1.0643997
18.400057,0.826067
18.79544,
19.741934,
17.723738,
18.02959,0.80465126
18.693457,0.99554825
17.733873,0.86107254
18.757034,0.9620075
18.952333,
17.808075,0.80277634
19.931675,1.2207298
16.98582,0.8997536
17.655869,0.7728424
19.303318,1.0760841
16.99194,0.9052868
19.913902,1.2794533
18.17254,
17.290213,0.7815647
19.093977,
18.315344,0.86836433
19.465332,0.97271156
19.053528,
17.07857,0.7968712
18.632757,0.8592777
17.91289,0.77770996
19.903027,1.1228523
17.323835,0.7643757
18.003473,0.74635696
13.372679,1.2845459
16.273249,0.44335556
17.803782,0.8050194
17.004772,0.8638077
18.243868,
17.592262,0.75107574
17.481272,0.805418
18.268276,0.7944679
18.696756,0.99624443
18.448328,0.8787613
15.771864,1.0691681
17.913671,0.7877102
18.091602,0.74020195
17.00504,0.83094215
16.752005,0.97668266
18.09329,0.9202957
17.958364,
17.722414,0.7543297
17.504023,0.7979889
14.590038,1.1367531
16.664665,1.0408993
17.12837,0.79413223
14.555382,1.1293192
17.125502,0.7758045
18.842205,0.6268101
17.490322,0.74120903
15.854581,1.063734
19.805206,1.0648003
14.258606,1.1695528
17.22039,0.77458763
17.628817,0.77383614
17.299364,0.7758713
17.687119,0.7673931
17.456486,0.7704048
17.595224,0.7711334
18.239008,0.87210846
15.263903,1.0985556
11.883753,1.6311007
17.421644,0.7673931
17.062302,0.8108578
16.872885,0.95251083
19.517826,1.0379581
19.307434,1.0700359
17.377623,0.7864189
19.233032,1.044529
17.735037,0.7888813
17.601753,0.78028107
16.6155,0.5269928
17.455727,0.75823784
17.577196,0.7961254
18.325579,0.8921547
19.729017,1.1029434
18.479496,0.87859917
17.740486,0.7799225
19.637302,1.069004
19.537298,1.0043621
18.43567,0.86240387
18.71028,0.8639641
18.624378,0.89499855
17.925924,0.78615
19.24418,0.992239
19.392849,1.1227779
13.880866,1.0402298
17.066685,0.96539116
17.894415,0.7830696
19.405062,1.0691128
17.792383,0.78375053
17.668503,0.774786
18.972116,1.0134659
18.611273,0.8460388
17.399586,0.76735306
18.027805,0.8178234
18.994797,0.9434128
18.244236,0.9048157
19.852343,1.1210117
18.258211,0.8308754
18.774887,0.95827293
15.259418,1.0724297
19.587719,1.2555313
19.624777,0.9973793
18.378548,0.86317444
17.902592,
17.845634,0.75001335
17.75439,0.7643547
19.949003,1.22616
19.84914,1.3669243
18.094,0.8029995
14.281692,1.1724739
19.12406,0.9623337
19.878773,1.2728176
17.955807,0.8235645
18.974442,0.88121414
19.248898,1.2074604
18.358856,0.80983543
16.38106,1.0200977
18.68325,0.89604187
17.764444,0.78294945
19.487337,1.1361198
18.208288,0.7674885
19.031313,0.79400444
18.345602,0.80864525
15.387405,1.0707693
18.044086,0.7954979
19.654078,1.2184067
18.304335,0.8875103
17.46857,0.76698875
17.036722,0.8253536
18.267654,0.818449
17.620636,0.76739883
19.930204,1.2386513
18.308771,0.8205414
18.645134,0.86286354
17.446981,0.7813587
19.995308,1.3012733
19.749025,0.96777153
15.2325115,1.0724211
17.731379,0.7686653
18.66912,0.85827065
19.755293,1.1900425
17.54359,0.7716694
19.399618,1.0300522
18.42295,0.8356247
18.468939,0.8281174
18.593615,0.86283684
17.550774,0.7795162
18.07557,0.8075466
19.887722,1.2528896
19.119482,0.94029427
17.98014,0.7727356
17.538702,0.77876854
17.220552,0.79286957
18.477669,0.9184704
17.931845,
19.14171,0.9051323
19.212732,1.0368061
19.602537,1.0491943
13.8952,1.0400429
19.060488,0.9472351
17.119001,0.7896404
17.69804,0.78660965
19.094599,
17.841463,0.8200455
19.967009,1.4524727
18.084166,0.7826195
17.980364,0.7849846
17.189093,0.84181404
19.214668,1.0181046
18.0146,0.7777519
18.581112,0.9142704
18.004436,0.7801914
17.807842,0.78328705
18.105217,0.808445
17.40908,0.74889565
18.498568,0.891592
16.906504,0.97063446
18.829594,0.9337673
18.250156,0.81902504
16.786875,1.0175781
18.356543,0.84241486
18.136961,
15.432085,1.0665569
18.220343,0.8287029
18.584816,0.8982315
16.245779,1.0421953
17.921217,0.7695999
19.965736,1.1890087
19.56168,
16.605064,1.009079
18.83522,0.90859413
16.143402,1.0441275
17.456434,0.76628494
19.799675,1.157114
19.649513,1.0980988
18.396795,0.8718262
18.47593,0.8650818
18.877872,0.89136696
17.898262,0.8071823
17.503443,0.81116676
19.451818,1.0363388
14.574869,1.1594543
17.95785,0.7962475
18.527445,0.8287735
16.559315,1.0162668
18.496058,1.0042114
17.907417,0.7724571
17.949575,0.7630024
18.181683,0.85494804
18.797853,0.942152
18.835508,0.9203892
18.69111,0.8778229
17.79827,0.76844406
18.140491,0.81241035
19.778177,
15.663833,1.0785627
19.331465,0.97146034
17.402428,0.7662029
16.541012,1.0320272
17.447796,0.760519
19.708914,0.99900246
19.290096,0.918869
17.116318,0.8141365
18.355473,0.8216915
18.629248,0.8845272
19.876907,1.18087
17.048882,0.84227943
17.99496,0.82009125
19.191608,0.99730873
17.418705,0.7765217
18.763067,0.86610603
19.317015,0.90378
18.413525,0.8261204
18.900387,0.9054489
18.96565,0.91189003
17.89167,0.83146477
15.116062,1.098916
19.153357,0.9626961
17.108227,0.81661606
16.984064,0.85627556
17.719397,0.7581501
17.41516,0.7851982
19.369886,
18.546497,0.7683449
18.043463,0.8188801
17.973682,0.81765556
18.636257,0.8768902
18.170103,0.81674767
18.379604,0.8232727
19.113697,0.9468422
15.463424,1.0523796
17.88672,0.7201004
16.93931,1.0159569
18.902447,0.869009
18.731817,0.91467667
18.99705,0.93946266
18.11367,0.8453808
17.084293,0.80205345
13.785106,1.0322027
18.387974,0.8501835
19.131594,1.0435562
19.20023,1.0275555
18.087828,0.77025795
17.440493,0.7740269
17.949339,0.81780815
18.474632,0.8864689
19.312254,1.0231819
15.481417,0.46006966
18.11497,0.83659554
19.567621,1.0938053
17.994442,0.792078
17.432756,0.80019
17.858795,0.78492355
19.711588,0.046289444
17.838648,0.7509861
17.883295,0.76171494
18.632366,0.89935875
18.329556,0.7755108
18.195406,0.7980938
17.955563,0.79545784
19.22771,1.0625973
18.372248,0.85684204
18.585957,0.97696304
19.59293,1.3283329
18.481874,0.8202591
18.269943,
19.019379,1.128233
18.384573,0.7742386
17.487421,0.75881386
19.065174,0.98057556
19.392597,1.1394138
17.543545,0.7476368
16.42309,1.0174637
17.192627,0.86728287
17.686983,0.73145676
12.859281,1.2325754
17.255411,0.76545715
17.215689,0.7948742
19.584375,0.8010521
17.220943,0.7861347
17.931913,0.84482574
18.499945,
19.30119,1.049881
16.80607,0.9804363
17.976152,0.7712498
17.92107,0.71611977
18.488857,0.8337345
17.571642,0.76696396
17.67348,0.7344227
18.254578,0.98176193
18.245142,0.8117409
18.327204,0.7070141
19.420412,0.90465164
17.76309,0.79263306
19.185314,0.8889828
17.852976,0.7462044
19.674788,1.1756287
19.38931,
16.793272,0.99697876
18.851412,0.9904442
17.9361,0.9452629
18.098017,0.93162537
18.453892,0.8806362
17.203117,0.7786732
17.259308,0.83164406
17.737387,0.69984436
18.892836,0.80358124
17.898046,0.8418789
16.995806,0.8505192
19.485346,1.0236893
17.280388,0.7921276
10.989532,2.1128855
17.721899,0.7468929
19.391283,
17.821314,0.8700142
17.97019,0.79268646
17.771801,0.7578964
18.500353,
17.775904,0.7267132
18.206589,
17.882074,0.7638397
15.467606,1.0704384
18.915657,1.000412
18.722382,0.9120331
16.453556,1.0227423
16.77094,0.9738388
19.447762,1.0259514
17.250864,0.7627106
17.324137,0.7827873
19.316748,1.0322685
16.603607,1.023798
18.147516,0.87223434
18.320322,0.8149452
11.873084,1.6339607
18.81498,0.910305
19.295996,1.0801392
18.969389,0.8898506
18.656258,0.89294434
18.232346,0.8182335
17.50211,0.70505524
18.88234,0.9278698
17.937632,0.75034714
18.59809,0.88409233
17.733437,0.8253765
18.434113,0.899086
16.67791,0.9973049
18.017897,0.8003044
17.98604,0.76338196
17.358446,0.7982178
18.459309,0.98267174
18.433533,0.84472466
17.994051,0.7746086
16.67882,0.99580574
17.017601,0.8146248
17.781935,
18.595657,
16.970905,0.9654312
17.341152,0.8259983
14.284833,1.17031
19.11183,0.74027824
19.942625,
17.800674,0.7939434
18.348413,1.0073986
12.168188,1.5019732
13.857214,1.0626678
17.62142,0.7336731
17.002691,0.87322426
17.394323,0.7543678
18.431442,0.7766895
17.44036,0.76332664
17.564571,0.7539959
18.169209,0.8288803
18.701942,0.9013176
18.48454,0.90696335
17.50655,0.79190254
17.654446,0.7545624
19.311117,1.0126247
19.002007,
17.719149,0.7694969
17.611607,0.7694931
19.263641,0.88207436
18.709984,0.9953327
19.368298,0.9269867
19.475803,1.114048
15.274021,1.0861931
16.763908,1.0037346
18.211885,0.7981262
18.023554,
17.59039,0.8203411
18.588661,0.88150215
16.891191,0.97400856
14.754897,1.1198912
17.334736,0.7552948
16.853783,0.9995537
18.520105,0.8931122
17.384243,0.79185677
17.467806,
17.594036,
18.3202,
18.23703,0.78818893
17.163076,0.7709198
13.825604,0.9887533
18.305027,1.3697548
18.278904,0.7727585
18.184284,0.7814636
19.171593,
17.971972,0.85004616
17.094522,0.8282318
13.80339,0.99124146
17.288813,0.80812836
18.378448,0.9125824
18.27209,0.9155674
18.940216,0.80687714
17.938868,0.7972908
18.136593,0.79597473
17.674768,0.8077011
17.093483,0.8486557
18.228844,0.7744293
17.80488,0.80062294
13.9234085,1.1833591
17.524103,0.71458817
17.849794,
17.247597,0.8120041
16.976938,0.86622524
17.829447,0.8991642
18.230669,
17.08944,0.77941895
17.434689,0.8631649
12.272678,1.5169487
13.340831,1.2617884
15.912962,1.0123911
13.840185,1.0348625
16.285383,1.0602417
16.864372,0.9780741
18.099745,0.8985939
17.022575,0.75507927
18.43985,0.8021126
13.536932,1.0803738
18.199537,
18.666018,1.0970745
14.075884,1.1693392
17.735762,0.72790337
17.796595,0.84830475
18.310661,
17.472996,0.7635479
19.233395,
18.816633,0.9397373
16.501078,1.0004892
18.507116,0.79888153
17.949242,0.72888184
17.62465,
13.858367,1.1946545
18.72312,0.8377857
16.079649,1.020277
17.11234,0.8182888
17.227812,0.80574226
16.580744,1.0126305
18.229486,0.850605
17.670797,0.7637882
17.054537,0.8594246
19.088892,0.88375854
19.172932,1.0640564
18.635221,0.8818245
19.83328,0.8868427
18.482824,0.865551
17.40442,0.7760544
19.206173,1.0595627
16.929485,0.9463825
18.53095,0.864624
18.29102,0.81269264
19.373259,1.0963745
19.93319,1.0180874
18.85536,0.90888214
17.055502,0.8083744
19.38031,1.0523262
17.963526,0.8126011
17.845602,0.76538086
17.084555,0.82211304
18.053679,
17.08002,0.7982063
19.828413,1.1483936
17.283613,0.82382774
18.324768,0.8820057
15.885109,1.055726
19.63137,1.1587105
18.17682,0.815258
18.302233,0.863451
18.133984,0.80187416
12.347178,1.5103197
18.388075,0.78073883
18.493696,0.8775501
17.031496,0.8174381
17.348284,0.77568626
19.555073,1.0448437
17.712904,0.7696457
19.695444,1.0902367
17.296204,0.7637291
18.767847,0.8359585
17.458817,0.78229904
18.475986,0.8779316
17.616096,0.76904106
18.007412,0.79857445
18.759377,0.9720688
13.843572,1.0121546
18.6079,0.83325005
18.304655,0.82601166
18.931356,0.93969345
18.069986,0.8194752
17.758335,0.733902
17.411152,0.78863335
19.584173,1.195591
18.664036,0.9323616
18.843752,0.88799095
19.428244,1.075037
18.639585,0.833868
19.340479,0.9870281
15.508264,1.0617323
17.987362,
19.594625,1.1057816
18.818554,0.9449253
18.630173,
19.039516,0.8874378
17.8948,0.7872181
18.386345,0.87080956
15.54501,1.0532274
19.004536,
17.51045,0.9649582
17.895761,0.8114929
15.523073,1.0397024
13.808208,1.2072067
17.859257,0.77685547
19.516203,1.1152744
16.472883,0.5583191
18.113832,0.79353523
19.671917,1.1381798
19.72966,0.95093536
18.637136,0.7985096
17.568632,0.7828846
17.018469,0.8470764
18.769531,0.8998184
14.681286,1.1239042
18.241724,0.78953743
18.789305,0.88848305
17.902283,0.77015305
18.952644,0.8969765
17.933985,0.771925
18.37738,0.8394699
17.601358,0.7892971
19.087954,0.9422531
18.73227,0.90229416
14.249517,1.1452475
13.782949,1.0175581
18.486328,0.84487724
18.319561,0.8403568
19.603785,1.2497063
18.862625,
18.429234,0.89186096
19.503614,1.1479645
19.197445,1.0292797
19.005596,0.9666424
19.637173,1.1302242
16.030222,1.0430403
18.042568,0.80357933
18.268421,0.78881836
16.042791,1.0546236
17.937471,0.77536774
18.012144,0.804224
17.045713,0.8788738
18.25212,0.8309727
19.825336,1.0812893
19.218971,0.99072266
19.424927,0.9225426
16.92845,0.94618416
18.605425,0.85580254
18.974646,0.9173546
17.913134,0.7614498
18.148623,0.8466778
12.587428,1.3268499
19.358198,1.1677055
18.41551,0.9226246
18.41934,
13.223869,1.3164816
17.34746,
18.805155,1.1317558
17.02408,0.8809433
17.860312,0.7814007
17.821133,0.78709984
16.206165,1.0308132
19.58817,1.1293964
19.193232,0.96053886
18.882906,0.9662819
17.110514,0.782217
19.520525,1.176754
18.151142,
18.980486,0.88856316
18.15365,0.8240738
18.8024,0.96891975
15.781651,1.0477581
17.155022,0.8147545
18.815863,
17.408052,0.7913952
17.481232,0.7686405
13.588884,1.105876
19.295938,
17.89209,0.7309418
19.172003,
15.008131,1.0902004
13.964894,1.1694536
13.503326,1.2152367
11.047791,2.772931
18.346972,0.78666687
18.255674,0.73856735
17.291775,0.81676483
17.36024,0.69481087
17.583914,0.74851227
15.241467,1.1331415
18.127392,0.8180237
14.517674,1.1284771
17.411716,0.7456341
17.85067,
14.23793,1.1331472
13.010715,1.3556738
13.724816,1.0363722
13.748858,0.96943474
17.729439,
13.732556,1.1622953
13.841316,0.99193096
16.490341,1.0224257
17.588606,0.7834511
18.519892,0.8398628
18.570242,0.91843605
17.586996,0.768713
18.339973,0.8014965
17.721224,0.75213814
18.530691,0.641428
18.72204,0.7574997
17.86724,0.8086319
18.20417,
19.58655,0.9212818
18.008146,0.7869129
17.193205,0.8372936
17.47645,0.76395416
18.184324,
17.262087,0.72990036
19.313566,
18.162811,0.85779953
18.529139,0.8462124
18.218763,0.8656883
17.317774,0.79629135
15.987597,1.0364733
17.702362,0.7162094
17.938004,0.9263458
17.960287,0.9022598
19.355135,
16.981707,0.9030075
17.781878,0.793869
13.890014,1.0560913
14.262982,1.1505623
18.705278,1.1575451
17.263674,0.8453522
18.230331,0.82291794
17.2701,0.79779243
13.896367,1.0430574
13.347174,1.2794132
17.215176,
13.710644,1.2182646
16.08214,1.0056543
13.794858,1.0017939
16.081366,0.96070194
16.451546,0.9554014
17.926592,0.92723083
18.023531,
17.63151,0.7603302
17.044996,0.8724518
17.621304,0.80205154
17.527695,0.919178
16.502632,0.95674133
17.624105,
17.621592,
17.97711,0.830986
16.795147,0.91529274
16.753078,1.0226011
16.959389,0.8992529
16.916636,0.91202164
18.169683,0.65110016
17.234951,0.85376453
14.660058,1.1231632
18.117777,
13.822354,0.98894024
17.058334,0.86831665
18.415115,0.7958298
17.475582,
15.557326,1.011509
12.210149,1.4878788
11.913021,1.495223
11.9232,1.5624628
13.39966,1.270421
18.518206,
17.505877,0.8097744
17.98023,0.7913265
17.134953,0.95329285
18.122993,
17.798424,0.6134243
16.221031,0.9912567
17.415514,0.75740623
17.078083,0.81283
17.081049,0.83387756
13.583445,1.2641497
16.168205,1.0294876
17.977335,0.7240143
17.105438,0.8250809
17.871311,0.8871136
17.976112,0.74030495
19.611782,1.155962
18.567303,0.8792839
18.421894,0.8171272
17.364098,
18.40796,0.78466415
19.782635,1.2269573
17.148104,0.8131161
18.19513,
18.295694,0.90501785
18.791355,0.92141724
17.779924,0.7472172
17.6116,0.73218536
19.043365,0.92632675
17.54893,0.7658005
19.938461,
17.953547,
13.878566,1.0287781
17.796753,
13.80037,0.98300743
17.682238,
17.489126,0.9418411
17.5089,0.7284813
16.265968,1.0333929
15.659881,1.0461807
16.296068,1.0028114
17.812998,
14.636071,1.1218863
17.221369,0.83166885
16.883646,0.9603596
18.00566,
17.356783,0.81772804
17.274342,0.7929573
17.342163,0.7921028
17.69919,0.719717
18.446655,0.76267815
17.470572,0.77459717
17.112862,0.81440353
13.220807,1.2990446
18.857029,1.0257549
15.379096,1.0508852
18.229856,
17.782225,0.7431812
17.590862,0.7605629
17.224632,0.82611847
15.175865,1.076026
17.363005,0.84199333
19.2212,
17.10117,0.8444748
18.369339,0.7811241
18.714973,
18.73664,0.8894024
19.40779,0.5100517
15.762765,1.0626087
17.007801,0.88580513
16.945646,0.8856392
19.663126,1.2253323
17.790556,0.7754135
18.410116,0.82777977
18.425426,0.83467484
17.210611,0.7798462
18.921291,0.95225334
17.94259,0.77928734
13.897389,1.0347595
17.329525,0.79087067
19.457945,1.0246334
19.872086,1.4213924
18.212526,0.83870125
15.477415,1.0671797
19.404005,1.011589
18.349413,0.82793236
18.864538,0.9445305
18.416376,0.92261887
17.749022,0.7644386
17.24892,0.79626656
19.775923,1.2327023
17.39125,0.7991829
18.761341,0.9329243
18.596287,0.8417034
19.932177,1.4328709
19.558596,1.1194954
16.140663,1.024231
19.961256,1.1125221
18.671751,1.0099697
18.888199,0.84472656
18.268057,0.77306175
17.943865,0.8354778
18.755463,0.88363266
17.001266,0.9465523
16.892248,0.91215706
19.549286,1.1014557
17.661016,0.7917118
19.470486,1.0772438
17.979076,0.8018894
17.00674,0.91114616
19.187366,0.9148369
18.475935,0.8481102
18.339949,0.8101158
18.460508,0.82387924
19.08942,1.0258598
19.322603,0.89984703
18.920242,0.9616146
16.583563,0.99323845
17.299149,0.793026
18.09092,0.76963615
19.63019,1.1495285
17.617886,0.76049423
17.170101,0.7912102
18.575354,0.82411575
17.87993,0.7657261
17.655758,0.7808418
18.162184,0.8093567
17.032408,0.8635044
17.210083,0.77360725
17.458956,0.785408
18.311874,0.8706417
19.223078,0.83763695
19.787392,1.3082867
15.022553,1.1015234
18.210693,0.81578827
18.570343,0.8529377
17.166195,0.8228092
19.7817,0.9751301
17.189013,0.81729126
19.793116,1.056467
19.466389,1.1134796
18.610552,0.9077587
18.65624,0.8753071
15.460354,1.0051565
18.071304,
17.981913,0.8149433
18.709078,0.8940201
19.081436,1.0058765
19.671001,1.3228645
18.756647,0.8953991
17.00592,0.8760586
18.321857,0.88463974
19.568352,1.1192379
19.592371,1.1255894
18.267292,0.797184
19.478912,1.0505581
18.756021,0.9578419
17.255112,0.8035393
19.60186,
19.37516,1.007927
18.410309,0.81998634
17.547419,0.7699394
19.486698,1.1308079
19.870552,1.1468067
17.206999,0.80171776
17.26898,0.7803364
19.516994,0.9773617
18.160666,0.84708595
17.070627,0.8329334
19.520182,1.1910591
18.806961,0.87524414
19.153603,0.9313526
18.611197,0.8025818
18.444384,0.8270912
18.080423,0.78842926
16.11773,1.0492334
13.889151,1.0397148
18.652506,0.86743736
17.048172,0.8170605
18.397581,0.854578
17.725924,0.7815857
18.683098,0.94558144
19.695261,1.2240219
16.97566,0.95033073
18.34833,0.8586731
17.78067,0.7606468
13.85964,1.0362625
19.109385,1.1389179
19.516138,1.0861263
17.968,0.772913
17.152155,0.81542015
18.159618,0.8228874
18.481789,0.81230164
17.60952,0.7801285
18.47413,0.8252182
16.907312,0.9728794
17.102802,0.83302116
17.384682,0.7642536
18.672695,0.92038727
17.974295,0.7684307
17.251888,0.7857647
17.085287,0.81645584
17.494328,0.7714348
19.761425,1.1711941
19.96642,1.1809769
17.81481,0.7890358
19.27581,1.0132504
13.819122,1.0124321
17.740463,0.755064
17.423733,0.76086044
18.463175,0.8434696
18.194715,0.8268013
18.950743,0.87913895
19.166595,0.9341831
16.978693,0.94212914
19.874483,1.3608112
18.398373,0.81515694
13.252859,1.2932987
19.431658,1.0931034
14.584314,1.1533566
18.49569,0.85720634
18.64903,0.9289303
18.594955,
19.228987,0.9629116
19.291216,0.945446
19.778486,1.215704
17.894648,0.7942848
17.0193,0.8788128
19.405779,0.9463577
19.874716,0.99730873
17.22034,0.79200745
19.87163,1.031704
19.025095,1.0806313
17.985872,0.8445339
19.462261,1.0015984
17.549475,0.75022125
14.919541,1.1138802
18.760628,0.86693
18.013563,0.7908516
19.028048,0.94696236
17.360392,0.780056
18.038494,0.7583008
17.609634,0.7557621
17.629757,0.7633858
17.919197,0.7866459
17.706657,0.79912186
18.076889,0.8203621
19.332878,1.1088009
19.582054,1.1785622
17.027378,0.7586422
17.398294,0.7768841
18.738838,0.8971882
16.701406,1.001854
19.855492,1.9000244
18.061127,0.7808876
19.172901,0.99056625
14.34901,1.1639948
19.866383,1.1241531
19.907373,0.978714
18.64732,0.8197136
18.303387,0.8598175
17.068726,0.8322468
16.999222,0.88547134
18.204746,0.98060036
17.940084,0.7691326
19.885645,
16.642372,1.0160141
17.215569,0.80270386
17.572186,0.753088
17.82614,0.80179787
19.202486,1.0144806
18.941551,0.98908997
19.003733,0.93523026
17.056,0.81954384
19.935335,0.7920475
18.342882,0.85392
16.824741,0.9951
17.67708,0.7804508
17.993835,0.8083191
17.794659,0.77077866
18.738213,0.91985893
18.358982,0.84472656
19.500727,1.1906567
19.961763,1.1670742
19.19283,0.88731194
17.65117,0.8024368
19.040607,1.0529728
18.769741,0.89979744
19.675198,1.1851025
16.684961,1.010849
18.263397,0.80867004
19.06277,1.0220909
18.85695,0.9229698
17.366476,0.797699
17.051353,0.85235405
16.12185,1.0244837
18.300308,0.77477646
17.233139,0.7577324
17.827568,0.75982666
19.097767,0.94883156
19.048077,0.9579582
19.194668,0.96419716
17.645092,0.76371765
14.6975765,1.1368151
17.512455,0.7840977
16.94063,0.9576092
17.208694,0.79922867
17.978779,0.8221111
18.537287,0.8674488
18.232437,0.85647774
17.567612,0.80730057
16.744436,1.0113449
18.099789,0.7838688
17.531078,0.74245644
18.837427,0.82297325
19.76194,0.9384041
17.50019,0.7553654
16.533443,1.0323334
15.992813,1.0409384
17.590683,0.73036766
17.805256,0.85912514
19.063171,
19.164236,0.98412895
18.108732,0.7910824
17.678152,0.7917404
19.070799,
17.76536,
18.918917,0.9399719
18.459387,
18.606987,0.86831856
17.540295,0.7592716
14.77193,1.1205988
17.783543,0.78253937
17.141823,0.8160057
13.844647,1.0385208
17.222937,0.78757477
17.685562,0.7570019
17.854752,0.84015465
16.978497,0.9407177
18.297577,0.82979393
17.12924,
17.544628,0.84768105
16.316093,0.9602299
18.113731,0.8216629
18.092476,0.82417107
16.490389,1.0312319
17.923023,0.74671364
17.301756,0.80781555
19.309612,
13.8329735,1.0341196
18.463707,0.8844223
17.78912,0.7775574
19.113577,0.89759636
16.112667,1.0381889
13.404238,1.2610121
19.742985,1.056366
18.62701,0.8927746
13.946603,1.2020044
18.814396,
18.156776,0.8276329
18.213896,0.795763
17.995358,
13.87181,1.0267639
17.098354,0.79958344
19.328331,0.7702904
17.03134,0.8849449
19.829851,1.2530575
16.593039,1.0131073
19.244995,1.0011101
17.640839,0.8178711
17.840464,0.73864555
18.461424,0.8349304
16.567902,1.0114994
18.551874,0.77497673
17.868135,0.7343273
18.53087,0.86883926
17.228249,0.782238
15.993424,1.0376701
18.151104,0.8621521
18.662815,0.8778801
19.136429,0.9329624
18.92519,0.90286636
17.911287,0.80202866
17.871674,0.8240776
18.076223,0.8389206
18.839624,
18.475393,0.86824226
18.14353,0.8150692
18.731428,0.8545799
19.047869,0.9562721
19.470728,0.9585991
18.021425,0.8138256
18.541258,0.82448196
17.988445,0.7670269
17.650331,0.7824688
17.269573,
17.195307,0.81375694
18.46278,0.8303032
18.811333,0.9069729
17.912025,0.80607796
18.929838,0.9573784
16.711222,1.0122976
15.938501,1.0629988
19.718801,0.94584465
18.257294,0.8709583
18.604126,0.7851906
18.34145,0.87665176
17.922787,
18.705463,
18.854698,
18.707891,0.51701164
17.53623,0.7531948
18.388805,0.706625
17.508461,0.78928185
17.001314,0.8597107
16.71388,0.9829912
19.077581,0.9883194
19.174364,1.2128658
17.40522,0.77067757
17.802563,0.8468094
17.588959,0.80057716
18.021929,
19.752426,1.2573872
13.450934,1.2698841
18.561512,0.83112335
17.81518,0.7899723
18.119057,0.8672142
17.383413,0.78938484
18.277683,0.7907238
13.855835,1.0204458
17.292625,0.7896633
18.162693,0.7884159
17.353922,0.77432823
17.485567,0.7692642
13.889302,1.05966
19.367554,1.0121555
17.069834,0.8763161
17.24256,
16.788715,0.99681664
18.383852,0.7687111
17.171766,0.7733345
18.11366,
18.515451,0.89944077
17.051489,0.83675575
17.925932,0.7512684
18.09364,0.8444195
18.18109,0.7453747
17.447542,0.7324734
18.221636,
17.266981,0.78043556
17.84383,0.82733154
18.319443,0.87114334
16.847473,0.94874763
19.439524,1.0520039
18.290604,0.8506336
17.035074,0.84823036
18.20547,0.7927475
19.914467,1.368454
18.336733,
18.140997,0.8592529
18.681244,0.7942829
18.689653,0.71479607
18.805456,
13.851812,1.0713005
17.226473,0.72767067
19.114456,
17.627934,0.77368164
17.848995,0.9483948
18.790405,0.9723263
16.91247,0.8923874
17.678265,0.7254238
17.643938,0.7533741
17.277912,0.8232155
17.254074,0.8048439
17.194166,0.83304214
17.587059,1.0267258
17.734653,0.72551155
13.86634,1.1819668
17.774632,0.71248055
17.284067,0.7733059
13.754944,1.0818815
19.258177,0.97958374
18.201534,
17.473274,
18.322605,
15.5495205,1.0247679
17.3665,0.7580414
19.278727,
17.203613,0.8187084
17.612326,0.7616825
17.637274,0.80332375
17.05741,0.80506325
18.114506,0.8146038
18.328468,1.1508484
17.084085,0.83862686
18.879896,0.88516426
18.207628,0.86460304
18.196032,1.7151861
18.1213,
11.715529,1.664485
14.506493,1.1295795
17.578371,
17.897049,0.76490784
17.491571,0.7451725
17.13344,0.8195019
18.652496,0.90278625
13.873289,1.0512533
17.974955,0.8399353
17.807478,0.77776146
17.640156,0.7743397
16.810991,0.9918766
17.720888,0.76548576
17.245148,0.72766304
15.796381,1.0040417
16.120672,1.0183611
13.838378,1.0430918
16.35002,0.9914417
17.072348,0.8674164
18.01337,0.5656204
16.96951,0.8861103
17.021435,1.3188639
16.893238,0.9466963
13.890425,1.0515108
13.837378,1.0501909
11.616201,1.6536045
13.766658,0.9783602
13.820464,0.9445925
17.025372,0.8850498
14.973999,1.0847063
11.902377,1.5752525
17.866243,0.7992325
17.820444,
19.05307,0.7071934
16.1806,1.032486
13.872977,0.9857483
16.974083,0.9055939
18.22502,0.8329849
17.295223,0.7914276
18.97154,1.4587879
19.001476,
17.367126,0.7808304
18.423382,0.85474205
17.654127,0.7943649
18.756235,0.8366089
17.41045,0.6985645
16.382812,0.995101
16.913767,0.9081192
17.807224,0.8290596
18.875366,0.7585106
19.118095,0.79510117
17.461576,0.79655266
17.640919,
17.858744,0.79732513
18.439709,0.8526802
18.516447,0.89717674
17.706644,0.78066444
19.110111,
18.805927,0.9012165
18.295532,
18.203789,0.8098736
18.030296,0.7910156
17.90515,0.79203606
19.57099,0.9762745
17.266182,0.7932663
17.528547,0.85394096
17.118544,0.7895317
17.386938,0.78380585
17.813164,0.77329636
19.570616,1.0017529
18.165726,0.86294746
18.758492,0.79977036
19.309126,1.0781403
19.31659,1.0571041
18.79201,0.883131
14.949947,1.1092672
18.431646,0.8812084
18.103275,0.8259182
17.26651,0.7666817
17.645708,0.7620716
19.11867,0.8761406
18.242155,0.77174187
19.366705,1.2289581
17.382387,0.7758541
18.652195,0.8727894
17.53879,0.762764
17.59449,0.77280235
18.93728,0.9110584
19.651451,1.6438828
17.11042,0.81129265
19.430017,0.8306732
17.736671,0.75979805
18.154978,
18.0618,0.7807636
18.799658,0.87981415
19.332693,1.0804462
18.656876,
19.86681,
16.846361,0.9892349
19.229109,1.0630493
18.19037,
17.389318,0.81780624
19.025919,1.0363216
17.299913,0.70965004
17.227108,0.78530884
17.56351,0.7878113
17.976355,0.7802677
19.134932,0.9122486
18.370293,0.85562134
16.9285,0.9801922
17.459387,0.75839996
18.41544,0.8905945
17.430834,0.7434082
19.140915,0.8803768
18.702452,0.84223366
17.979858,0.7914276
17.937895,0.79096603
19.223751,0.9478016
18.277828,0.7934952
13.854315,1.0366096
16.981695,0.90854263
18.40374,
18.093388,0.7775402
19.087519,0.9266796
16.76557,0.9952564
17.172794,0.8149433
19.989317,1.2193699
18.255829,0.8602886
15.786585,1.0629148
18.18538,0.8012352
19.346115,1.0133648
18.285936,0.8125248
18.338125,0.81552505
19.237448,0.9667015
17.433674,0.7571583
18.395168,0.8821182
17.071589,0.8270092
17.658287,0.7539387
18.83014,0.9723015
18.53245,0.8977623
18.67033,
17.373137,0.79468536
19.418545,0.88248825
18.202528,0.849247
19.33957,1.0159569
19.640461,
17.598066,0.87812996
17.524218,0.7653198
17.936087,0.80145836
18.248764,0.76970863
17.899536,0.8207989
17.728758,0.77472115
17.55166,0.8107796
16.665037,1.015934
17.964062,0.7911377
19.07379,
17.80573,0.84923935
18.113884,1.1957798
17.062483,0.8393078
18.659601,
17.4975,0.7899513
19.169836,
18.121378,0.81129456
17.607218,0.7872906
19.025063,0.971817
19.821169,0.94508743
18.135925,0.8383312
19.149944,0.9929943
19.868313,
16.952961,0.90678596
17.6474,0.77640533
18.080254,0.7508087
18.276293,0.91254044
17.643894,0.7604332
18.321465,0.8144283
18.823154,0.85175896
16.3369,1.0557518
18.5099,0.93821526
18.314178,
17.354483,0.76880646
17.873013,0.80891037
18.240812,0.8625107
17.53651,0.73319626
17.634018,0.78100586
17.88494,
13.733811,1.0477228
17.985302,0.8359585
17.889622,
11.584846,1.6653452
12.857321,1.2184792
13.602282,1.1727114
17.26005,0.817997
15.678112,1.0511732
15.934868,1.0285854
17.032696,0.78648853
17.66886,
16.956905,0.8225813
13.983175,1.1697359
17.473783,0.7446766
17.248678,0.78035927
17.418303,0.7771034
16.918324,0.9956646
18.684702,0.8987198
17.195395,0.77316666
18.746702,
19.496006,0.9817505
18.301746,0.9573822
18.632008,0.626585
17.106672,0.8280525
18.741024,0.856266
18.81054,0.82681465
19.169062,0.920084
17.412403,0.77804565
18.932163,1.0307026
17.63312,0.7422943
18.395271,0.9960804
19.73825,1.2833786
17.059256,0.8260479
13.116233,1.3225822
18.843554,
15.886543,1.0324001
13.8519945,1.0502882
16.33323,1.0595398
17.073622,0.8235817
17.810766,0.7766018
19.242535,0.9508171
17.038939,0.8477478
17.534904,
16.603539,0.9928522
18.173952,0.90293884
17.502842,
15.504755,1.1845837
13.836684,1.0099154
15.144655,0.99960804
16.997849,0.8727608
17.465538,0.79727554
15.460144,1.0509262
13.861537,1.0296192
12.17538,1.5115309
14.281718,1.1365442
17.122078,
14.483004,1.1178894
17.053053,0.84163857
14.279803,1.151515
17.782154,
13.884368,1.0284224
11.63948,1.570056
11.554081,1.7002678
12.485498,1.3033085
13.754405,1.1828556
13.808448,1.0358839
17.083927,0.81313896
17.653437,
17.776274,0.80869675
17.526176,0.7901478
12.931952,1.2648001
16.518244,0.9419422
14.744275,1.1024828
16.791069,0.83827496
14.299404,1.140811
16.398523,1.0226393
17.1556,0.79769135
11.981272,1.573205
17.78687,0.7873211
17.528461,0.78842354
18.27562,
18.298992,
19.444542,1.3357315
18.530724,0.7544346
17.49673,0.7715416
17.615025,0.8037567
17.425026,0.7169819
17.59101,
18.121052,0.9213524
17.806026,0.70661163
17.624144,0.7995148
17.801792,
15.025144,1.1040602
17.448776,0.8149948
17.328497,0.91931343
17.638815,0.73879814
18.174227,
19.49999,0.5606766
17.39899,0.7766323
18.945415,
17.712517,0.7925701
17.895218,0.82333946
17.561953,0.7769146
14.236192,1.1531534
16.213972,1.0089016
17.296812,0.78354454
12.794982,1.3683062
17.020098,0.92324257
17.318943,0.7977886
17.489086,0.8079109
18.066938,-0.013853073
14.910665,1.0850668
17.034994,0.8795376
17.133337,0.7782421
16.300463,1.0479231
17.813457,0.7910366
17.00214,0.86146164
16.497034,0.97620773
17.335396,0.7877121
18.819693,
17.06486,0.8963795
19.719673,
17.533707,0.81723976
17.416176,0.7969246
13.881076,1.0135756
17.909023,0.76758766
15.676083,1.0290108
17.4114,0.77545357
17.702835,0.7820816
17.942081,
19.600317,
17.53273,0.75074005
19.024727,1.1126556
19.001564,0.9409714
17.962008,
17.459398,
18.080225,0.8433075
17.997255,0.8195286
19.755445,0.9078083
18.533886,0.9141426
18.61565,0.92344475
17.457102,
17.700758,0.75424004
15.945534,1.0324268
17.514412,0.77929306
18.604525,
17.023209,0.8926945
18.33196,
17.476124,0.8420887
18.303432,
18.684008,
18.025814,0.84786034
19.237465,
18.21483,0.8644085
18.176563,0.87555313
17.403666,0.78977394
12.846891,1.3930492
17.54578,0.9750519
17.619068,0.75904465
17.50496,0.74770164
17.229486,0.7993355
18.904896,0.99440956
17.370384,0.8060093
19.388088,
17.691004,0.79945564
19.148563,1.660017
18.315994,0.8786106
17.344671,
17.332243,0.78344154
17.675848,0.7691765
18.225752,0.7175484
17.02344,0.81939316
17.77991,0.8452606
18.087803,
18.135504,0.8027859
17.727549,0.77386856
18.05568,0.9104042
18.559448,
18.242773,0.9382572
16.374504,1.0154238
18.369837,
18.850212,
18.33597,
18.357353,
17.817293,
18.609453,0.93026924
14.255339,1.1455297
16.659071,0.9944401
17.513124,0.6898098
17.947435,
17.33911,0.8207798
17.189043,1.0171461
17.474892,0.7726593
14.372143,1.1352768
19.384748,0.75989723
17.97987,0.54483604
18.408974,0.7964897
14.297136,1.1788931
13.855989,0.95904636
16.101486,1.0238829
13.640574,1.0585613
14.2965355,1.1593771
17.754799,0.7865715
17.618015,0.824461
17.732817,0.7816429
19.382755,
18.398129,0.6814232
19.320433,
18.491636,1.017025
19.128859,1.231432
18.217484,0.8861599
18.28612,0.8064766
17.420444,0.7343254
18.546093,0.8864441
17.834597,0.8044491
16.81434,1.0302258
19.148802,0.8972187
17.477095,0.77508926
18.219595,
16.176394,1.0218945
17.715055,0.69441986
18.16873,
17.992544,1.1000652
17.013062,0.9331951
14.436588,1.1155148
17.57324,0.83114433
18.01292,0.8059044
17.969734,
13.794708,1.2100039
18.283207,0.5358391
18.457159,
13.846962,1.0435143
17.946081,
18.304352,0.78071785
13.839537,1.1926126
16.263645,1.0053205
16.574818,1.032731
14.870497,1.0824747
17.414492,0.9133816
13.823817,1.1325064
13.92656,
12.910714,1.2251253
13.172381,1.2710419
13.806302,1.0069628
13.86719,1.0028582
13.129874,1.2826767
17.804468,
13.808945,0.99500084
13.053855,1.3266134
13.884458,1.0476742
18.487814,
17.545904,
12.929792,1.2370911
17.53563,
15.306914,1.0703211
16.878513,0.9834442
17.007465,0.9108639
17.087015,0.83226204
13.719707,1.0491724
16.018036,1.0333948
17.043598,0.7636013
17.81395,0.9102764
13.84282,0.97655773
17.799372,0.6958122
17.930521,0.7212105
17.50505,0.807848
14.308429,1.1593304
17.10239,0.82297707
15.687454,1.0637827
18.631794,
18.76882,1.0755997
19.92709,1.3057461
18.484138,0.88642883
15.122883,1.0943041
18.156214,0.8394356
17.724253,0.7962208
16.45552,1.0077353
13.867987,1.088521
17.290195,0.77675056
17.815548,0.7746029
18.262516,0.8376713
13.882796,1.0371008
18.504692,
16.780836,0.9343138
17.961056,0.7129364
17.075842,0.8759022
17.04614,0.8402958
15.574822,1.0382538
19.24599,
17.562609,0.71440697
17.413755,0.77093124
16.615938,1.0265255
16.201092,1.030942
19.060162,
19.290264,
18.007105,0.78105736
16.867937,0.99819756
17.59247,0.7548809
18.972172,0.9351883
13.013006,1.334693
16.339157,1.0526142
18.77455,0.76418495
17.600231,0.7966175
17.660975,0.7673321
17.05431,0.8364887
19.355064,0.94480515
13.882282,1.0319681
19.050888,1.1056767
19.507341,
19.513361,0.9847889
19.254637,1.0216217
19.46423,
17.067003,0.8527622
19.68,1.081644
18.270271,0.8044987
18.881956,0.9073734
18.54978,
14.173095,1.1740513
17.600168,0.76148033
17.766115,0.79727936
18.597921,0.9321213
15.3430605,1.1045828
17.987396,0.783144
14.075545,1.1872082
16.861261,0.976017
18.197565,0.85043716
17.068905,0.8598175
18.826458,0.9165726
17.746166,0.7979317
18.536535,0.80861473
18.254185,0.80597115
17.642878,0.7770386
18.996653,0.955122
18.497494,
17.28684,0.78694725
15.452147,1.093009
17.952702,
19.42292,1.1205158
18.837343,0.9092617
17.719147,0.77524567
15.742426,1.0820627
17.929356,0.82009315
18.94839,0.96255875
17.35482,0.779789
19.88149,
17.429012,0.7663231
17.908558,0.7834892
17.074562,0.79976463
18.249287,
18.04378,0.8045769
17.969648,0.81036377
19.926369,
19.157932,0.9940815
16.772482,1.0035667
18.292797,0.7554493
18.8845,0.8931999
16.992859,0.9035187
18.774054,0.8457184
18.61773,0.8859329
18.022854,0.81171036
12.097268,1.5411224
17.047657,0.83008385
17.191755,0.7985611
17.731798,0.74328995
16.984644,0.8955898
17.252325,0.80378723
19.27618,
17.04704,0.8322201
17.246864,0.7945194
18.933668,0.8605709
18.8252,0.8577919
18.486036,0.8218365
19.588005,0.80516624
18.517906,0.8332329
19.071054,0.90242386
17.583178,0.73602295
19.9656,1.1856785
19.407076,1.0566998
17.916527,0.8081913
18.691008,0.8632088
19.769674,0.9308338
17.425644,0.7716389
16.742834,1.0245056
19.188326,0.98363113
18.745047,0.9258175
19.60332,
17.429192,0.77524185
19.18199,1.5729847
19.334995,0.98031616
17.531267,0.7683773
16.469416,1.0030661
17.361849,0.7827053
19.021017,
18.114681,0.78614616
18.590038,0.98396873
17.12981,0.796381
17.760921,0.7999077
16.6531,0.97073174
18.372726,0.67726326
17.702868,0.85186386
17.437355,0.7772331
18.762646,0.8452778
18.724144,0.94350433
19.148867,
18.532848,0.7735996
17.866718,0.88389206
17.962347,0.7475529
17.68997,0.74051285
18.790396,
16.023884,1.0095854
17.34073,0.78543663
17.966793,
18.074419,
13.883303,1.0267038
17.253395,0.7722416
18.590271,
18.226347,
19.132391,
17.66107,0.8551712
13.624967,1.0410748
16.809639,0.90727234
17.099985,0.80034447
18.209106,0.8711338
16.919594,0.9395857
13.625034,1.2127714
17.659817,0.7878399
15.2767725,1.0177402
13.823489,1.158309
11.089748,1.9029512
16.251173,1.0253572
17.112505,0.8957062
17.36594,0.82906723
16.63414,0.9099884
10.901296,2.076459
11.212263,1.7886992
17.758121,0.78834534
17.354599,0.78686714
18.197824,0.79642487
17.267035,0.75821304
18.906755,1.0485115
18.106506,0.8023968
17.707241,0.7968197
18.560545,
16.007921,1.0657701
17.625023,0.7817898
19.382662,1.2093754
17.495325,0.78858185
16.746256,0.9763584
15.779045,1.0359211
18.803991,
18.702642,0.985775
18.416883,0.9333286
19.403816,
17.70026,0.7843418
17.201138,0.75089455
18.917969,0.9152012
17.463554,0.7626133
17.68614,0.7700558
19.75517,1.3723984
11.562296,1.69209
17.352724,0.80835724
19.169674,0.84316444
17.943155,0.7743206
17.783318,0.76898384
17.902712,0.8872242
17.746078,0.76656723
18.548775,
17.021652,0.8517113
17.197102,0.83470917
17.198452,0.7927036
18.579397,0.71777916
19.00133,0.7430496
18.212008,0.78437424
17.72737,0.83639526
17.179802,0.8142853
18.849586,0.70876694
17.084408,0.8894367
19.558027,1.7079163
17.3682,
14.960321,1.0791397
17.059814,0.8696718
16.729721,0.9329672
17.071676,0.83974457
17.867859,0.8853569
14.348918,1.1307516
13.831275,1.0412006
16.842007,0.85522175
18.380127,0.8593826
17.102768,0.81002426
18.189615,0.9004688
17.658287,0.84038544
17.95919,0.92793465
17.10653,0.84103584
17.040043,0.8811188
16.994946,0.88079643
16.340532,0.960804
16.996075,0.8726921
18.676273,
17.138187,0.8794136
17.033041,0.86740494
17.393692,0.82205963
18.234,
13.884507,1.0770597
15.983002,1.0240011
16.325102,0.9921646
12.847676,1.2768469
13.853106,1.0113516
11.502488,1.5708275
13.511267,1.1857033
13.402929,1.2550831
17.03777,0.86040497
19.134544,
12.71566,1.2828779
14.769487,1.0747194
11.430733,1.6834393
13.877184,1.2545996
12.254774,1.4098234
15.290163,1.0149422
17.045244,0.7617111
16.362768,1.1092892
19.335875,
17.50536,0.79133797
18.055334,0.82483673
16.810827,0.9666538
17.575209,0.8135681
17.104275,0.83948135
18.693607,
18.419529,0.79182243
17.993135,0.7565117
17.32726,0.79322815
17.834272,0.7620373
18.318289,0.84031296
16.331377,1.0478191
16.581848,0.8271532
17.390959,0.7581959
17.125134,0.78650856
16.846336,0.8046131
15.639352,1.0275068
12.932407,1.2642794
19.28371,0.807621
17.68481,0.833374
17.15928,0.8162403
13.760805,1.0483446
19.698921,
18.71888,
18.816387,
16.289362,1.0312748
18.777603,
17.003786,0.9112835
17.189486,0.8215866
18.62901,0.8781414
18.044365,0.8292446
18.25018,
17.734598,0.81552696
14.3187275,1.1622305
13.5100355,1.0841026
15.825638,1.0292339
17.46525,0.858654
16.142641,0.99773026
17.09289,0.8501148
13.372205,1.2659273
16.208735,1.0201168
18.84172,0.93424606
19.568792,0.6462822
13.685758,1.0466328
18.504616,0.8965645
18.716785,0.97485924
19.495962,1.1495323
17.63853,0.79330635
17.879528,
17.334743,1.053771
19.015701,0.21982193
18.614336,0.9273224
18.74124,0.5966759
17.54346,0.81424713
17.357536,0.75639343
19.17972,0.9617195
18.427275,0.91973495
17.60919,0.8110142
13.669809,1.0880508
17.354902,
16.853712,0.9845543
17.511045,0.7290001
13.881303,1.0983315
15.668647,1.0136824
17.539583,0.7750969
17.809319,0.9698372
19.319103,0.89377785
18.928837,1.1882286
18.194397,0.8091297
18.317759,0.8262043
17.279823,
16.161093,1.0331945
18.609722,
17.35319,
18.731329,0.8344841
19.85144,1.1685295
17.10984,0.83732414
17.197084,0.6198883
17.057909,
17.380287,0.73914146
19.328247,
17.599432,0.8216858
18.007975,0.8248291
18.50868,0.81788635
17.559055,0.8060837
17.697828,
17.405153,0.794302
16.89217,0.98706055
18.373606,0.7987747
18.057493,0.78707504
17.065142,0.8299732
17.718185,0.7847004
17.832088,0.6560688
16.966902,
12.581991,1.261406
16.890785,0.69691944
17.43881,0.7679844
17.629677,0.74334145
13.842106,0.9985075
17.340681,0.77563286
17.372885,0.7496338
17.272057,0.97243977
17.339731,
13.846733,1.0250349
17.236042,
13.341483,1.283947
16.798458,1.2442656
14.5242815,1.1315136
13.508482,1.2248297
14.27631,1.1189852
13.845611,0.9565306
14.673877,1.0897999
14.100565,1.1454144
14.702341,
16.415506,0.975008
16.878801,0.9130459
17.124863,0.8165474
16.806648,0.93674564
17.06245,0.78748703
17.607449,0.96525764
15.599256,1.0690079
17.866194,0.7916069
18.202635,0.8849449
18.185043,0.8525181
17.32909,0.78935623
16.992033,0.8686657
18.20034,0.85801506
19.233717,1.2261677
17.470488,0.79253006
17.038883,0.66077423
18.574528,0.6410866
18.31452,0.8718376
17.208143,0.96269035
16.627106,0.94899464
17.63535,0.78715134
18.045345,0.7945652
18.99912,0.960062
18.66971,0.96554375
17.681194,0.8463497
17.761637,
17.569016,0.8235054
17.031754,0.79792976
13.829576,1.0175657
18.571836,0.8431816
19.20203,
17.703276,0.75922585
19.208391,1.0315018
17.808107,0.7860813
17.499783,0.76761436
18.10887,0.86489487
19.050106,
19.158247,0.92839813
19.890337,1.1968155
16.924059,0.98204994
17.207022,0.7874851
18.967445,0.8702831
18.644037,
17.250721,0.781044
19.970434,1.3600426
18.33554,0.9846077
18.978632,0.9428177
19.189728,0.9300194
17.530159,0.76995087
19.04676,0.92425156
18.036781,0.7920284
16.063343,1.0538645
17.976652,0.83356476
18.36059,0.8466568
19.353382,1.0265846
18.593756,0.8553581
17.280354,0.75694466
19.68269,1.0804291
18.581093,0.8495884
18.706108,0.94885063
17.306244,0.7796898
18.25665,0.869997
19.083813,0.98474693
19.7219,1.0902443
17.184303,0.8304119
17.221748,0.7794514
18.327047,0.8280754
16.316704,1.0315866
18.518143,0.8706646
18.599144,0.860466
16.974222,0.8969841
17.288347,0.75862694
18.121912,1.2095146
19.129404,
17.662476,0.7963295
19.68749,1.1120052
17.609205,0.76984596
17.697418,0.79208755
17.14498,0.83111
18.793037,0.8963089
17.05931,0.86941147
19.400436,1.084156
19.110476,
16.170877,1.0564213
17.705416,0.76276016
19.79687,0.9450779
16.970486,0.8648567
16.99969,0.8504219
18.241766,0.77370834
17.558495,0.76571083
18.898767,0.90553474
17.763924,0.7281494
18.413618,0.86667824
16.369537,1.035388
18.676044,0.87597084
18.019741,0.82045746
19.607414,1.1316738
17.578562,0.8051529
19.152601,0.9885464
15.812934,1.0587292
19.871798,1.2563457
18.773516,0.89001274
19.80108,1.2002335
19.576853,1.1047306
17.116405,0.8376961
17.124163,0.8004627
17.740828,0.7689228
17.01142,0.8480911
17.32274,0.8139744
19.808882,
19.77037,1.2341557
17.58065,0.79177666
18.268314,0.85121346
19.27266,1.0704327
19.421206,1.0176487
18.36185,0.82769966
12.419378,1.4457254
18.880562,0.9198723
19.66406,1.1419582
14.301403,1.1801662
18.042402,0.76306343
15.6986065,1.0539618
17.892254,0.79410744
18.29766,0.83265114
18.148214,0.79483414
17.256418,0.7868233
18.129456,0.8311157
18.703733,0.8099289
18.73269,0.9044075
18.453299,0.78246117
19.538088,
18.287743,
19.063797,0.8745556
18.400408,0.8816948
18.791544,0.78180695
14.196141,1.1617489
17.46799,0.7849846
17.748827,0.7901535
18.908699,
18.420038,0.8794708
18.489105,0.9367981
18.848091,
18.99991,0.93903923
17.042444,0.8536129
19.99456,1.2262611
18.022034,0.81129265
17.669645,0.8060951
18.952353,1.0059986
18.866564,0.80394936
18.062424,0.82863426
17.509266,0.7445202
18.64126,0.8961086
17.573608,0.82227707
15.566052,1.0681028
13.821283,1.0409861
13.746456,1.0730381
18.39733,
18.579748,0.8233452
16.636065,1.009757
17.355053,0.8659363
18.789457,0.6778984
17.179623,0.75457764
14.59232,1.1013374
17.468805,
14.575019,1.0957584
14.956002,1.1111803
16.177557,0.9721384
13.824419,1.0059404
14.493066,1.150754
17.382984,0.84619904
16.863514,0.9777813
17.890427,0.8195572
17.868868,0.77618027
17.740707,0.6959152
14.789196,1.0940142
15.052818,1.0857878
17.119814,0.857357
17.015776,0.82545567
17.156906,0.7675619
13.82848,1.021966
15.158401,1.0372524
15.547379,1.0461226
15.346145,1.3644896
11.589406,1.6476164
19.607786,1.1580887
16.37494,1.0961628
17.292717,0.68115616
18.589241,0.7951069
17.709606,0.7750015
18.36744,0.8203087
19.784796,1.242672
17.606483,0.7812538
18.92107,0.970438
19.325014,
14.72073,0.25950146
18.480562,0.7942848
17.76839,0.81664276
17.997791,0.86545944
17.984476,0.77937126
17.998508,0.88710785
19.29533,1.1137733
15.810639,1.0512943
18.14135,0.885767
18.822618,
19.216475,
13.838071,1.0316725
17.07926,
17.998844,0.8018303
18.524837,0.92570114
18.545307,0.7739887
13.877285,1.0179129
17.946777,0.7237072
17.383121,0.7770672
14.203009,1.1703014
13.888144,1.0276251
13.813339,1.0306358
17.580027,0.74495506
14.229073,1.1488657
13.673544,1.2228107
18.96248,
17.377123,0.89977837
18.109829,0.9081192
16.810472,0.9614754
16.496609,0.99845886
17.194653,
17.020163,0.84267044
16.952913,0.95739937
14.563313,1.1412735
16.97323,0.88799477
17.817345,
17.878922,0.92302513
17.44775,0.7851944
17.376392,0.80164623
17.629839,0.86808014
17.86031,
17.67793,0.8151703
15.569091,1.0687017
16.765402,0.9917555
17.019737,0.8042145
17.811161,0.76922226
17.5099,
16.356676,
12.422634,1.4602842
18.179468,
13.643911,1.0475464
13.085785,1.2518215
17.20939,0.78045464
16.98264,0.87592125
17.547089,0.6828785
17.304924,0.863225
17.93441,0.7871723
18.05737,0.72549057
17.913353,0.8155956
11.918954,1.4147406
16.397238,0.94331837
12.148454,1.4917307
13.70384,1.0532541
13.737545,1.1989756
12.741202,1.3601637
11.3508005,1.7470341
15.301999,1.0593548
13.875912,1.0149384
12.124796,1.4906292
16.988813,0.8798084
13.864078,0.99913216
18.058413,0.81606483
17.565796,0.54683304
19.405464,
10.866406,2.853673
18.371984,0.9358845
17.819519,0.8573017
18.534039,0.90470886
17.300838,0.8439789
18.806114,
17.420763,0.7048092
18.258049,0.7501488
17.963326,1.215723
13.84683,1.0450754
17.00286,0.8415756
18.018482,0.8391533
18.337343,
17.410051,0.7753105
11.317034,1.7857704
17.463188,0.73145676
19.179123,
15.213189,1.090045
12.083719,1.5207205
18.669373,
17.631676,0.45085335
18.671724,1.1496048
17.48559,0.7733555
13.839956,1.0133257
13.4051485,1.2662344
16.521217,0.94902325
16.421484,0.98438454
16.918022,0.76047516
17.061068,0.8705826
18.285242,
17.890795,0.9951706
16.966038,0.8715229
12.267642,1.4860153
17.790401,0.8454857
13.4842005,1.228239
18.292337,0.8611965
18.035591,0.8027954
17.745766,0.7951145
17.578602,0.8156109
18.43441,0.998333
17.737175,0.7638588
19.005777,
18.464228,0.8916168
18.577171,0.7621517
13.851324,1.0256901
18.300722,0.7446251
18.73476,0.92295074
17.249907,0.8182907
18.692179,0.8626251
18.87645,0.90184975
17.866453,0.8352299
17.766253,0.79483986
17.962952,0.7812996
17.461103,0.7920494
17.352571,0.85154533
17.234064,0.7653713
12.455155,1.4277725
17.09631,0.8045311
17.525099,0.8605137
16.994408,0.91248894
18.334728,
15.018071,1.0986977
19.145775,0.8269024
18.493004,
17.858364,0.7768631
17.807467,
18.428553,0.7575207
17.688766,0.63248444
17.81881,0.8689747
18.213198,0.818655
16.851511,0.9676571
17.711248,0.74292755
19.150398,1.040575
18.501192,0.87067604
18.1761,0.710886
13.884717,1.0223923
17.350668,0.7955303
17.433418,0.7805157
18.482037,0.980299
17.431808,0.7874317
17.647648,0.8635998
17.490606,0.7692814
18.757086,1.5429516
13.735139,1.236536
18.027397,0.8076725
19.999596,1.1634579
18.777056,
17.297003,0.76582146
18.660969,
17.557009,0.84007645
18.700268,0.9215393
18.771935,0.966835
13.860198,1.0733442
18.812222,
18.024977,0.7884655
17.785742,0.804245
17.58933,0.8367481
18.814356,0.90332794
18.832706,0.81497955
13.841557,1.0363712
16.98814,0.9355831
18.301107,
16.909996,0.97187996
19.376123,1.2933712
17.42627,0.79006195
15.98899,0.97618675
17.321358,0.6451626
18.059994,0.755682
18.943142,1.0302811
17.657948,0.8290825
17.332605,0.8006935
14.200232,1.1355095
12.830266,1.3636894
17.493732,0.84963226
17.109264,0.8432636
18.363474,
13.829595,1.0131855
13.281469,1.2798681
16.979502,0.9106903
12.67774,1.2023726
11.906986,1.5412426
15.908914,0.9856148
12.137315,1.3955193
15.489102,1.0554266
17.318342,0.5120945
17.57222,
17.33021,0.7889576
17.305786,0.8050575
17.57235,0.7538929
18.074844,0.9053459
18.732449,1.4039879
17.387177,1.1575584
17.37826,0.8109932
16.994894,0.836813
16.20075,1.0313368
18.472385,0.7208576
18.777134,
18.611177,0.95749474
19.259295,1.1421661
16.92444,0.9801254
18.676044,0.96003723
17.375063,0.7462044
18.210018,0.8570461
13.554362,1.2506027
17.775387,0.65124893
17.072536,0.76581955
17.734417,0.84874153
18.297344,0.8053341
15.599925,1.0489511
18.598343,0.39970207
18.502914,
17.34802,0.7562618
16.936218,0.9320946
18.518227,0.7706795
19.003187,0.8044338
17.230703,0.8258972
19.15131,0.8428154
18.004671,0.8468609
18.80246,0.72078323
18.228247,1.0548115
17.110907,0.80342484
18.495876,0.8503494
18.114727,0.8178482
17.751392,0.78090286
17.675337,0.76008415
18.05791,0.82045555
18.360277,0.82518387
17.274912,0.76444054
18.307478,0.85536194
17.625174,0.769825
19.51167,1.1308937
18.349684,0.8501892
14.291432,1.1614456
19.003922,0.94595337
17.188597,0.77804184
19.182291,0.96157455
17.026287,0.9113617
17.900486,0.7847748
16.334116,1.0211964
17.005636,0.89689827
19.456089,1.2044811
17.288464,0.6521969
13.258694,1.090208
19.386429,0.9457207
18.978712,0.9835243
19.498922,1.1830654
17.993496,0.8008499
17.568722,
19.03837,0.934412
13.045263,1.3124247
17.78588,0.68468666
17.689796,0.76760674
18.53839,0.90221405
17.384096,0.7680168
15.821056,0.3621168
17.054829,0.8297901
18.486063,0.91877747
18.17594,0.76555824
18.253197,0.80161095
19.83068,1.0084419
19.562597,1.1257362
17.284723,0.790329
17.63594,0.7979164
19.328909,0.9886379
19.625307,1.1312065
18.03865,0.80846405
18.686232,0.89116096
15.487071,1.0960636
18.519354,0.78071976
16.996641,0.84727097
18.206253,0.7183895
18.343048,0.86237335
15.231699,1.0753765
18.113382,0.79278564
17.862547,0.7617359
17.619572,0.8152771
17.753357,0.78071404
17.32097,0.77711487
19.062685,0.9081764
19.214025,
17.257462,0.7795677
18.142822,0.83694077
19.915648,0.9509258
18.507042,0.8618221
18.921375,0.8311329
17.063766,0.7982731
18.640945,0.9041233
18.673237,0.8898926
19.916622,1.2653408
18.829996,0.8670788
16.76362,0.9826088
19.613602,1.0760975
19.08455,0.9558754
16.692646,1.0301542
15.54483,1.081523
17.899714,0.79810715
16.521524,1.027977
17.964128,0.8702526
19.428755,0.9806328
19.987555,1.2486992
16.85715,0.9991455
17.494389,0.7620678
17.105324,0.8529053
18.299627,0.8464718
15.569715,1.0780239
17.445137,0.77083206
17.87223,0.7604332
17.54643,0.77898407
17.252356,0.7985554
17.832808,0.80254555
18.08778,0.79491043
17.138496,0.8319645
17.833096,0.7968178
17.13816,0.8119869
18.175678,0.84085464
18.40648,0.8579445
19.342758,1.029335
17.55816,0.8002434
17.432669,0.7836628
17.755789,0.76239586
17.593,0.76737595
19.34142,0.8788185
17.088778,0.80890083
18.823732,
18.973965,0.9323311
15.354807,1.0798464
17.276768,0.79030037
13.826373,1.019412
17.992523,0.76931953
18.10989,
16.793716,0.85703087
17.326817,0.793993
19.58983,0.8153248
17.187342,0.7718773
18.407948,
17.87714,0.7930851
13.865414,1.043541
18.02065,0.7875843
17.622257,0.79263115
17.604555,0.7464943
18.145147,0.81702995
18.623272,0.82056046
18.290178,0.798254
19.162497,0.9759064
18.540846,0.8152542
19.85077,1.1596565
16.623846,0.99027634
17.189854,0.838377
19.037619,
16.674786,0.9872551
18.973904,
17.082808,0.82372665
15.4698715,1.0631971
16.934696,0.96992683
17.7512,0.82157516
13.785582,1.0391817
17.37628,0.8240166
17.561844,
17.097134,0.7913189
17.533682,0.7442646
17.41799,0.7532654
17.077696,0.8106861
17.3531,0.80685043
15.406733,1.0172825
13.580594,1.2184658
13.314827,1.278966
12.425246,1.4328709
13.594795,1.1832418
13.884466,
15.485659,1.0592928
13.843178,1.0305347
15.238249,1.0673285
14.378847,1.1258936
15.532924,1.0477791
13.825419,0.9752588
19.32467,0.9994221
18.549362,
16.294962,1.0454388
16.924234,0.94669724
17.409647,0.8197479
19.79554,
17.958717,0.80646515
18.068449,
19.219511,0.93603516
19.165987,0.97568893
18.932756,
17.402302,0.79294395
13.735302,1.0470552
17.086975,0.8588276
18.375021,
18.321741,1.0574703
17.237091,0.7993374
14.886668,1.1127186
18.404236,0.8346138
17.09858,0.79971886
18.97256,0.86883545
15.467763,1.0663567
19.56389,
16.029388,1.0429783
18.510252,
19.343788,
17.464693,0.7372818
19.216177,0.90001106
18.300386,0.80239105
17.632553,0.7986069
18.54892,0.83740234
17.658745,0.84744835
13.969596,1.151578
18.610249,0.66342735
16.953018,0.8627567
13.8762665,1.0247908
18.157217,
15.958274,1.0321922
16.944773,0.8806324
17.149933,0.94479847
18.136974,0.6628933
14.258111,1.1408873
16.263771,0.9858074
17.400635,0.7673874
18.344229,
17.64141,0.80711746
17.450167,0.7866764
17.752285,0.83351326
17.009592,0.91207695
13.823553,1.0129919
15.949855,1.0057373
17.62993,
16.304972,0.9588537
17.062992,0.8122864
16.497744,0.9502125
16.356909,1.0236511
12.3616295,1.3363924
12.868494,1.2761822
13.819601,0.99855995
14.910944,0.98441505
11.6343,1.3848629
15.178028,1.0034914
17.182613,0.85977364
17.771006,0.7073822
18.308804,0.92064476
18.313486,
17.740412,0.90337753
17.420284,0.7034435
16.190943,0.9674854
18.527937,0.73547554
19.030539,1.0395908
16.48083,0.9867592
13.624687,1.042408
17.62743,0.7436104
13.682246,0.95059013
18.020786,0.77038956
18.633507,0.86574554
18.39722,0.85897636
19.075563,
19.423164,
15.934239,1.0219803
16.962282,0.8930054
17.013826,0.87254715
17.519558,0.7767372
13.877085,1.0062809
16.998787,0.8829088
17.260017,0.74993324
14.589911,1.1095476
17.034752,0.8813095
17.532642,0.7647705
17.9145,0.7777176
18.100422,0.83602333
18.581877,
19.841478,1.0851326
17.195475,0.7980461
17.243074,0.7727623
17.830956,0.71536446
17.340023,0.77827835
18.031607,
17.986204,0.81526184
17.804047,0.94537544
17.464304,0.7671528
17.937654,0.7442131
18.593008,
18.854206,0.8500271
17.752869,0.85806656
17.765558,
16.898855,1.0774555
16.3969,1.0261221
17.527351,0.76294327
18.471169,0.91978645
13.855109,1.0247211
17.869045,0.9054699
16.157331,0.98491955
15.367451,1.0624571
17.031397,0.8554783
15.0183325,1.1049223
16.501347,1.0799694
16.11643,1.0153446
17.759062,0.75095177
17.778503,0.8404312
19.206047,0.93535423
15.297338,1.0760794
18.48314,0.85333824
19.783653,1.1531029
17.134863,0.81160355
17.599876,0.72343826
17.731777,0.7591915
16.140059,1.0350208
17.74309,0.7067356
17.874058,0.78097534
19.095592,
19.080378,
19.780584,0.06929016
18.36566,
18.57494,0.9863739
16.999247,0.89141464
17.099674,0.81367683
17.678755,
18.592081,0.87405777
17.325436,
18.142666,
12.937046,1.3653994
16.013494,0.9933815
16.357882,0.9742117
16.226902,1.0039997
17.027414,0.8227434
17.186548,0.8004627
13.803727,1.020031
17.029608,0.7017126
13.899499,1.1998196
17.060684,0.8791561
14.538492,1.1284351
13.243698,1.2558451
17.397095,
13.737881,1.0273838
15.906308,0.99551773
16.317125,1.2105999
17.806698,0.80038834
16.905586,0.9496193
18.188942,
16.391138,1.0135221
11.513032,1.7545967
18.529081,
18.317764,0.84236526
13.88679,1.0189381
18.473862,0.90750694
19.066877,1.0774345
19.177204,1.0138321
15.840087,1.0616016
17.423243,0.7579117
14.311865,1.1618919
18.903952,
17.630814,0.78757095
17.164413,0.79639244
17.559984,0.76392555
17.541956,0.59427834
18.993694,
17.761402,0.7833271
18.383333,0.794508
18.791521,0.66327477
18.688065,
18.689901,
19.34013,0.9403305
18.035788,0.8024788
17.896212,0.8099899
13.402097,1.1491823
19.366438,
19.423847,0.9815178
18.841827,
17.222097,0.7998524
14.86279,1.1185093
18.061176,0.802742
17.142256,0.82299995
18.80064,0.89225197
17.0344,0.8297348
17.596117,0.7943535
18.785788,0.8275776
18.64785,0.91381073
17.492174,0.7622261
18.2302,0.8724346
18.303465,0.8579159
18.399744,0.8501091
17.705727,0.77226067
18.00344,0.8146553
16.994614,0.97683144
17.931103,0.80932426
17.442066,0.7942352
17.622952,0.78474045
18.248983,0.7925396
18.221334,0.7684536
16.52018,1.0584726
18.627285,
18.764168,0.8940487
19.416023,0.99401474
14.229903,1.1693888
18.852957,0.8908348
18.780437,0.8965111
16.601223,1.0101185
15.599916,1.083353
18.253696,0.85647583
18.34597,0.83581734
19.5459,1.0699692
19.15383,0.92580605
17.230116,0.7874851
18.873098,0.86792755
19.529085,1.1128731
17.628014,0.7683487
17.892897,0.7848244
18.091742,0.7982826
18.840948,0.911047
19.19161,0.9429722
14.299187,1.1669083
17.871689,0.76885796
18.439043,0.9383755
18.127604,0.79382324
18.701643,0.87298775
18.821342,0.8822994
17.814602,0.8083935
18.093199,0.8406372
19.362492,0.99027824
18.188938,0.8085346
19.022657,
19.533953,1.1035938
17.088272,0.8039322
18.786572,0.9354553
17.98006,0.7663574
18.334534,0.84622574
18.772282,0.86834145
18.62604,0.7784176
19.274761,0.96419907
13.854998,1.068387
18.6951,0.87815094
18.444153,0.9461098
18.440632,0.8397827
17.956842,0.81160736
17.109776,0.8063469
19.841883,1.206337
17.658638,0.7742977
19.185644,0.98861694
17.611025,0.7753506
17.881178,
17.424118,0.8069172
19.137606,0.9656029
17.90175,0.7860222
17.636766,0.814291
17.4408,0.8073807
18.641264,0.8834591
18.843527,1.0161858
13.885472,1.0843401
17.799324,0.7591419
18.038263,0.82336617
18.653328,0.8890648
17.180458,
19.074598,1.0523148
17.719715,0.79909897
19.487848,1.0707016
17.056847,0.8857384
18.408667,0.89156914
17.109056,0.80039406
17.879366,0.8020668
18.355494,0.8764038
18.447775,0.8207741
15.592464,1.0782194
18.283388,0.83823013
18.140335,0.80122375
18.15988,0.8093376
17.093037,0.8420353
17.189236,0.81695175
16.897339,0.97805595
19.42306,1.0171986
19.225943,0.94639397
18.416355,0.8506584
18.88812,0.9660549
18.844124,
18.76715,
17.116196,0.79636
19.179028,0.8650665
17.804111,0.73078156
19.188255,0.876667
17.101486,0.819437
18.496462,0.8602314
16.890236,0.9825649
15.185188,1.0807438
16.868885,0.9400196
18.563393,1.0161324
18.10126,0.71957207
17.268867,0.76407814
18.44284,0.7959957
18.425602,0.9790325
17.009392,0.9157162
19.529198,1.0964146
18.876766,0.91693497
17.346394,0.7601776
18.04294,
18.073046,0.82372856
19.07444,1.0544376
18.389557,0.82016563
19.51268,
19.903154,
19.496778,0.7275944
18.609186,0.8772278
19.49451,
12.791729,1.3958349
17.60547,0.76553345
17.841063,0.9368286
17.072332,0.87115765
17.064238,0.8450184
13.274837,1.2651882
13.897377,1.0458689
15.463677,1.0325756
17.54952,0.8841419
15.64088,1.8913298
17.070784,0.8426142
13.129129,1.3054495
12.980063,1.3439388
17.033264,0.8752308
18.74193,0.7279091
16.193512,1.0439034
17.895252,0.7281666
16.782701,0.91054916
14.488496,1.1218233
17.834347,
16.955513,0.8058777
13.844469,0.97599983
13.863466,1.0390358
18.148544,
18.29174,0.8121357
17.782675,0.76467323
18.719437,0.89331627
19.599733,1.1581669
17.718475,0.76625633
17.139902,0.7861595
17.920383,0.7980652
17.083973,0.8187084
17.831778,0.84412575
18.44424,0.8339157
19.908747,
17.095358,0.8233814
18.574757,
17.774548,0.80483246
18.097965,0.82719994
13.06373,1.3300514
18.270748,0.8953171
17.086226,0.8485794
17.314365,0.78216743
19.120777,0.884922
17.729584,0.7908516
17.444881,0.7348709
17.222322,0.8993435
17.018293,0.82079506
17.015427,0.82515526
18.360182,0.9619522
19.251993,
18.18676,0.88858986
17.319902,0.83028984
17.416313,0.7243252
12.407155,1.4512615
18.25843,0.8830452
16.341467,0.9889078
18.238733,
15.745316,2.1689234
17.606264,0.8155117
19.191439,
13.781059,1.0069427
17.773796,
13.308074,1.1479187
15.867275,1.0589724
13.32182,1.2770329
16.896759,1.0679607
13.859068,1.059228
11.120452,1.9682522
17.450489,0.87784004
17.25761,0.794981
17.957203,0.8330574
16.797543,
17.047308,0.82841873
17.863646,
17.99583,0.8333168
16.470194,1.0150547
16.38373,0.9892416
18.060186,0.80820084
14.7383,1.1052504
17.405865,
16.935787,0.8949852
13.789642,0.9637947
12.730328,1.3773813
13.478516,1.1905766
13.84511,0.95564556
11.697042,1.6460772
13.947112,1.1413317
17.260468,0.8408756
17.10698,0.810976
17.091633,0.9036989
13.812284,0.9971504
13.86796,0.9979162
16.093306,1.0144682
17.75458,0.5511074
14.751897,1.1016874
14.203456,1.1656475
17.000772,0.8660774
18.042938,0.8351135
17.394457,0.7437763
17.971346,0.7876606
18.695042,
18.244013,0.86537933
17.8364,0.8138943
18.523857,1.1157913
17.932234,0.8352299
19.971846,
17.324327,0.8048897
18.456944,
19.717157,1.077177
18.95884,
17.47638,0.74746895
19.609215,0.5700588
14.740897,1.1021423
15.873623,0.9913664
17.876837,0.766449
17.300476,0.86618614
19.537813,1.1247368
15.998969,1.0399342
18.022411,
18.002392,0.6861248
19.505295,0.6931
18.008703,0.80013084
17.025387,0.88084793
17.777966,
16.750675,0.97875404
18.709295,0.9774704
17.840483,0.78092194
17.91313,0.7727623
16.981817,0.9211807
17.163244,0.7877979
15.029705,1.0845127
13.861055,1.0531301
17.725428,0.8680401
16.843302,0.9735451
19.366364,
19.714306,
18.874624,0.7273445
17.080175,0.8844414
19.289637,
16.570396,1.0160513
17.042469,0.904789
17.364288,
17.909054,0.8574047
18.123035,0.952528
17.685024,0.78344536
16.606325,0.9824562
17.338488,0.7824135
19.339258,
17.918547,0.77949524
19.076952,0.9159298
19.911592,1.1467056
17.75556,0.8280697
18.330118,
17.121227,0.8176117
13.864507,0.9705448
17.349045,0.79995155
17.929092,0.9094658
15.021112,1.1107674
17.637247,0.8312168
16.90959,0.91758156
14.235409,1.1536074
14.868403,1.0888386
17.412905,0.7368107
13.989325,1.1823854
13.658855,1.0081568
16.893242,0.9821987
17.391996,0.7122288
18.165981,0.8262081
16.954216,0.9727421
15.711806,1.0714636
11.728702,1.60355
18.262516,
18.422924,
17.545652,0.91192627
13.894594,1.0606804
17.645756,0.6995659
17.739887,0.8758869
18.21019,0.92346
16.954802,0.94023895
18.714642,
18.097906,0.7630882
18.434065,0.82165337
17.03216,0.83475876
17.495186,0.72229195
19.401024,
18.044613,
17.114237,0.82831764
18.880724,
18.321795,
16.555471,0.98676586
17.504526,0.74995613
17.893261,0.81648445
14.540705,1.1328993
17.18115,0.7891102
17.867815,
18.015726,0.8511238
17.728092,0.7549057
18.113945,0.79896927
18.727657,0.8521919
17.122744,0.81362724
17.017796,0.8556633
17.942919,0.8354969
17.361506,0.80181694
19.521524,
14.192763,1.1573133
17.524174,0.77215767
17.142162,0.7852249
18.868582,0.93873787
18.491743,
18.204565,0.7897072
13.505524,1.107585
18.6168,0.8747959
18.516994,0.8741226
18.356289,0.8231716
18.753267,0.89141273
17.498667,0.756361
19.117073,0.9372349
19.774887,1.4039536
17.131672,0.80443764
17.079863,0.8287506
18.248976,0.8201866
18.357521,0.8256359
18.667088,0.84763145
17.535929,0.7683182
18.58188,0.89139557
17.715166,0.85588455
17.018534,0.9091797
18.119024,0.8004837
17.707832,0.77326965
14.2295,1.1566133
19.842978,1.2263756
17.020077,0.882267
17.875488,0.7751484
13.547156,1.2550039
17.965666,0.8217716
18.480108,0.8744259
19.556393,1.071909
18.377375,0.80134773
17.929853,0.7863369
16.788881,0.9931698
19.798882,1.144146
18.920338,0.9604721
19.223356,0.99773407
13.862358,1.0614157
18.098074,0.7598038
17.714363,0.74591064
18.986914,1.0931835
17.186237,0.7951431
17.576033,0.7361355
19.517958,1.0500889
17.157787,0.80140305
19.364971,
18.637907,
17.0058,0.895689
17.007093,
18.759342,0.90498734
17.967482,0.8300781
18.500267,0.879282
18.000027,0.7937069
17.772827,0.78123665
17.89569,0.8246746
18.165083,0.8028259
19.101562,0.9510422
19.977358,1.2652569
18.913494,0.9719906
16.810118,1.0602779
19.016064,
17.440228,0.76216507
17.307335,0.7411976
17.962904,0.8340683
18.07872,0.79104996
18.13217,0.7916832
19.193266,0.9381466
17.735092,0.74513054
17.053362,0.8611603
18.65766,0.9349308
19.660618,1.0968075
17.051401,0.8288784
18.768705,0.7650032
17.742535,0.80389786
18.750282,1.0062695
17.074028,0.8210373
19.0341,0.8432331
17.810568,0.77948
17.54897,0.76610756
17.981174,0.7981014
16.600765,1.0108604
18.695232,
17.879927,0.7901554
17.382088,0.78861046
17.085741,0.78385735
19.459017,0.99845314
17.538038,0.79610825
18.832787,0.89717865
14.56107,1.1458197
19.976526,
15.705238,1.0552187
19.232187,1.0264263
18.667908,0.85284615
18.380589,0.8354492
13.811603,1.2365046
19.605927,1.0795689
17.353077,0.77591324
17.71897,0.79720306
18.419876,0.8438091
18.09633,0.8609047
18.973003,0.99877167
17.191885,0.78362465
18.413483,0.7464771
19.506086,1.0969486
15.458468,1.0483723
18.185528,0.8311367
18.529768,0.85619164
19.136446,0.97079086
17.584978,0.7694988
17.678595,0.83761597
13.884819,1.072401
16.986101,0.9385433
14.93833,1.1138563
18.683153,0.7695236
18.796473,
17.191074,0.8122387
17.701944,0.75889206
16.338408,1.0186291
18.558708,0.8831234
19.730804,
18.325642,1.143053
18.250181,
16.671637,0.89038944
16.92018,0.9466934
18.047485,0.7632885
17.141125,0.75234985
17.29341,0.7513733
18.359812,0.82665443
18.636044,0.84534645
17.035187,0.8395481
18.506916,
17.388302,
13.862489,1.0247602
14.699237,0.9941702
14.34545,1.1581345
14.162809,1.1645203
13.6733465,1.2145767
14.142285,1.1989126
13.880525,1.0078106
18.157967,
18.583427,
17.47574,0.8012142
16.890942,0.9911022
18.669561,0.9361496
18.875042,0.6724529
17.427977,0.82147026
16.974733,0.92207146
17.32243,0.8026695
17.049206,0.7997885
17.21719,0.8500538
14.660308,1.1840029
16.40379,0.98954105
12.23089,1.32372
18.437454,0.83140755
19.23192,
18.867237,0.9478569
18.621494,0.8772907
13.234412,1.2939672
18.788824,0.9051094
19.187258,1.0810566
17.51152,0.7798042
18.16233,0.78611374
19.043108,
17.322277,0.82191086
17.464214,0.80539703
18.506119,0.8983879
18.317202,0.6812782
19.438288,
17.839006,
18.610392,0.6781101
15.864009,1.0392008
18.138416,0.763525
17.60107,0.7660847
17.884632,0.7873268
17.039797,0.87421036
18.305996,0.84983253
18.347343,0.8513527
11.050736,1.9974127
13.841391,1.0424433
16.85335,0.9789238
19.832035,
17.670052,0.78876686
18.200222,0.7809372
17.4984,0.7567749
19.138601,
17.763369,0.7011318
17.34779,0.79380226
17.773642,0.7390709
19.065304,0.8848419
18.655222,
16.99495,0.9446354
14.575838,1.1318417
17.8401,
18.599718,
17.193169,0.71769524
18.346111,0.762331
15.985851,0.99038315
17.810602,0.6723232
17.38094,0.8322563
15.12369,1.0814428
18.459492,
13.305587,1.2603607
16.156883,1.0204096
13.11041,1.2871342
13.59289,0.9289198
14.310561,1.1515408
15.5231085,1.0449123
18.153917,
17.46669,0.72992516
16.756084,0.9684601
17.255747,
17.571577,0.7070255
12.999074,1.3385153
13.851478,1.0428295
17.009914,0.8633652
17.152143,0.82219124
17.653282,0.75857544
17.592869,0.79870415
11.00822,2.4422436
12.102276,1.4107409
10.929239,2.288702
13.820727,1.000287
13.834924,1.0473785
14.518814,1.1234264
17.79202,1.9941874
14.808421,1.0485945
17.096428,0.804348
11.274,1.792059
11.6121645,1.5252886
14.8049555,1.0146532
13.711264,1.1513605
14.737718,1.0926237
13.554438,1.2358046
11.954049,1.5754175
17.117712,0.85494614
16.940746,0.9489145
17.159716,0.76366997
13.77259,1.0035219
18.280714,
11.994568,1.56246
17.402893,0.73132515
17.7722,0.7916088
17.807575,0.7457676
17.015938,0.8331661
18.381077,
16.77684,0.99625397
17.090906,0.7746277
18.851715,
16.96972,0.8879833
17.46573,
17.014345,0.855917
17.026022,0.87612724
17.536161,0.7786522
17.833368,0.83945847
16.011465,1.0534792
15.241685,1.0858326
19.312084,
17.593374,0.75992966
17.344673,0.76228714
16.765984,0.92712975
17.036451,0.93574524
17.634909,
19.12568,1.099287
17.451199,0.7967243
13.610652,1.0916166
17.188591,0.8343563
13.8569355,1.0270939
15.216801,1.0304918
17.15859,
16.89082,
13.72541,1.1067572
16.57501,0.9458561
17.541649,0.8179321
16.84573,0.9566021
16.985222,0.8399544
13.857294,1.0298805
17.379292,0.8021698
14.137789,1.1534157
13.820459,1.0221624
13.886297,1.0339355
14.331256,1.1481609
13.831348,1.2224178
13.868355,1.03689
17.665636,0.9563122
17.62636,0.6900368
17.097797,0.79172516
16.320288,1.0111732
17.18914,
18.744503,0.9414005
17.084585,0.79858017
17.82149,0.8564186
15.775109,1.0297956
17.12354,0.7842903
17.281656,0.7695694
17.866922,0.7268925
18.97805,0.7866688
17.464178,0.78333664
17.079342,0.81967735
15.0486765,1.0830116
18.192488,0.79410744
19.507101,
12.993119,1.3707008
19.389872,
17.417854,1.0718765
17.527056,0.77405167
13.874091,1.0019512
18.232376,
13.869761,1.0059156
17.796326,0.7724018
14.414835,1.1622181
17.230059,0.79836464
17.984938,0.8495045
17.713411,0.76688576
17.085543,0.83932686
17.34075,0.7838745
18.815393,
18.865355,0.93294334
19.182106,0.99266434
17.885258,0.9517803
17.883736,0.71076584
18.396631,0.7888031
18.005318,0.9185028
18.46357,0.8574772
19.321375,1.0536098
16.351849,1.0148716
17.723219,0.75828743
18.710632,0.91578484
17.882284,0.8968601
17.02654,0.9180908
17.142109,0.7820282
18.321606,
17.456987,0.75709724
17.57913,
18.752724,
18.747168,
18.913443,0.864172
17.994204,
14.408015,1.1795216
18.819065,1.0524387
18.699825,0.93855286
18.323114,0.90829086
18.654049,0.90755844
17.210829,0.8037605
18.19444,0.8066101
17.915855,0.78175163
17.684029,0.73394775
18.919939,
18.916452,0.24949265
18.067896,0.75925255
17.100752,0.78445625
10.850767,2.3773518
16.609364,0.9809475
17.572983,0.9222412
13.81664,1.0253239
16.90655,0.92315674
15.981363,1.0229731
11.510939,4.0480804
17.740736,
16.113358,0.9972944
17.207035,0.7775078
13.8099575,0.95960903
15.121901,1.0220833
17.8256,0.6552162
17.595205,0.78155327
15.007832,1.044569
17.250177,
13.852095,1.0605564
15.004414,1.2076302
11.370723,1.7227592
12.524475,1.2895155
13.274396,1.0674725
15.324283,1.0209475
13.865273,0.99312115
17.29596,0.77052116
14.957033,1.0929775
14.201706,1.1252928
13.832974,1.0302887
13.724646,1.0042429
17.445297,0.8400974
19.22882,0.45844078
17.850039,
17.458628,0.7711563
17.603556,0.7908211
17.254927,0.7928295
18.664707,0.9023495
19.086023,1.114563
14.06971,1.1989603
18.876669,0.81586075
18.383486,
17.15465,0.83584785
17.613943,0.7889252
16.251999,0.9449825
17.273312,0.7230606
18.12946,0.8447113
17.66491,0.76522636
18.24969,
14.990261,1.0889235
19.290203,0.2992649
17.716202,0.8172684
17.274065,0.79052734
16.30477,1.0317297
17.386301,0.8127289
17.927753,0.74780655
17.311697,0.78082085
17.857525,0.777441
17.79384,0.8247738
19.957336,1.1441498
17.102375,0.81062126
18.48763,0.86206627
17.215038,0.79273224
19.71197,1.1518383
19.611437,1.1262321
18.00148,0.84859467
17.029678,0.8544159
18.175562,0.77545357
18.964092,0.96520424
19.456459,1.085453
17.55215,0.7823734
17.47362,0.7488556
18.914625,0.8871441
18.118155,0.75232697
16.013857,1.053977
18.123491,0.8320942
18.084589,0.7799549
17.997509,0.8237915
17.365751,0.77495956
17.166302,0.8101139
17.599932,0.75969505
16.752596,1.008379
18.717625,0.8861332
18.263498,0.8268986
18.237604,0.8339405
18.613789,0.8719578
19.84018,1.0671806
18.609638,0.8267555
16.340979,1.0460005
13.886054,1.0323515
19.676517,0.8965683
19.026413,0.9603882
17.717163,0.7753124
17.763844,0.797966
17.460032,0.7812576
17.566559,0.7767601
17.2207,0.83880234
17.482029,0.7519131
18.227667,0.8334274
14.712298,1.1375647
15.030874,1.1117382
16.380196,1.0503216
18.06043,0.80290604
17.810665,0.7882557
17.785778,0.77474594
18.86044,0.82766914
18.685686,0.86323357
19.114077,
19.863678,1.2074528
15.972582,1.0581789
19.25133,1.025856
18.18874,0.7934494
16.150488,1.0584602
17.102333,0.81446266
18.736143,0.9076576
16.066923,1.0592012
18.76565,0.9208641
18.1913,0.7794342
13.828569,1.061533
15.464442,1.0857
15.537159,1.0456257
16.21861,1.0422478
18.297813,0.8143997
18.496252,0.7938328
18.313894,0.82593155
19.80491,1.4056206
17.286125,0.7771797
18.321173,
19.065231,1.1007328
12.723087,1.3906727
19.634647,0.9468174
19.632141,1.2339993
17.336308,0.7726879
18.029745,0.7998085
16.644754,1.037035
19.34455,0.96300316
16.760494,0.989542
17.244162,0.8054428
17.619928,0.8265915
18.512531,0.83745193
19.212189,1.0123653
17.243654,0.80140114
18.734488,0.8339577
17.362122,0.78342247
19.31762,1.0758419
16.779633,0.98516273
19.356737,1.023552
17.388674,0.7899475
19.168612,1.0372906
18.181374,0.80054283
13.880925,1.0436277
18.319782,0.85544777
17.961147,0.76122093
15.130076,1.101759
19.195587,0.70843506
16.006758,1.0167704
17.34169,0.80939865
16.958683,0.9134941
17.590822,0.7955265
19.283157,
14.302903,1.1613293
17.82113,0.77783394
17.168684,0.7958298
18.349394,0.89972115
18.409815,
17.112305,0.81289864
18.429632,0.82930756
17.647242,0.7645035
18.368126,
18.594534,0.9455509
16.390312,1.0477085
18.31864,0.8744583
19.234276,1.3182983
17.125149,0.8062668
17.753801,0.6377983
18.615007,
18.317709,0.8481426
18.378334,0.8100109
17.985651,
17.912043,
17.998337,0.8335018
15.267007,1.0671034
17.1459,0.7887802
16.83211,0.9048157
16.667702,0.9209404
16.746256,1.0099449
14.643176,1.1340151
15.911446,1.0519428
15.381871,1.0372324
17.232357,0.76965714
17.190805,0.7417698
16.456602,0.9470043
17.897633,0.70864487
17.748055,0.78967285
16.22297,0.9887266
13.78037,1.0119133
17.985994,0.779829
16.440441,0.97783756
13.547671,1.221468
13.039593,1.2438488
14.337999,1.1330385
13.817019,1.0080891
14.567257,1.1101494
13.107993,1.1988487
13.882759,1.0238247
15.900859,0.9166851
16.445932,0.97724247
18.104692,0.79865074
17.446102,0.73269844
19.21142,0.91827583
15.174585,1.0781898
18.388361,0.85785675
18.616472,0.97428894
19.677814,
16.97435,0.97037125
19.177439,
18.243376,0.74974823
18.001188,0.8473377
17.615908,0.8415165
16.802479,0.98591423
17.65243,0.84015465
17.645847,
19.40096,
19.018322,0.9353905
17.96262,0.7485142
13.602976,1.2534819
18.193277,0.6925411
18.065594,0.7599945
17.599152,0.7669735
19.18715,1.0579205
17.27001,0.8128586
17.363926,0.7464123
16.964973,
19.099783,0.99687576
17.77821,0.8171673
18.90646,0.777544
16.292803,0.5004282
17.74752,0.857954
18.877415,0.9707813
18.735247,1.0090504
17.625313,0.7622032
18.639168,
13.818105,1.0289106
15.851764,0.94820595
16.889938,0.9629698
14.561589,1.1311607
10.929364,2.0498219
14.379961,1.1491995
12.717216,1.3033743
17.052275,0.81938744
17.941751,0.70552635
13.89687,1.0374098
17.5893,0.7479439
16.97925,0.7455826
18.32832,
17.304955,0.8275013
18.022417,0.8490982
17.763613,0.84415054
13.980534,1.186657
17.216406,0.8694649
17.41971,
17.529554,0.8159561
14.464455,1.1097412
12.123554,1.3734894
14.412451,1.1721916
13.85147,0.9604864
12.645681,1.2659502
17.207174,0.7943878
13.568267,1.1588125
10.986235,2.705885
15.212558,0.9916277
13.825097,1.0057402
11.153097,1.9760752
17.791388,0.7619438
16.996096,0.8580122
17.106966,0.8218756
13.874775,1.0944233
17.481722,0.77381897
18.649475,0.89237404
17.746315,0.82584
16.869349,0.9320564
17.76438,0.7389374
18.386927,0.9146805
16.951296,0.9500675
18.100286,
19.126879,1.0323086
19.23335,
16.943579,0.92173195
18.697618,
19.424004,0.81943893
19.473047,0.3454609
17.567923,0.7188797
18.323978,0.6979809
19.938643,
17.388083,0.7836952
19.80089,1.5924416
18.510763,0.77690125
15.463433,1.0855236
18.138866,0.7891083
17.864202,0.8170452
17.9114,0.83247566
17.89007,0.84897995
18.059858,0.82354355
13.772793,1.1620331
16.977562,0.94039726
17.29476,0.855587
15.525269,1.0148659
14.247936,1.167983
17.45203,0.72485924
17.256666,0.8224335
19.018747,
17.784594,
17.673395,0.73438835
17.554033,
13.006181,1.3239994
12.776299,1.3562899
17.148327,0.8401184
18.152878,0.9016514
18.274712,
17.815908,0.8282795
17.258675,0.85214424
19.946138,0.23072815
16.537954,0.99680614
17.992989,0.79338837
19.528095,1.1891613
16.541765,1.0327072
14.9478655,1.1020622
18.027924,0.727499
18.729584,0.9136963
17.497074,
18.557123,0.8603897
17.326963,0.74360657
17.972078,
17.606445,0.73251915
17.216173,0.81048584
17.897446,0.76834106
18.150225,0.8693733
18.372803,0.8871765
16.556719,1.0054665
16.362974,1.0240812
17.385696,0.7893524
18.796623,1.0159378
18.2981,
15.894741,1.0328722
17.800644,0.78835106
17.774694,0.7784233
17.690071,0.75063705
13.85103,1.04387
13.845331,0.98522854
10.877658,2.2242212
13.839116,1.0263987
16.988445,0.94429207
13.896011,
17.447987,0.8834381
14.340414,1.1160545
17.927591,0.8117676
18.17804,0.8229275
16.824194,0.8335266
17.464758,0.6889992
17.556118,0.76265526
18.352247,0.7535801
16.965057,0.90413857
16.830055,0.979764
18.762001,0.6270447
17.577066,0.7958145
16.72535,0.8274975
13.872049,1.0285406
15.002232,1.0886936
17.390854,0.8165169
13.85219,1.0480375
17.83977,0.73594093
17.898928,0.78068924
18.730566,0.7331867
17.820446,0.73921204
17.290466,0.78593636
18.78209,0.92388725
19.077703,0.9003048
18.688938,0.8098812
13.865988,1.0462465
17.072432,0.8558235
17.918015,0.7048626
15.2178,1.0784187
14.411943,1.1462574
17.243643,0.8058872
17.231009,0.81824684
17.222303,0.748703
19.179146,1.0787964
18.926794,0.92284775
18.70546,0.81041527
19.029797,1.0427494
17.542871,0.82230186
19.410675,0.8591614
18.214163,0.84988403
18.768642,0.9220314
17.839455,0.7873268
17.592318,0.71346664
17.842522,0.82113075
19.978228,
18.310493,0.8482723
19.071896,0.9538193
19.730871,1.1643867
18.763409,0.99879646
19.55196,1.1157017
18.701544,0.91239357
15.7348995,1.0435781
18.634018,0.8793335
13.885496,1.0763206
18.929998,0.96829605
17.435715,0.79034805
17.759775,0.79120827
18.15126,0.8234081
16.604645,
16.051876,1.0503244
18.173784,0.75478363
17.686852,0.7757797
16.105745,1.0145521
19.352503,1.0000763
17.959785,0.78799057
17.709312,0.780674
19.225258,0.9770527
18.670033,1.0977726
18.932333,
19.281311,0.8547096
17.883615,0.79961205
19.369318,1.0630779
17.8624,0.7960167
19.618206,1.1212673
19.040825,
19.828588,1.033041
17.06698,0.81339645
18.701096,0.8504143
18.818712,0.9334717
18.565744,0.8687229
17.554646,0.8109379
17.863874,0.8157902
18.636433,
18.395443,0.81705666
19.061506,1.010376
17.323212,0.8439884
17.617252,0.73119354
17.301888,0.76771164
17.877142,
18.4807,0.8718376
18.652199,1.1065578
13.872455,1.0028772
17.746021,0.81908417
17.701334,0.7976818
17.767115,0.82105446
18.958458,0.8502407
19.193619,0.72309685
18.662733,0.91529846
19.0273,0.9578743
14.254834,1.1633959
18.897957,0.8559551
14.52502,1.1412964
17.984919,
16.97544,0.9991741
17.019798,0.8729477
17.651134,0.8228531
19.480911,0.6533985
17.072052,0.85666084
19.284016,0.98117256
17.122309,0.92870903
14.128857,1.1330738
18.713274,
16.49073,0.96810913
19.483326,
19.423409,
19.28294,0.8992958
19.392841,0.93012047
17.619595,0.78853226
17.563532,0.7459698
13.851447,1.0585899
14.962477,1.1093845
18.148384,0.8303242
19.713686,
17.159035,0.8071995
18.746136,0.90000534
18.08092,0.8883381
18.17713,0.8505516
19.47317,1.3902111
19.713331,0.955595
18.504635,0.89417267
18.242365,
19.161453,0.9823532
17.42766,0.73132896
17.99307,0.81609344
19.003052,1.047163
17.07749,0.8284397
19.343111,0.7782974
17.764688,0.7801361
17.8814,0.75775146
17.53563,
16.69794,1.009573
13.839295,1.0218544
18.225235,0.8573456
18.680065,0.9219799
17.904276,
17.65149,0.78681946
17.47186,0.7881832
18.165026,0.96427727
17.197844,0.7968693
16.166252,1.043992
19.186625,
17.495667,0.76387596
18.593891,0.91004944
19.277458,
16.758764,0.99538803
18.711662,
19.324495,
18.150335,
18.852951,0.9568863
17.390543,0.7514839
17.508923,0.7723999
19.166426,1.5433979
13.794785,0.95486736
18.616081,1.0133781
18.010845,0.78772354
16.351576,1.0329351
17.278008,0.7746372
17.73753,0.8018799
15.581684,1.0595455
18.408674,0.8643017
15.9643135,1.0416632
14.467426,1.1521626
17.355066,0.76283264
18.57912,0.903759
19.454391,1.0447865
17.746351,0.771389
16.117723,1.0194206
17.003948,0.90714073
18.706882,
17.147924,0.8171673
17.771883,0.79148865
18.536036,0.82141113
19.900743,
17.464632,0.75933075
15.751777,1.063777
18.964872,
17.08666,0.8052635
18.032335,0.7733536
18.73013,0.86239433
15.79964,1.0440559
18.44649,0.8016434
17.923088,0.77835274
19.126207,0.9890232
18.610502,0.79533195
18.888405,
19.921011,1.1104794
17.537128,0.7950382
19.65952,1.0785999
18.888279,0.9049988
17.626984,0.7739372
18.303844,0.7633095
16.958597,0.9787979
16.971304,0.9698143
17.359411,0.7572651
17.763985,0.7857876
19.842384,1.2139645
19.282387,1.0546951
11.460515,1.6882505
17.42415,0.93860435
18.065678,0.82808113
18.3943,0.8475628
19.134232,0.90288734
16.99393,0.94304466
16.97875,0.7321453
16.05175,1.0541153
13.886953,1.0186148
18.872198,0.9000015
18.507605,0.94102097
17.634827,0.75585365
18.71712,1.3804321
18.608702,0.88975906
19.120125,
17.453573,0.78483963
19.677055,1.0917549
18.009369,0.75519943
16.957365,0.95293236
17.384022,0.7654972
16.321041,1.0346823
19.090918,1.1026592
18.109705,
17.086042,0.78974724
17.711653,0.7579975
18.428673,0.8387623
17.523594,0.77716064
19.099613,0.9355812
18.24921,0.8253784
17.209124,0.7975426
19.7913,1.1202583
15.783699,1.0463085
19.411486,1.1308651
18.39187,0.9879761
19.079975,
17.043503,0.8765793
16.803503,0.99952126
17.73113,0.78728867
18.912504,0.9693146
18.120874,0.8124752
19.591293,1.1641197
18.77485,0.9233837
14.870363,1.1284838
18.404583,0.8554573
15.893416,0.42284584
19.794014,1.1337986
19.839851,1.42136
19.428991,1.0743561
19.448048,1.0214729
17.018915,0.9264126
17.961884,0.8019829
19.615479,1.120678
18.129362,0.8105812
18.628307,0.80696106
18.313677,0.84708595
19.413805,
18.650784,
18.449938,0.8836384
19.15575,
17.599648,0.80064964
18.091091,0.83273506
17.744274,0.779932
18.899654,0.88145256
19.785185,1.2441769
16.38035,1.0521727
19.12665,1.0201187
18.621428,0.9514351
18.80036,1.1882515
11.225059,1.8851013
19.337328,0.97916794
18.111458,0.82414436
17.74642,0.778986
17.40606,0.7715187
17.671646,0.77127457
19.483402,0.959198
18.74936,0.89170265
18.267788,0.80662537
18.681614,0.87070847
17.534191,0.7821541
19.28852,0.97857285
18.863546,0.8867054
18.363598,0.86021614
17.800179,0.8368244
17.78678,0.77544785
17.003008,0.8654957
18.35395,0.833601
18.530218,0.8246193
17.931376,0.7891655
18.544569,0.88311577
19.659163,
16.131493,1.0601902
19.518425,1.0472221
18.440033,0.8686619
19.056393,0.95422554
19.08123,0.9439297
17.924406,0.7866154
19.726536,1.0437374
17.891483,0.77376366
17.199589,0.78629494
19.806139,1.1242828
18.734274,0.8812847
17.403278,0.79379654
17.216846,0.7678833
18.65975,0.8751507
17.625912,0.77519035
17.900995,0.7885952
18.34344,0.83921814
18.700268,0.7721424
18.196398,0.78588104
18.331697,0.816576
17.814053,0.7804489
18.421354,0.88163567
18.625803,0.81066704
17.985798,0.81939507
18.436049,0.89505386
19.805616,1.1558704
18.274706,0.8432274
19.835863,1.2306881
18.016129,0.7806225
19.653217,1.0876389
17.001822,0.907032
18.260649,0.9258213
17.263205,0.7891731
18.683174,0.8475151
18.258347,0.8084564
13.815936,1.0069456
18.714775,
19.401583,1.0935268
19.567257,
17.134174,0.78687286
19.061893,0.82234955
18.136738,0.8229008
19.70104,1.1578255
17.200796,0.77082634
17.830618,
16.98746,0.8642292
16.74893,0.9914017
17.376986,0.74138355
16.804281,0.98766327
18.3201,0.7394104
17.535873,0.8651371
17.226656,0.87587357
18.169113,0.6915684
18.006992,
17.714575,0.72143555
14.400507,1.1780415
19.475231,
18.76067,1.1621265
18.444035,
18.770515,0.8943901
17.018875,0.8863945
18.020731,0.80678177
17.489851,0.70905304
17.377872,0.7658806
17.684958,0.9011116
13.953985,1.18157
13.7909775,1.2123966
17.254353,0.8148136
18.838158,
17.98633,0.87044334
18.4962,0.8966503
16.32797,1.0365782
18.827347,0.8927326
17.730879,0.7634449
17.60417,0.6991501
19.022772,1.175602
19.2274,0.7506561
13.759794,1.0847578
18.628027,0.9039383
17.89861,0.85902023
17.485313,
18.9499,0.88734245
16.43572,1.0253057
18.50306,
18.001144,0.8629112
18.205069,0.9058857
17.044142,0.84279823
17.96076,0.99956894
18.362226,
17.453514,0.78183174
16.995152,0.8199043
17.461243,
17.523224,0.7665367
17.453978,0.8296757
13.940451,1.1956005
17.939493,0.7250042
16.502134,0.99849415
13.869231,1.0251541
17.481962,0.801136
14.009589,1.1755495
13.715513,1.063715
19.623196,0.36902428
17.856133,0.83815
18.373041,0.97992134
19.519163,0.9063053
16.922834,0.94491386
11.49499,1.6494808
18.016348,0.839695
18.684021,0.8990669
15.676482,1.0662518
18.795464,0.80563354
13.848921,1.0322886
17.417892,0.71271896
17.860102,0.7313194
18.128374,0.9611225
18.687551,
18.687288,0.9258995
17.414337,0.7891464
17.068398,0.8376522
17.950748,
17.469786,0.7897129
18.583923,
17.397467,0.984293
16.465343,0.5756397
17.898794,0.64873505
19.722383,1.1781349
18.443861,0.82964706
17.797997,0.8339596
18.145369,0.87439346
17.188066,
16.499737,0.940835
18.31613,0.8223076
14.889775,1.0753698
17.078953,0.7749901
16.403742,1.0272608
13.853708,1.0431061
16.983198,0.90975
17.476036,
18.01641,0.8475208
13.853457,1.0763655
17.064272,0.79986763
14.349976,1.1478548
17.709547,
13.881103,1.0558348
18.099592,1.0420303
14.249271,1.1506939
11.776476,1.6472197
17.679115,0.8707695
17.92277,0.950531
15.229999,0.67225647
12.270611,1.4075623
16.513077,1.3628874
14.870551,1.0640554
16.396734,
12.760208,1.2364092
17.038803,0.8025894
14.417955,1.0717754
14.540218,1.0968246
15.633996,1.0469065
14.991102,1.1084652
18.13719,
17.471592,0.81398773
17.86643,0.67577934
18.162506,
17.300299,0.7776909
17.983368,0.8041611
19.308397,1.073391
17.397459,0.7388077
17.97489,
19.566109,
19.624619,
17.74075,
17.465504,0.83046913
18.648727,0.86784554
18.781342,0.6505718
18.04483,
18.234644,0.7014313
18.730375,1.0234165
15.714469,1.0346813
17.064758,0.8366947
18.426575,
18.399302,
18.795815,
17.638456,0.75422287
13.816519,1.025114
17.360926,0.75133705
15.397847,1.0518627
17.619791,0.7951355
18.881416,
18.424852,0.88687325
15.42718,1.1130114
17.13687,0.8008518
18.183477,0.7705517
15.281405,1.0794058
17.30643,0.7840347
18.398977,0.89777184
19.229397,
17.322403,0.77806664
18.624796,0.90961075
18.867855,0.9139328
18.795914,0.9158592
18.108862,0.7808933
17.126415,0.82235146
13.861932,1.090725
18.198961,0.82894516
17.278221,0.77547836
17.638723,0.75912285
18.391054,0.8289757
19.118647,0.9271717
17.727522,0.76633644
14.12729,1.1604328
19.081781,1.0438061
16.985744,0.90368843
18.926428,0.9361172
18.049892,0.7686882
19.242071,0.977335
18.03209,0.9308891
18.873695,0.89629364
17.118576,0.8070183
19.614006,1.179882
17.763271,0.80132484
18.255808,0.8243866
18.645039,0.82029724
19.490065,0.9806576
17.836187,0.82001495
17.234726,0.7972431
18.258944,0.80119705
17.838955,0.804718
13.775952,1.0615406
17.062477,0.7937813
19.790474,1.172329
19.91114,
18.478045,0.9188709
15.423933,1.0621862
18.141792,0.7859535
19.456493,1.055973
17.761236,0.7998905
17.094145,0.80724144
18.988342,1.0093117
18.673983,0.9299469
18.723825,0.880455
19.19222,0.9479294
18.210642,0.7870598
14.317503,1.1806879
18.629688,0.9373741
17.192282,0.78699684
17.10494,0.82705116
18.273117,0.84477997
18.960262,0.99510574
19.981216,1.2652454
17.877348,0.82183075
18.967918,0.94763374
19.930405,1.1384525
17.014029,0.96634674
18.52432,0.8872528
17.187677,0.77739334
18.844234,0.9010315
17.85725,0.7710991
14.288712,1.1858873
17.49525,0.7583809
18.848267,0.8954525
17.442871,0.7918644
16.956703,0.9541569
17.37308,0.79398537
18.934967,0.9250469
17.793655,0.77550507
18.05099,0.87008476
17.893312,0.81837845
19.301838,1.0477486
19.646673,1.0868149
17.06649,0.82401276
14.971857,1.1234388
19.08895,0.89198303
19.899462,1.1585159
19.089718,0.7809429
17.676348,0.77518845
17.011135,0.8920994
19.866722,1.4810658
19.061335,0.8889828
18.09665,0.8261509
17.351847,0.7686367
17.671946,0.8291054
19.26525,1.0147858
17.48175,0.80197906
18.90578,0.97598076
17.06316,0.8514004
19.28873,1.0547485
16.569801,1.0138893
17.623108,0.7915554
17.546114,0.7469158
18.503012,0.8519745
17.086447,0.8134918
14.839692,1.1187153
18.379578,0.9199333
18.301517,0.8631344
17.46207,0.7597141
19.630941,0.9856491
18.558432,0.8513355
18.267155,0.9033241
17.325026,0.78001595
17.116783,0.78920555
18.79633,
18.051786,0.788496
17.405516,0.65190506
17.761393,0.8074322
17.134819,0.78523254
18.578465,0.9094982
16.394249,1.0270214
19.858665,1.1775475
19.254568,1.0850983
17.261127,
16.059734,1.0462093
17.227793,0.7820854
18.457264,0.84667397
17.478205,0.76143074
19.833645,0.88796234
19.545107,0.9932842
17.455772,0.7814808
19.369041,0.99552536
19.12989,0.81149673
17.70939,0.74471855
17.762928,0.776268
16.202938,0.883338
17.207985,0.7225628
17.45459,0.79010963
17.575089,
17.779049,
16.085896,1.0340757
16.809626,
13.300746,1.2834606
11.042773,2.055582
16.583847,
18.145016,0.83616066
17.258986,0.7706089
13.654728,1.2160549
18.101868,
17.35179,
15.933111,1.022274
15.840044,0.9767437
13.893234,1.0422049
16.074886,0.9535637
13.897292,1.0350313
13.732197,0.9821348
14.195358,1.1227789
12.770781,1.3432169
12.404628,1.3411245
13.874627,0.9688034
17.464334,0.8113575
18.478256,0.8119774
18.137676,0.71637917
18.673521,0.96278
19.305609,
13.884845,1.0310364
17.607672,0.7396126
18.147324,0.758337
18.198093,0.956234
17.107552,0.8189087
17.274872,0.76272774
17.991398,0.78204155
17.038778,0.83955956
13.920688,1.2014561
19.320707,1.1442299
18.363369,0.26951218
18.501865,
19.334532,0.9442005
18.183472,0.74378204
17.75885,0.71059036
17.034433,0.8460369
18.92758,
17.85352,0.7604084
18.057787,0.8135681
17.395348,0.75844955
16.976788,0.869318
17.346659,0.88339806
17.443722,0.73784447
18.700094,
17.070475,
17.81179,0.84952354
16.848642,0.92648315
16.617405,1.1977177
15.354559,1.0405731
13.8129425,1.1449957
16.366705,0.970438
16.383045,0.97179127
13.060628,1.3021374
16.978228,0.82528687
17.721947,0.6859417
18.56639,
18.737923,
16.80542,0.9399376
17.3372,0.7984562
13.874063,1.0105801
13.881099,1.0494747
17.15939,0.7676525
17.557543,0.8295231
14.062327,0.88562965
12.629195,1.2924128
14.023144,1.1261225
10.877634,1.9048328
10.848938,1.8661165
13.804689,1.0150785
17.424067,0.82539177
14.361883,1.1006794
15.7235565,1.0240431
17.13698,0.7377815
11.138279,1.6827383
12.055994,1.508501
12.152307,1.3639574
11.409562,1.7195892
13.833354,1.0236473
13.932199,1.1650085
17.890142,0.79846
17.586023,0.870039
17.59163,
17.86776,
17.89031,
17.572231,0.78741264
13.984963,1.1826124
12.232023,1.4847822
13.81956,1.0429459
13.38372,1.2811747
16.891333,0.9788189
17.50996,0.7862873
18.461927,0.8569374
19.273077,0.9005203
17.067196,0.81679535
17.819715,0.7896023
17.809723,0.75686455
18.66984,0.8471966
19.626663,1.0501041
19.420216,1.0661793
19.06611,1.0124378
18.507494,0.79294777
18.648918,0.8209381
17.48549,0.77059174
17.04798,0.8307915
17.849236,0.7622967
19.213552,0.9877796
18.455868,0.85529137
17.896301,0.7688999
17.697092,0.76449203
17.831581,0.7833252
18.034847,0.79275703
18.151613,0.82925034
17.769753,0.78871536
18.779413,
18.44963,0.85894775
18.941338,0.82403564
16.698065,1.0041275
18.862545,0.9141903
17.174004,0.7847614
19.062784,0.96450233
18.92986,0.8944378
17.553402,0.7799206
17.697273,0.7896309
17.397116,0.77814484
19.543594,1.116272
17.984327,0.81186295
17.079445,0.81866264
18.68099,0.9048042
19.86708,1.2028084
17.425167,0.7853298
17.911514,0.7490597
17.922342,0.7685509
17.58535,0.7766876
18.302824,0.8511963
17.611712,0.7734566
19.113918,0.9426403
19.904194,1.2311287
19.09436,0.9826317
18.637548,0.92844963
18.668337,0.93751335
17.262035,0.77627945
18.907925,0.8931427
18.508837,0.87457466
17.286894,0.7883568
18.717175,0.91132164
18.078098,0.79768944
19.168869,
19.618292,1.1164494
19.443844,1.0468025
13.614571,1.255456
17.273003,0.7736378
17.033901,0.8821392
17.910383,0.7771263
19.7125,1.0949421
19.96868,1.2802238
19.31585,0.89857674
18.75058,0.85969925
18.328106,0.8442383
17.730247,0.7861328
17.57123,0.7818546
13.213173,1.2878246
17.790983,0.700964
19.427605,1.2396107
18.75004,0.9288292
19.280516,1.1907139
18.05226,0.81043816
17.997534,0.8113041
15.657395,1.0568905
13.550792,1.270237
15.698658,1.0700502
17.486435,0.7731075
17.032345,0.89603424
19.67753,
18.664883,0.8844452
19.260847,0.95703316
18.102932,0.8300152
17.620378,0.73342514
17.112034,0.8104763
17.731125,0.78458405
19.083035,0.9453182
19.548506,1.223877
19.8515,0.8541527
18.586918,0.86634254
17.096594,0.79755974
12.810723,1.2081757
17.650225,0.7837105
18.58685,0.8212013
17.926695,0.78461075
17.296804,0.7867489
18.959131,0.90172005
17.197706,0.79540634
17.25312,0.7725067
16.921045,0.9599972
19.233103,1.0189228
18.379892,0.7846718
13.777003,1.2026157
18.3002,0.83272743
19.219225,0.9308586
19.101334,0.9814663
18.297989,0.8002262
17.35444,0.7629242
15.377474,1.0632057
18.092049,0.83073616
17.426111,0.7796993
18.713404,0.9059696
16.326042,1.0419149
17.80569,0.7828922
19.192162,1.0004959
16.395485,1.0206194
18.32117,0.83338356
17.736706,0.77778816
18.148628,0.76194
18.30499,0.81412125
19.151306,0.96788216
17.952127,0.78715134
17.824644,0.76815796
18.183731,0.8511429
18.698248,0.89611626
18.678003,0.9176922
18.246479,0.802969
18.965784,0.9687481
19.996164,1.0793915
19.754768,
19.439505,1.0140419
18.093632,0.8243332
19.69308,
19.559694,1.0539722
18.958979,0.9859524
18.978228,0.80656433
16.164555,1.036686
13.869525,1.0023689
19.325602,1.068716
19.010357,
17.504976,0.80890656
18.422981,0.8507328
17.966488,0.79239464
16.816298,0.9773121
19.360237,1.0135441
15.6420145,1.0766478
17.1435,0.7811661
18.965698,0.9046478
16.435804,1.0478048
18.167292,0.8744507
18.114637,0.96118546
17.727774,0.77599716
19.523233,1.0987358
17.680458,0.7782459
19.831093,1.1191864
17.724043,0.78167725
18.55392,0.9058628
19.145363,0.97634315
18.882998,0.9477558
18.019081,0.8231468
14.4288645,1.1405087
19.070955,0.96702003
17.720705,0.77430916
18.140509,0.80916977
18.92629,0.960001
13.758875,1.0242748
17.342669,0.7707443
19.700504,1.0908642
17.161482,0.798439
13.271193,1.3202248
18.362226,0.8185005
19.515863,1.0794678
17.03796,0.87088966
17.7044,0.7576332
19.865849,1.2900219
19.011528,0.96377754
19.098276,0.97005844
18.888643,0.94965935
17.045675,0.83945656
17.494265,0.7400646
18.172014,0.7874775
16.994705,0.8541603
17.700926,0.716547
17.663645,0.7792282
17.20782,0.8108673
17.026588,0.8737793
17.826996,0.78370285
18.491867,0.8908653
19.801977,
16.281935,1.0382223
17.593397,0.7759533
18.69635,0.82359505
16.54764,1.0089073
18.401186,0.86117554
18.017141,0.84426117
18.147852,0.86446
19.078865,1.1612835
18.481527,0.87613106
18.928795,1.065731
17.830025,0.79208565
17.651693,0.7644634
17.876432,0.8845215
18.457615,0.934145
17.098568,0.82084465
17.718456,0.81516457
17.972412,0.7996464
19.15379,
17.929752,0.8173752
17.888186,0.7917557
19.36994,1.0771255
17.017553,0.8246727
18.205513,0.847702
14.799536,1.1245327
16.892052,0.97141075
17.961327,0.8109932
18.073967,0.8053627
16.978014,0.9117203
16.935274,0.9392891
17.234585,0.78816795
19.635015,1.402195
16.355835,1.0596018
18.044544,0.8038769
17.501764,0.7540302
18.19932,0.8461094
17.100586,0.8292694
19.309847,0.85702133
18.261389,0.797369
19.81596,0.9136429
18.519262,0.8274441
17.879187,0.7488804
19.506712,1.0470161
17.550846,0.7472019
17.370403,0.76815987
18.045834,0.8204441
17.888987,0.779665
14.285197,1.1808987
19.387833,
18.09471,
19.21954,1.1031837
16.982372,0.9508705
18.00309,
18.267302,0.8302288
18.153826,0.7906475
19.873827,1.1367226
17.639673,0.76234245
16.282742,1.0267467
18.840776,0.8580704
17.095612,0.809206
17.65921,0.7563324
17.395662,0.7415123
19.799913,1.7980747
17.253496,0.839756
16.449549,0.99770546
16.557793,1.0343866
17.024353,0.86457825
17.7555,0.80046654
17.683731,
18.589626,0.94335747
19.224611,0.9875355
17.651096,0.7566147
19.370867,1.1925926
17.499119,0.7850933
19.996841,1.2181759
17.94021,0.70381546
19.123838,0.96447563
18.63657,0.9320278
15.622394,0.56584454
18.764542,0.80904007
18.607687,0.9704075
18.035952,0.7652607
17.500929,0.70539665
17.7232,0.81140137
17.198107,0.8254986
18.692284,0.8462448
18.072845,0.7590904
16.335789,0.9958668
15.045046,1.0943432
18.777376,0.9654312
17.696539,0.77674294
15.458584,1.0675573
18.464163,0.839674
19.674427,1.1349087
17.796787,0.7847347
16.844849,0.9873066
18.814682,0.8749943
18.630997,0.868248
16.123323,1.0512123
19.042568,
18.860538,0.948246
18.86115,0.8920231
18.687672,0.98944855
19.000067,1.0005894
19.176456,
18.711807,0.8733101
17.139425,0.7949085
18.40665,0.82701874
15.620235,1.0522633
17.137066,0.80475426
18.920887,
18.255634,0.80901337
14.422749,1.1396494
17.306118,0.7714672
17.274536,0.7963829
18.358624,
17.690746,0.7707119
17.452612,0.8809681
18.826635,1.2317924
17.985346,
17.343212,0.8088436
17.23774,0.81534386
16.2186,1.0301399
17.817532,0.7638893
17.794239,0.7932949
19.462496,1.098587
18.345915,
17.556612,0.80138206
18.638327,0.9316635
18.549438,0.9114189
18.160423,0.7774372
19.253819,1.024725
18.458342,0.80215836
19.111765,0.97229195
19.044462,0.98246
19.447256,1.1117268
15.787064,1.0579004
13.946834,1.1857624
18.171139,0.8045006
18.19048,0.7844105
19.18023,1.0404072
19.027803,0.9459839
19.495247,1.2560387
17.029642,0.83259964
16.939804,0.9700928
19.736547,0.96087646
16.06287,1.0294542
18.249666,0.81160736
19.033136,0.8652172
18.686443,
17.388397,0.75257874
18.013275,0.81638527
13.848742,1.0400143
18.972559,0.9928398
13.175153,1.0499525
15.748557,0.9754648
16.923214,0.7755356
18.63343,0.9483738
18.416666,0.85225296
17.802786,
18.680162,
19.000093,0.9892254
18.300234,0.70127296
17.358372,0.7968483
17.740112,
19.07449,0.87640953
18.958025,
18.756224,0.91823196
18.553408,0.8853264
17.683851,0.8465023
15.864108,1.0448294
19.588692,
17.135933,0.8274784
17.609404,0.8718071
17.409052,0.76553535
18.77503,0.959795
17.664482,0.796196
17.505669,0.71734047
18.11926,0.88993263
14.272885,1.1348114
11.877924,1.6160297
17.256754,0.72193146
17.540508,0.7637768
19.730356,1.1277466
17.791782,0.7771015
18.247627,0.8180008
18.527048,0.812376
19.970509,1.1220894
17.629747,0.779232
16.73707,1.0116215
18.23416,0.83579063
19.448984,
17.96299,0.82774925
17.716671,0.7830868
17.686176,0.76537514
17.076633,0.8542805
18.890636,0.8453274
17.744434,0.8320465
17.615974,0.77498436
17.372,0.7866707
18.352057,0.83353424
15.78489,1.0535793
19.27506,1.0090446
17.838745,0.776392
17.77998,0.80345345
17.85218,0.7752361
18.095999,0.8226528
17.591496,0.7675209
19.524988,1.0813198
19.137463,0.9965725
19.334206,1.0764999
18.017298,0.78974915
19.336357,1.011013
17.808348,0.79158974
19.257902,0.9619427
18.594841,0.84547806
18.002615,0.8141594
19.440517,0.9838295
13.840572,1.0455751
18.814966,0.8985596
17.265965,0.78505135
18.711895,0.9185219
15.00148,1.0995655
19.415565,1.0534325
18.589708,0.9227085
16.868996,0.99180794
17.591322,0.78253746
18.704435,0.88814926
18.077635,0.836895
16.997442,0.9005966
19.641247,1.238636
17.716171,0.7444763
18.182644,0.8171444
17.545647,0.7730465
17.367409,0.7480564
17.109365,0.8366413
19.918047,1.1822453
17.368937,0.78115845
18.303148,0.80314636
17.135109,0.8282833
17.86604,0.766407
18.012455,0.7825165
18.492575,0.9137211
18.320084,0.87802124
18.58401,0.7835331
16.456886,1.0362854
17.107185,0.80192757
12.912078,1.3512144
18.931242,0.92142105
17.805567,0.7658386
17.748608,0.79455566
17.35645,0.7535305
17.898222,0.7859173
15.034608,0.9012165
18.0883,0.78206444
17.45101,0.7642536
16.104038,1.036644
19.55228,1.1068802
16.953259,0.9553852
19.867369,1.1617107
17.76952,0.7946911
19.38564,1.0651913
18.162254,0.82382774
19.492205,0.9873867
18.79099,0.92676735
18.3309,
17.48982,0.76992416
17.573145,0.77565575
18.415068,0.83322525
17.971474,0.8128319
19.038038,0.9574814
17.103321,0.85191727
17.429659,0.7706871
18.280954,0.7942486
19.113277,0.999321
18.920742,0.93247986
18.632668,0.8917866
19.283127,
18.104794,0.8003292
18.39433,1.0032368
19.108192,0.9797287
16.746447,0.9842758
18.387825,0.8376751
18.562311,0.8871174
19.918594,1.2346878
18.773447,0.8747654
18.37379,0.8519306
19.849857,1.1499939
18.149523,0.80158806
19.128098,0.9639416
17.020523,0.8510189
18.414108,0.82139015
18.416267,0.83159065
18.259909,0.8344784
18.103985,0.793211
17.831743,0.78956604
17.753618,0.75704
18.455906,0.9115696
17.513685,0.7690811
19.3296,1.0562
18.171051,0.8019352
18.401007,0.82696915
19.61364,1.1728458
17.954792,0.78229713
19.034986,0.7972965
18.210016,0.8270626
18.059381,0.7969513
17.805038,0.8118782
19.441296,1.1439781
18.513882,0.8552971
16.8918,0.7843971
16.298351,1.0226765
17.386257,0.75748634
18.241552,0.8664055
17.68747,0.7423935
17.544426,0.77970886
17.226524,0.7766628
19.12829,0.99312973
18.733091,0.84163094
17.959482,0.7760048
19.127974,0.9664631
19.210943,0.95028114
18.469564,0.87264824
17.828657,0.76709175
18.802584,0.65226173
18.624437,0.843132
18.647032,0.8513584
19.757954,1.16222
18.106195,0.815218
19.902018,0.8086872
18.891111,0.9920578
18.118284,0.84991074
16.99206,0.9174442
19.772896,0.8561821
17.506073,0.7421818
17.925434,0.75553894
17.235584,0.805563
13.913313,1.1935339
17.057423,0.838047
19.494612,1.0534687
18.755651,0.83172417
19.879776,
17.84173,0.80444527
18.85815,0.91414833
18.886665,0.94597435
18.980148,0.9035454
17.653442,0.8138199
18.523514,0.81822777
17.820482,0.77573204
18.66041,0.87023354
17.951338,0.7966709
18.589653,0.85720825
17.317,0.7766552
19.334671,1.0806332
17.1194,0.7986088
18.700699,0.85884094
12.601439,1.4340706
19.345652,
17.647816,0.7706013
18.243956,0.7717171
19.788963,1.0911312
19.688816,1.1371784
16.8285,0.85100365
19.962751,1.1810646
16.58097,1.0131817
18.432337,0.8625927
17.377851,0.7705784
17.427485,0.8060303
14.412772,1.1499624
18.299946,0.8319454
18.210373,0.8630047
18.153704,0.8129196
19.377254,
16.130741,0.9784279
18.271553,0.8084774
14.345606,1.1611052
19.796553,1.1007977
17.375692,0.7610874
18.785551,
18.804464,
17.432446,0.83251953
19.0737,
16.235575,0.6462736
18.619976,0.8986492
17.05876,0.8446884
17.684063,0.82029724
17.626307,0.7926121
18.963934,0.9198551
17.248535,0.79226875
19.318932,
19.30946,1.1103306
17.438332,0.7728634
18.14301,0.80430603
17.147667,0.82084846
18.798521,
17.006153,0.9129772
18.732174,0.9150181
17.307661,0.7590046
18.405382,0.80571556
17.108898,0.81284904
14.42157,1.1449881
17.562025,0.78211975
18.558804,0.82112885
19.328043,1.0035572
19.056149,1.1006451
18.911247,0.90553284
16.916168,0.95778656
17.90909,0.80247116
19.533545,
17.832956,0.79987335
17.07779,0.8650398
19.407455,1.2297001
17.115877,0.8200321
14.941817,1.0991039
17.575983,0.7915592
16.370613,1.0079727
18.58789,
18.825085,0.8272934
17.933867,0.8309536
17.479967,0.7665291
18.970238,1.1274357
18.698462,0.7969303
18.67296,0.8420563
17.171518,0.78663254
18.052097,0.81534004
17.46462,0.7523842
19.972212,
17.726273,0.74339867
17.000544,0.89325714
17.411398,0.762661
16.570375,1.0048513
19.275679,0.95837784
18.397089,0.8565445
18.73073,0.87340736
19.786264,
16.916609,0.9698677
18.425333,
18.843008,0.8864708
17.350397,0.7959423
17.185514,0.78346634
17.705288,0.7594662
19.262043,0.9542599
18.119917,0.8120327
19.001862,
19.4725,
17.028393,0.8557339
12.902142,1.2698822
17.26223,0.7920437
18.07011,0.8049679
18.3327,0.85050964
17.69071,0.76508904
19.051023,0.9939232
18.01772,0.7923088
18.465645,
16.713577,1.0062408
16.26286,0.7613268
17.577662,0.74765205
19.847612,1.1468639
19.322653,
18.741405,0.9112797
19.749508,1.257555
15.92769,1.0467825
17.630016,0.790411
15.487148,1.0647907
17.962378,0.80161095
18.780087,0.8506546
19.22998,0.9995346
18.146519,0.8038597
17.81942,0.83763504
17.684757,0.7604885
17.24186,0.80028343
16.003668,1.0417633
19.810062,1.2566471
17.540234,0.7727604
16.998817,0.9280853
18.38373,0.83800507
17.405685,0.7465153
18.129984,0.7841072
17.010597,0.88882256
16.765474,0.94661427
19.085232,0.86258316
19.080717,0.997345
17.012224,0.85577583
17.791718,0.8394089
18.354078,0.81643295
14.079651,1.1907167
17.980272,0.70098114
13.803236,1.0296364
17.579126,0.81271744
16.990072,0.92082787
17.781761,0.78310585
15.469625,
16.29919,0.99066925
16.892464,0.95046043
17.66061,0.8361416
18.928484,1.0674706
18.047207,0.828495
18.932346,1.0432072
17.252605,0.7681484
17.973278,0.80443573
18.583296,0.8380203
17.616179,0.7689152
17.069336,0.8281307
17.171307,0.8120346
18.347795,0.855299
18.1493,0.76721954
19.567757,0.7720356
18.833208,0.9429264
16.111008,1.0398464
18.269466,0.827631
18.711397,0.83527184
19.135998,0.94732666
19.012362,
18.158371,0.84145546
19.309917,0.9052429
19.12409,
18.490097,0.8028698
19.537392,0.9936638
18.558306,0.8087673
19.065197,
18.066736,0.80452156
18.270475,0.8247051
17.739698,1.1047859
17.951923,0.75336075
17.459284,0.7767563
18.173397,0.83470154
19.221857,1.1923656
19.853146,
16.77498,0.917387
16.988947,0.8295021
16.854326,0.9473858
12.459365,1.3489828
17.297787,0.8093929
17.614193,0.7814026
17.59415,0.72735214
13.631074,1.0326605
18.451982,0.87581635
18.266817,0.8460293
16.598808,1.0198984
18.933321,0.8634262
18.443794,0.8185959
16.809986,0.68862915
18.147467,0.76815605
16.99375,0.87086296
16.902914,0.90084076
18.49883,
13.828316,1.045289
17.462074,
17.034866,0.8354912
18.933409,
15.086006,1.1114416
19.438501,0.96606445
12.242683,1.5038872
18.753057,0.9459095
13.467012,1.2561779
17.519815,0.7747326
18.445293,0.84918594
19.443909,1.1653404
17.566683,0.77150154
18.016611,0.779377
19.213612,0.9462681
19.146038,1.003891
18.429594,0.8602638
18.987303,0.9542427
17.84246,0.79675674
19.276512,1.0494652
13.900572,1.0447826
15.433453,1.077115
19.253368,1.0185986
17.595795,0.7476711
17.325193,0.75211906
17.135506,0.79974174
19.975746,1.1437969
19.543982,1.1598568
17.021141,0.8799629
18.850952,0.9004841
18.2574,0.8132572
18.146666,0.8293724
19.505302,1.0339088
19.146944,1.0200214
18.569674,0.86198425
14.267815,1.1855574
18.721073,0.5517616
17.808706,0.76820564
18.088133,0.7677994
16.1809,1.0365171
18.0209,0.8080578
17.463337,0.77744675
17.871393,0.78746986
17.507196,0.7818451
17.28414,0.7796936
18.51137,0.8265915
18.575855,
18.42216,0.8277664
17.051672,0.86647415
17.616655,0.77433777
18.909973,0.94766426
18.192625,0.8330898
18.009165,0.80293083
18.307777,0.8071308
17.204718,0.7807789
19.144724,0.9932022
16.685595,1.0292892
18.852034,0.905571
19.085825,0.9931469
17.100235,0.8081188
19.594275,1.1948566
13.807388,1.0058556
18.556953,0.8693123
19.82405,1.119751
18.290257,0.82058907
17.222857,0.7737942
17.913933,0.839962
16.080023,1.0578384
17.376554,0.77773285
18.784592,0.8441162
17.75383,0.86854935
18.699682,0.90778923
19.954575,1.187458
19.877865,1.2056046
17.872728,0.7635288
19.453428,1.0111694
16.099823,1.061882
17.858675,0.7715893
19.397118,0.9533863
17.436903,0.7649059
19.492313,1.2619152
18.543785,0.8394966
19.015594,0.9353981
17.713623,0.77620506
18.968258,0.85469246
19.697475,1.1685638
18.398798,0.8507767
19.60297,1.1454315
17.56425,0.78889084
19.37,1.336235
18.92396,0.8964882
17.871113,0.79917145
14.453806,1.1678009
18.883915,0.9372978
16.04793,1.057867
19.986132,1.2236404
14.312521,1.1598835
17.744207,0.7981949
17.708336,0.7669258
19.67577,1.0800247
17.970272,0.7593117
18.562218,0.8581352
17.363836,0.7891331
18.805305,0.8090458
18.539284,0.87653923
17.358112,0.7807045
18.389275,0.8469868
18.966034,0.95606613
17.86053,0.78134346
18.910168,0.9111748
19.58939,
17.420141,0.7622433
18.773369,0.88030434
19.009958,0.9521084
14.761612,1.1130114
17.50321,0.7524166
17.423862,0.7641678
18.247541,0.8071308
14.240352,1.1617651
16.538303,1.0300531
14.104942,1.1886387
17.977522,0.8475876
14.317483,1.1893263
14.985571,1.1080008
17.019932,0.84459877
18.475407,0.849926
18.029913,0.79265594
17.061428,0.8205776
19.271599,0.9781647
18.238205,0.90161705
19.710701,1.1707821
17.672123,0.8018818
18.569635,0.90906525
17.668917,0.7645359
17.786537,0.75990295
17.729511,0.8286514
15.821772,1.0475197
17.762875,0.7878475
16.962242,
19.809,1.1583595
18.04887,0.83058167
17.904013,0.8764763
18.256516,0.8331146
18.564537,0.8191376
17.940208,0.7748432
18.035349,0.8099632
17.919426,0.7615471
17.695293,0.7722721
19.16506,1.0223961
17.463242,0.77641296
17.267096,0.7707062
16.81522,0.97088814
17.413206,0.87986183
17.753536,0.7686291
19.261297,1.1278057
19.067917,0.94460297
17.127546,0.80142593
19.042845,
19.811758,0.9854412
17.288355,0.7779255
18.22167,0.8190155
19.42627,1.0492554
17.816025,0.7492981
19.34608,1.1058884
17.052702,0.83657265
18.647285,0.8891716
18.28226,0.85406876
16.259861,1.0381403
19.215012,
18.843397,0.9468651
17.942574,0.817009
18.47009,0.8102932
18.993141,1.0177593
19.410295,1.0441189
17.691631,0.7737789
19.092262,1.0208435
19.543777,1.0450993
17.458805,0.7507038
17.662266,0.76922035
19.876774,1.2048607
18.820929,0.90229225
18.848244,0.9639034
18.793633,0.92323303
18.256468,0.8301983
18.723152,0.9280968
11.499872,1.7561178
17.05101,0.85042953
17.456242,0.7727947
18.569012,0.8764248
18.61406,0.88383293
17.756788,0.78121185
18.783108,0.91475296
16.9633,0.9477272
19.255722,0.9715328
16.991907,0.92876816
18.25096,0.8511276
18.868443,0.89349365
19.962597,1.201189
18.322557,0.8449707
14.356104,1.182581
16.410818,1.0854349
18.352533,0.8825035
15.30206,1.0905714
18.230648,0.8210468
18.275589,0.8136139
16.29129,1.0313807
17.710598,0.78980255
19.429476,0.8843689
18.011457,0.80615234
17.420433,0.7903347
18.721495,0.8880482
19.43812,1.01684
19.866312,1.1610699
17.156147,0.8137722
18.43931,0.9210453
19.080881,
18.767204,0.95428276
13.8857975,1.0231476
18.268824,0.8296318
19.108082,1.0586052
17.826262,1.0618973
17.922935,0.7864628
17.612783,0.79226303
13.710708,1.0563889
17.467773,0.7506161
17.310783,0.76477623
16.875338,0.9793434
17.327826,0.7622833
18.305735,0.7617283
19.16451,0.9837704
18.450356,0.83229065
17.028816,0.86219597
17.156736,0.8243923
18.044449,0.79190445
19.20333,0.96369934
17.384052,0.78432465
14.31863,1.1547089
17.141157,0.8136902
14.3933525,1.1643085
14.630466,1.1246805
14.667215,1.1257486
19.973215,
19.4727,1.1264725
17.391447,0.7435818
18.426044,0.8347111
18.150232,0.7760544
17.784834,0.78728104
17.258167,0.77186394
17.2046,0.8129444
18.586267,0.89756775
15.902002,1.0477629
18.097212,0.8054104
17.446585,0.76087
18.991907,1.0319996
19.78151,1.266243
19.187235,0.939785
13.870898,1.0269213
17.350368,0.7887974
18.133972,0.82559204
14.606393,1.1613398
18.189827,
19.098503,0.94434357
19.234941,0.93569374
15.33896,1.0848589
18.302408,0.8465729
17.122828,0.81832695
13.521131,1.2584095
19.223587,0.9133377
17.888655,0.7782879
17.133986,0.85344315
18.491957,0.82743454
17.910944,0.8228626
17.024258,0.86569023
16.728346,1.0088425
18.901207,0.93279076
19.631607,1.2003727
17.430187,0.7710476
17.944963,0.8022213
17.249796,0.7740879
18.977783,0.9282589
18.938639,0.88487244
19.417955,1.146616
17.125134,0.8019619
17.303772,0.78790665
19.25512,0.89271927
18.87738,
19.262352,1.0308075
19.933807,1.2378883
18.236,0.77334976
18.812067,0.88646126
18.94698,0.8177128
15.189017,1.0856113
17.109138,0.8019104
17.620817,0.7525444
17.617525,0.74781036
18.22904,0.8557701
18.160837,0.82037735
17.202988,0.8087673
18.110655,0.78430176
18.57551,0.8491783
17.234926,0.79304695
18.463348,0.84091187
19.881907,
18.635366,0.7855854
17.800297,
17.167898,0.7631321
17.738163,0.7536583
17.680252,0.82559586
17.452288,0.7804165
19.673706,
17.50145,0.800951
17.948751,0.7897911
17.359695,
17.80973,0.77575684
18.129883,0.81056404
17.048204,0.8351402
19.76422,0.90317345
17.638073,
16.531502,1.0363674
18.591848,0.8861027
16.411247,1.0339336
16.721912,0.9833145
19.220308,1.0635777
18.251493,
19.550856,1.2074986
17.279314,0.77593994
13.839341,1.0364666
18.152473,0.8111801
18.630695,0.8641529
15.41871,1.0921202
17.251162,0.7985821
19.130621,0.9022331
18.329008,0.7672157
18.63887,0.8924713
17.513037,0.78160286
19.286469,0.59368706
17.940931,0.83916855
15.063081,1.0942459
18.24999,0.9103775
17.707594,0.84020233
18.406033,0.8065834
18.496023,0.7607212
17.112122,0.7821274
19.750742,1.4695377
17.49016,0.74967384
17.956303,0.8189964
12.019311,1.4725094
18.40944,0.9103203
19.957,1.2392483
17.828974,0.76264954
18.994265,0.9315357
17.46448,0.76241684
16.921438,0.690218
19.694698,
17.18915,0.7883282
17.369858,0.7686138
19.721876,1.3325806
18.150778,0.7935333
18.150772,0.7948551
18.183502,0.82938194
18.061756,0.7984352
17.787373,0.7899189
17.475698,
18.86304,0.6486702
18.743914,0.8372841
17.519638,0.8436432
17.79995,0.65629005
17.02232,0.854414
17.232178,0.81199074
18.76987,0.93229103
18.887676,
17.538094,0.7638607
19.107162,
17.75353,0.818552
18.83981,0.94752884
12.907467,1.2542582
17.65384,0.73236084
17.201515,0.78590584
18.069849,
18.353022,0.7969818
18.931574,0.9456024
17.844309,0.8256779
17.495926,0.749094
19.92533,1.2305527
17.217182,0.80184174
17.333826,0.78274345
17.59823,0.78142357
19.978819,1.541172
19.810844,1.1136322
15.1595955,1.0853252
19.480618,1.1109676
19.481852,1.060894
18.332191,0.8009243
16.18323,1.0488033
19.078333,0.9515419
13.5481205,1.0206223
17.238663,0.67780113
19.566246,1.095604
18.53929,0.88466644
19.95429,1.1056614
17.025478,0.84965706
18.388796,0.8274784
16.891878,0.983551
18.836863,0.93214226
18.66506,0.8474121
18.707462,0.90792465
17.191559,0.81194687
19.334663,0.98929214
18.20629,0.84967613
17.046148,0.88269234
17.835012,0.7918987
18.948658,0.92866516
17.797544,0.78887177
18.503153,0.8640938
17.775345,0.7970848
18.09539,0.771183
17.00179,0.9277973
19.62223,1.0432568
16.011839,1.0558853
19.440138,1.0590286
19.163721,1.021862
18.07437,0.7639618
18.550152,0.85357475
18.69204,0.9312401
17.123953,0.8081322
18.255217,0.7897377
17.916153,0.79831886
17.795546,0.7767582
18.587912,0.9137764
15.846852,1.0639982
19.677584,1.129261
17.200132,0.76363564
15.603297,1.076747
17.155369,0.8013592
19.395744,1.0200176
18.92816,0.8865299
18.552551,0.8176422
17.981665,0.76828194
19.49505,1.1651554
18.432318,0.87656784
18.065136,0.8081131
14.749239,1.1087885
19.499502,1.0624619
17.42254,0.78237915
17.449467,0.76047516
19.75117,1.1670723
18.36212,0.88519096
16.930515,0.9602127
19.979641,1.096283
19.06913,0.8733444
18.889212,0.92923355
14.7631,1.123662
19.15177,0.99588203
18.849283,0.8907547
16.117044,1.0520144
18.881636,0.9426651
17.58982,0.76537514
18.568035,0.8691807
18.91711,0.8834915
17.701204,0.811903
17.818544,0.75761604
18.716347,0.93039894
18.381304,0.8149376
17.88694,0.7983875
17.117699,0.80936813
17.25366,0.7858772
18.070604,0.8029976
19.253218,1.0006638
18.159288,0.8122463
18.349731,0.8056698
19.314974,0.9903412
19.389858,0.91617584
18.034256,0.8033619
17.86147,0.8254585
18.141268,0.8183937
18.523294,0.8722019
18.768505,0.9593563
19.709137,0.07604408
18.451893,
18.885841,
19.220024,0.98262405
18.62982,0.90424156
19.2051,1.0485249
19.429834,0.9067192
19.788774,1.0380421
18.163078,0.79930496
17.881998,0.7894459
14.63243,1.1171846
17.06772,0.8396473
17.261484,0.7998562
18.289133,0.81184006
17.205181,0.79924774
17.23612,0.77471924
17.314499,0.7690239
18.46298,0.8485966
16.616364,1.0213966
18.342978,0.8691311
17.804731,0.7780571
18.564337,0.8816738
19.518347,1.0425663
16.93983,0.95194435
16.77397,0.9923973
17.540579,0.76377296
18.036062,0.77438164
19.727875,1.2187347
18.257067,0.84677887
17.399897,0.77340126
17.774654,0.7728348
19.417723,1.0470619
19.84664,1.2768116
17.324064,0.79953957
19.256186,0.9520855
17.084475,0.8237705
18.034597,0.8150177
17.934576,0.7733002
17.033361,0.8332443
17.719543,0.7856884
18.641771,0.8986988
19.16506,1.025343
17.100388,0.8452606
18.099722,0.7967491
18.2576,0.8207092
17.610907,0.7708435
18.073593,0.81770134
17.929676,0.77388954
18.310825,0.91124916
18.21268,0.83940315
15.653925,1.0545778
18.164925,0.8078728
17.394657,0.7672825
17.453062,0.7627697
17.016317,0.9051151
19.73194,1.1011124
18.147732,0.7555065
14.63573,1.1513481
19.878948,1.2588902
16.51906,1.0287476
18.751709,0.9434452
18.599794,0.83169746
17.337257,0.7757988
18.818188,0.9524574
17.764105,0.7841835
17.862604,0.81565094
18.636097,0.8440285
17.019793,0.91913795
13.893147,1.0262709
18.401989,0.83185387
18.134926,0.79076004
17.41868,0.7573528
17.462858,0.7517109
18.54671,0.9130821
17.083431,0.82860374
16.73006,1.0047607
18.804184,0.93640137
19.155815,0.9850979
17.442621,0.7771702
17.018965,0.895977
17.948492,
17.64432,0.7827301
15.78845,1.0677176
19.19057,0.94454384
17.664875,0.7778702
19.102034,0.9456043
18.397152,0.85471344
19.803019,1.2517757
17.032303,0.8731785
19.11109,
19.040392,0.9248009
17.647663,0.79166794
18.269676,0.8153877
18.69563,0.8027916
13.843177,1.0303726
18.52229,0.82307243
19.814508,1.0463505
18.520536,0.8307667
19.48637,
17.036814,0.858469
15.980692,1.0582533
13.882004,1.0408783
18.306314,0.7652607
18.406746,0.87753487
18.97118,0.9838867
18.309303,
19.304192,1.1033802
19.587124,1.073494
16.9244,0.9674263
19.032864,0.9405079
19.822964,1.2436657
19.076588,
19.525131,1.0767307
19.11753,2.146429
14.993338,1.0981331
19.468113,1.0079613
18.994507,0.8786354
19.639956,1.2242832
17.654028,0.87249756
17.858438,0.77606964
15.56699,1.0666752
18.565422,0.86351395
18.190613,0.7536793
19.225176,1.1091557
12.840024,1.4131393
18.558819,0.75476456
18.19076,0.78782463
14.897888,1.1086855
18.388802,0.80788803
19.02916,
18.602375,0.82605934
12.489319,1.3256512
19.116611,0.96159744
16.97677,0.9109268
18.077236,0.75554276
17.11093,0.8393841
17.080849,0.80760765
18.181786,0.8501148
17.661076,0.7928848
17.87947,0.78585434
17.858587,0.8417473
18.079145,0.81541824
16.218084,1.0254183
17.790274,0.7967129
18.786732,
18.257113,0.81380844
19.93913,1.159853
15.5114565,1.0707073
17.928389,0.7740593
17.946152,0.80737305
17.903307,0.7754631
17.957668,0.75788116
19.304083,1.0338097
17.726954,0.7480488
17.362072,0.81749916
17.726622,0.7722397
17.056755,0.85066795
17.888597,0.7808151
17.79292,0.7919197
17.920076,0.81178665
18.37223,0.81445694
18.545788,0.8838291
18.205547,0.81313705
18.719194,1.0512772
17.948648,0.8033886
13.858908,0.98120594
17.467402,0.8034458
18.53561,0.9378643
18.112482,0.81025124
18.855247,0.7914448
19.906385,1.2606049
17.897078,0.7710304
13.883184,1.0536633
18.565672,0.88350487
18.939949,1.0339947
18.867071,0.866642
15.499935,1.0609541
17.373304,0.7832985
17.889587,0.79172134
18.135286,0.8475609
16.771101,0.9810009
17.638527,0.744421
19.701063,1.0846996
17.540392,
17.047232,0.82367706
17.343271,0.78419304
15.81177,1.0481224
17.47425,0.80516624
16.97971,0.9743004
17.152235,0.8352623
18.74854,0.87721634
16.836393,0.99207115
13.840088,1.1202507
18.150637,0.8076229
18.679438,0.86151886
18.074293,0.88313866
18.42187,
19.55343,1.0581169
16.073214,1.0254927
17.114555,0.82489395
16.843884,0.98140526
18.64988,0.8023052
19.832542,1.2771416
19.250977,1.0067825
17.080202,0.7889118
17.715414,0.74884415
17.64864,0.7751808
17.048363,0.83376503
17.79772,0.77163315
19.330187,1.0475941
18.386786,0.8255596
18.65522,0.8815861
16.848543,1.0077438
17.025127,0.88656044
18.577112,0.81279945
18.381271,0.85848427
17.010979,0.84754944
17.000391,0.9115162
18.62192,0.835886
18.672237,0.89730835
17.574463,0.7618599
18.287264,0.94493484
17.734419,0.7627926
17.820826,0.7493
17.445383,0.84077454
19.248844,
18.061274,0.9095669
17.590311,0.7858486
19.414568,
18.984678,1.061985
19.04274,1.0393906
15.175715,1.0780907
18.48985,
16.372705,1.0125103
17.122746,0.7775154
19.239185,0.9738693
17.010859,0.92215157
18.002716,0.7943497
17.974949,0.79660606
18.046495,
19.572308,1.1540241
18.242277,0.8792076
19.342102,
19.380947,-0.03252983
18.837427,0.7612705
17.783627,0.7872658
19.264645,
12.863109,1.2523575
19.767347,1.1249466
18.491953,0.9052105
13.552974,1.27561
19.2187,
18.24788,
17.087746,0.84563446
18.91376,0.99479103
19.362747,1.0962582
19.376936,1.0543938
16.21074,1.0343142
17.235008,0.78630066
19.472672,1.072155
19.289934,0.9439392
18.385443,0.780159
17.624607,0.80083275
17.293987,0.7994766
18.322826,
17.53496,0.7917671
19.058872,0.9956894
17.79338,0.846344
18.928118,
18.684107,0.9760628
19.59164,
18.808617,0.89932823
18.197573,0.89307404
17.35951,0.76065063
19.737442,
18.562235,
19.636831,
18.216637,0.79834366
17.615583,0.756752
19.238075,1.0452118
18.510311,0.8340664
18.828133,
19.059483,0.95210266
18.071133,0.8101196
18.952024,0.95235634
17.491665,0.8480091
19.15707,1.0247116
18.363932,0.83644676
19.071583,0.99189377
18.662138,0.9089432
17.525167,0.80233955
19.746717,1.0850677
17.769007,0.7744484
17.03345,0.82950974
17.731777,0.7623863
18.574856,0.9021797
19.13353,0.94509125
17.805323,0.8000126
16.336582,1.0170679
17.046167,0.836607
19.73819,1.2869453
17.854593,0.76434135
17.570328,0.7615528
18.504557,0.8100796
18.93317,0.9534111
18.699814,0.8682232
19.531395,1.0365257
18.514723,
18.06427,0.8326225
17.860582,0.80630684
17.15462,0.785799
18.471458,0.71871376
19.38409,1.2969723
16.082298,1.0396748
18.63549,0.83857536
17.526573,0.7670784
18.368935,0.8541851
19.478727,1.0534
19.417267,
19.213238,0.9607887
18.831352,0.8799038
19.265442,1.0206566
18.957956,0.8359127
18.839062,0.8991699
19.701487,1.0037842
16.555088,1.0520391
16.509724,1.0311327
17.291529,0.7739067
19.81629,1.2377186
17.749786,0.76330566
18.369282,0.7802143
18.454195,0.8883343
17.808203,0.799181
18.411795,0.86377525
17.73349,0.7643566
18.442535,0.86890984
17.139727,0.8073673
13.8261595,1.2060871
19.586607,1.0730267
18.454435,
17.778393,0.7912426
17.925152,0.82177925
16.460865,0.62368584
17.19203,0.782423
17.595552,0.79364014
18.66615,0.8632431
18.693338,0.86159325
18.35992,0.8175869
19.572577,1.0201035
18.29477,0.7807064
17.922094,0.76171875
18.407568,0.80887794
17.767733,0.77103424
18.355238,0.8370247
17.818077,0.82201385
18.672949,0.9071007
17.339458,0.7788849
18.799719,0.8879776
17.791372,0.7638626
19.078356,0.94394684
17.687582,0.7437
15.794803,1.0548782
18.308191,0.84908867
18.110323,0.80914307
17.968199,0.77624893
18.058193,0.78915215
17.999342,0.7830963
19.512152,0.94464684
18.042656,0.81479645
17.860067,0.7885246
17.604622,0.7743645
17.77749,0.77874947
19.692238,0.9874649
17.345112,0.7703228
18.424282,
18.960777,0.94890594
17.065973,0.8329315
19.734957,1.0636597
18.183413,0.8074322
18.292557,0.7958584
18.702913,0.90623665
19.435558,0.97304344
18.00018,0.7684326
17.001522,0.86610603
19.031305,0.9652519
18.815792,0.99121094
18.480553,0.8272705
17.698553,0.7748718
18.763783,0.9049549
18.906826,0.9540596
17.521091,0.7359028
17.636545,0.78265
18.450119,0.85960007
18.473864,0.84313774
18.707813,0.8659401
19.349169,1.0059948
18.591972,0.9296131
15.111305,1.1137991
17.687355,0.7455292
19.398754,1.1365852
18.663492,
19.527483,1.1693726
16.089748,1.0504837
17.43307,0.7099457
18.059317,0.7894287
18.424088,0.8365021
18.115385,0.8703289
16.94051,0.81853676
17.090326,0.84041023
18.158024,0.79776573
17.130325,0.802042
17.903006,0.7874069
18.752142,0.8698273
17.027353,0.8340721
19.800726,1.1272678
16.363346,1.0600939
17.740358,0.77827454
14.860824,1.1357117
17.848595,0.78149986
18.718273,0.9489918
17.089647,0.80919456
17.631645,0.7463856
18.22059,0.806036
17.005373,0.8665409
17.793638,0.79592705
19.36478,1.0200653
18.74597,0.9188671
19.213963,1.1706886
18.14594,0.81705093
17.330894,0.78173256
18.5906,0.88775635
17.771471,0.765749
19.245594,
18.702106,0.8787441
16.972763,0.7832794
18.355368,0.8535404
19.847176,
17.512583,0.80454445
13.782236,1.0540981
19.821346,1.107027
17.738575,0.784914
19.390602,0.99718857
19.983784,1.042469
19.346077,1.0167847
18.652008,0.9324894
17.636452,0.75097084
18.358189,0.81539726
16.863834,0.9709301
19.774221,1.0599575
17.096773,0.8246212
17.210289,0.8057976
17.073284,0.8189869
18.941801,0.9151478
17.299026,0.7684536
17.171097,0.80841064
19.144222,0.898468
17.24399,0.79836655
19.18981,0.9687958
18.577374,0.87464523
17.524414,0.76425743
19.290283,1.0490303
19.550684,1.0149345
17.765083,0.78574944
17.898022,0.7875099
17.071186,0.8465748
16.948524,0.94280815
19.594088,
17.48838,0.7642689
15.829626,1.0759935
19.187422,0.99866486
17.99613,0.7832813
17.938332,0.78689384
19.008638,0.93782425
16.531792,1.0350542
17.545464,0.7800064
19.711388,1.2401066
19.205196,1.0661983
17.249977,
18.746698,0.9903507
17.185558,0.79262733
18.65214,0.907774
17.503525,0.7852287
19.659996,1.1293964
19.940813,1.1713734
17.695246,0.7844429
19.74343,1.159214
17.695124,0.7806282
18.574652,0.86704254
17.74984,0.8172016
18.116856,0.81154823
19.221647,0.95492935
18.938046,0.93252563
17.707949,
19.065113,
17.039444,0.84861565
19.440308,1.0410919
19.61064,1.1783314
18.83666,1.0654507
18.856466,
18.25788,
18.795689,0.9038391
18.132214,0.8468418
13.671552,1.0218573
18.365494,
16.36652,1.0374708
18.532974,0.8801441
18.240374,0.87464523
19.92814,1.2134495
17.648748,0.75736046
17.249422,0.777544
16.625877,1.015583
13.906224,1.0518112
18.069693,0.7803993
17.857468,0.81344604
18.282213,0.8871746
16.940533,0.9657383
18.065365,0.8044567
19.541563,1.1271725
18.330389,0.83695984
17.918734,0.80809784
18.3046,0.756546
19.469398,1.034792
17.138748,0.81378555
19.282236,0.98034286
15.612355,1.0616646
18.496456,0.77866364
17.774641,0.7998848
16.41488,1.0359287
18.510576,
16.324715,1.0284786
13.852383,1.0639963
19.047794,
17.853878,0.792181
17.876223,0.7874336
17.04822,0.8630924
18.069235,0.80760765
17.201511,0.78227806
17.866516,0.7802124
17.8772,0.73431206
18.031374,0.7205143
19.144949,1.0844231
19.17628,0.9627094
19.696169,1.269928
13.810228,0.9904566
19.290207,
19.151659,
19.355263,1.0968151
13.869999,1.0301666
18.690702,0.9022007
16.861006,0.9807968
18.847055,0.8394737
19.790577,0.8657036
19.19057,0.9735451
18.25849,0.8524513
17.601164,0.79182816
18.528496,0.70503235
17.74086,0.8070736
18.274282,0.83888435
18.085508,0.633585
17.981213,0.7966995
19.349728,1.1234837
18.45813,0.89878845
18.360502,0.80916023
13.688459,1.2136755
17.345972,0.81153107
17.246939,0.77672577
18.301292,0.8904438
18.59946,
19.661837,0.9978142
13.84428,1.027276
18.375889,0.8231468
17.936083,
18.909332,0.88835716
19.32047,0.915411
19.02191,0.92627907
17.435665,0.7866974
17.345556,0.784605
19.178928,0.98454285
16.064959,1.0434713
19.145546,0.9901104
17.745016,0.7891159
19.642893,0.9739132
19.689075,
17.107534,0.82058525
17.106178,0.806221
18.833635,
19.392935,0.85214806
19.801231,1.081377
19.991104,
19.21211,0.8195629
17.415625,0.7907963
19.76202,0.9340477
17.612314,0.81090736
17.499464,0.8163338
18.976894,1.0285358
19.829058,1.1008778
18.237099,0.82541656
17.42603,0.75658226
18.724312,0.9000282
18.603357,0.90143776
18.084229,0.88258934
18.66227,0.9037342
17.9077,0.98179626
15.532298,1.0845585
13.836691,1.1877174
16.92902,0.95201874
18.453848,0.97960854
19.023436,0.9230728
15.259676,1.0881271
18.54363,0.6668968
17.64805,
17.868275,0.7675667
17.19041,0.7855568
18.740353,0.99513817
13.8601,1.024149
17.80094,0.825449
18.35326,0.8608055
18.024885,0.80963516
17.487423,0.81627464
19.615608,
19.034548,1.0956364
18.979319,0.989521
18.640884,0.93813133
18.99734,0.91610146
17.95171,0.7727566
17.295961,0.94111824
18.842691,0.8276577
18.14587,0.74645996
17.655176,0.74378204
13.850959,1.0149755
18.227179,0.85577583
17.899601,0.7635193
14.167541,1.1714449
18.951061,0.88902473
16.023535,1.0354156
17.214027,0.7984772
18.298607,0.89624596
17.410898,0.78643036
17.331898,0.79841995
13.230239,1.2881536
18.20255,
18.163385,0.7969799
15.724883,1.058505
18.365067,0.8371124
17.116812,0.8190422
13.819873,0.96739197
18.257109,
17.29715,0.79790497
17.256075,0.79535675
18.16804,
12.109984,1.5520077
15.483689,1.0526123
18.07137,
10.933992,2.638462
10.80993,1.905261
12.813916,1.2514935
17.36209,0.7199192
13.862842,1.0332241
16.85247,
14.325366,1.1468172
13.752255,1.1949081
13.783183,1.0105343
12.360069,1.4237776
13.70553,1.2306633
17.369303,0.7177429
18.22491,
17.751656,
17.72704,0.7248974
11.237665,2.3235292
13.869457,1.0299883
17.772858,
18.368935,0.737133
17.030739,0.85523415
17.053192,0.9277878
17.500725,0.75167656
19.553408,0.87656975
17.95083,0.7567482
17.70466,
12.145571,1.4918613
18.09892,0.8468609
18.699276,0.92568016
12.951618,1.3430538
17.24519,0.83662415
17.960169,
19.187866,0.7877693
18.796968,
17.541842,0.7650299
18.642494,
17.47046,0.7929611
17.976934,0.7965927
18.657877,0.93584824
17.49425,0.76634216
17.208147,0.96167946
15.234914,1.064991
13.458456,1.3005972
12.226249,1.4824142
17.90206,0.975193
17.049416,0.80900955
15.190713,1.0757103
18.862705,0.93940926
16.030413,1.0247478
13.885946,1.0403223
15.978819,1.0171432
18.281157,0.7296982
17.207088,0.766243
18.935463,0.4816723
18.271915,
18.080254,
13.635508,0.96361446
17.498293,0.74544144
17.946974,0.7394886
18.739145,0.93590164
16.604284,1.0069647
17.36609,0.86789703
12.615709,1.3318443
18.753696,0.92259216
16.588549,0.9949608
18.146807,0.77802277
18.531431,
18.580784,0.963171
19.138485,0.9744072
18.429144,0.8537445
18.790693,0.8798523
17.033445,0.84935
19.915457,1.0316582
18.16821,0.8008194
19.454212,0.869545
18.46179,0.8017769
17.17073,0.8164387
17.551868,0.75647736
17.388615,0.7747574
17.3748,0.8331852
17.551512,0.7680683
17.110636,0.787529
18.958971,
19.011736,0.91025543
17.913193,
16.863901,0.9827957
17.030474,0.8536587
18.668152,0.8874054
17.990948,0.81453323
18.184011,0.79369354
18.165834,0.8562908
17.901419,0.78095055
18.42945,
17.030508,0.8622265
18.150139,0.7892914
19.336956,
13.863172,1.053585
17.903458,0.7515621
19.042784,0.97485733
18.925375,0.919075
17.388548,0.7592087
17.745691,0.7845459
17.387457,0.76976013
18.248611,0.80340576
17.784067,0.7331276
18.13317,0.7942009
18.046228,0.7805443
17.036013,0.9093323
18.356834,0.81352234
17.735125,0.7867832
16.011961,1.0186787
16.164558,
13.606239,1.1526375
17.878622,0.9355316
18.704031,0.970932
17.289177,0.75322723
17.235535,0.84999084
17.82817,0.7856388
18.288496,0.99624443
17.546644,0.7632446
19.224545,
19.92881,
17.5282,0.7816715
17.865364,0.8802109
17.54468,0.839344
18.85409,0.9349537
17.006231,0.89235497
17.471952,0.74892807
19.40029,
17.978235,0.7868233
16.224157,1.0260181
13.737864,1.0709629
17.268972,0.78188896
17.713776,0.8310547
13.838822,1.0480022
17.336155,0.77194023
14.415481,1.114378
15.99414,1.0317802
17.483067,0.8930435
17.64739,0.74596786
18.051695,0.8073406
15.421195,1.0893087
16.766962,1.0115643
19.548946,1.0674686
17.16977,0.77830315
13.909528,1.0702438
19.25662,1.1811638
18.903433,1.3101482
17.147858,0.78995705
17.673523,0.7600212
17.221743,0.41950035
18.148252,0.92965126
19.261297,1.0111847
17.549997,0.7931366
18.711145,0.9077053
19.45469,0.9464321
17.349897,0.7455063
19.111052,1.2323723
19.275967,
18.653084,0.9276085
17.65982,0.7820835
19.48577,1.1075592
19.940355,
19.862125,1.3863487
17.60052,0.76200485
17.310286,0.7780075
15.576934,1.0534763
18.396654,0.8614311
18.080421,0.7485161
19.10694,1.0449677
19.51268,1.0960941
17.816666,0.80503464
13.720245,1.2422714
18.83378,0.9988327
19.717949,1.0195885
17.240448,0.7764168
19.710045,
17.37928,0.8058777
17.70452,0.76115036
18.679111,0.89403915
18.990725,
14.060588,1.1915293
18.421827,0.80843544
16.378918,1.0369921
18.442862,0.8920021
19.570208,1.1105499
18.48783,0.8303757
19.423134,0.989954
19.52501,
18.510458,
18.617876,
16.991983,0.9331646
17.930014,0.90380096
13.847167,0.9635124
17.062738,0.89772797
17.475653,0.7775192
17.078442,0.78923035
17.245289,0.77386665
18.42874,0.7740345
19.042936,0.618248
15.763792,1.0371447
18.346712,0.8335762
17.829283,0.77231216
19.766897,
17.225042,0.81632996
17.021341,0.8495922
18.677975,0.7830868
18.171001,0.728302
17.041773,0.87911606
19.107218,0.93774223
18.111628,0.8146877
19.253544,0.9989548
19.241508,
17.137257,0.7858887
18.270842,0.9065399
17.618063,0.75089455
14.511602,1.1666222
19.331846,1.0194836
18.076294,0.7941475
18.443031,0.86055374
19.37055,1.0439091
17.802498,0.8204346
18.761261,0.9174938
17.3833,0.77838326
19.390549,1.0247326
18.742773,0.8575306
18.850355,0.86390877
18.810696,
19.211805,0.927351
19.003954,
16.999928,0.9826317
18.67301,0.77337646
18.645403,0.7861786
18.00143,0.8082981
17.50008,0.7822037
19.293074,0.99199486
19.30903,
17.711761,0.775774
18.20289,0.8524246
16.47251,1.0056019
19.738955,1.0257206
18.294018,0.88313484
19.062956,
13.830093,1.0516462
19.126385,1.0259647
18.41182,0.8228226
18.850615,0.8960457
17.10951,0.92263603
18.157541,
18.621819,
18.796879,0.90434265
19.04111,1.0267067
18.852472,0.8423176
18.423922,0.8978691
19.02543,1.0385742
17.605057,0.8268604
19.28223,1.0158501
19.517464,1.0150585
14.311573,1.1633873
15.351976,1.0829868
15.350058,1.1222105
17.276499,0.7953949
18.048908,0.79639816
18.930256,1.0273247
17.579695,0.7682724
17.19632,0.8078079
15.299293,1.0916824
16.606821,1.0392494
17.696852,0.8299427
17.824726,0.7887955
17.66836,0.74560165
19.076654,0.98273087
18.462551,0.8480301
16.400866,1.0407295
19.756487,0.9317875
18.56898,0.88780594
17.08868,0.851635
13.856195,1.0605364
14.402804,1.1544447
16.912872,0.9482937
17.16884,0.7863922
19.20498,1.0034962
17.10222,0.8078003
18.508036,0.85785294
18.046656,0.81874275
19.490211,1.072216
18.011538,0.7948456
18.024508,0.78278923
18.295523,0.8079643
17.774813,0.8172684
18.30364,0.8561535
15.567307,1.0706606
17.491282,0.7720356
17.452038,0.76080894
18.513863,0.8097992
17.272972,0.7738304
16.551313,
19.836864,1.2966194
17.668697,0.7907982
18.4592,0.84762573
17.136806,0.8125248
17.825117,
18.618599,0.8014641
14.772484,1.1094809
19.80391,1.2142124
17.601776,0.76539993
17.397352,0.7883072
18.236656,0.8301239
17.522831,0.7626133
18.92485,0.92077637
17.998026,0.78985214
17.444948,0.79470444
19.377663,1.0782928
18.406729,0.8804016
18.310524,0.79520607
17.296114,0.7731457
19.686472,1.0871086
18.800827,0.8283806
19.645178,1.1007729
18.311764,0.87228584
18.308222,0.8313999
18.165709,0.8432369
19.834623,1.1390972
19.058174,0.9972267
18.242764,0.81046486
19.430492,0.8751755
17.77341,0.85463715
19.755978,1.0671196
17.705664,0.7719898
18.221617,0.8043518
18.77598,0.86016655
18.362698,0.85546684
18.422188,0.77832794
19.516727,0.9931679
18.071842,0.76856804
16.856735,0.97338486
18.869629,0.89167595
19.227453,0.8925514
17.54113,0.7966442
18.46228,0.85886955
14.296666,1.1698284
14.105861,1.1858444
18.734764,0.8996277
15.861206,1.0433979
19.705029,1.037487
17.096548,0.8436203
18.156677,0.7902012
19.763098,1.1120338
17.10595,0.82042885
18.911911,0.9833946
19.277761,0.95511055
18.46673,0.81785583
19.199156,0.9353523
19.241549,1.0419312
18.209703,0.84376144
19.394955,1.0216904
18.689213,0.8757973
19.138945,1.0149612
19.039955,1.0336895
15.239791,1.1055107
15.204874,1.1031647
18.968903,1.0839024
17.239946,0.81206894
19.319963,1.004509
19.73175,1.2468071
18.23466,0.827013
17.767704,0.7686424
19.76561,1.0537262
19.069609,
16.75304,0.9996624
19.856905,1.0533581
17.094992,0.8219795
17.973694,0.8103924
17.358116,0.7822418
19.668045,
18.011072,0.7734585
17.894396,0.7792187
17.565313,0.8312588
18.82347,0.95391464
18.274845,0.89219856
19.16967,
18.27735,0.8440609
17.764948,0.84454346
17.473274,0.8073387
19.782824,0.93309593
18.957312,0.8474827
17.232964,0.77871704
17.929308,0.8081169
16.776928,1.0346088
19.443613,1.1812267
17.991823,0.7833824
14.622965,1.1292372
17.950674,0.8229923
17.909367,0.79875565
18.801723,0.8448086
16.976719,0.9339657
18.032307,0.7415905
19.176004,
18.301655,0.83115387
13.795972,1.0026197
18.811256,0.9737129
13.8631,1.1996775
18.265,0.7733288
17.65852,0.8263092
18.513426,
18.803991,0.8263378
13.414676,1.2989578
13.847403,1.0469913
13.8136835,1.030447
18.64224,0.74240303
17.026537,0.8990307
17.454987,0.75183487
13.910107,1.0640306
18.672861,0.90247726
18.047066,0.7541599
18.192892,
17.565475,0.8576069
17.053148,0.84036446
18.94134,0.93265915
18.250996,0.8326988
17.328236,0.7899208
18.533688,1.0845585
17.888016,0.80596924
19.067892,
17.452648,0.7455597
16.98796,0.9253006
18.279917,
17.360481,0.86813164
17.272346,0.81126595
16.723246,0.9887037
17.240534,0.80241394
18.960608,0.8459034
18.397633,0.9016628
16.960476,0.9394512
13.611185,1.2298794
18.0956,0.8240242
18.742306,0.90512085
18.394537,
17.178492,0.788414
17.306305,0.81711006
13.866558,1.0725946
17.094,1.1884794
15.60197,1.0799665
17.339893,0.80729103
17.095383,0.8023796
17.528574,0.76013947
18.611267,0.8044014
18.687397,0.90450287
15.964886,1.025878
16.951532,0.95672226
17.9907,
17.504034,0.8166523
14.41756,1.1645327
18.62528,0.87101364
19.843815,1.1980362
18.957188,0.95446014
17.710476,
15.992552,1.0486374
18.37735,0.9229069
17.411333,0.7557621
17.855606,0.75497055
17.344704,0.7995701
17.507765,0.7862854
19.44051,
15.15472,1.0825262
17.598259,0.83711433
18.404133,0.95220566
15.696171,1.048049
17.131422,0.8536625
17.005323,0.88015175
18.840677,
19.383879,1.215826
17.3563,
18.480822,
18.112705,0.7258282
18.127512,0.88432884
17.426674,0.7403164
17.477549,0.8227558
18.49257,0.816658
18.944715,0.89354897
19.915352,1.2679005
18.586712,0.87981033
18.5608,
16.854477,0.97720146
19.742596,0.89268494
19.511656,0.81627846
18.795263,0.88744926
18.315277,0.72273064
17.621824,0.79063034
17.41255,0.78826714
17.75495,0.81936836
17.973612,0.7977009
17.015322,0.86761856
17.128437,0.78762436
18.06297,0.79873085
15.975132,1.0360308
17.031939,0.8557663
17.980236,0.73591995
16.78594,1.0139856
18.715364,0.7611065
18.315496,0.776453
15.767353,0.9710102
14.237157,1.1515245
16.831562,0.9889736
18.08666,0.8225212
17.927996,0.8157959
18.248072,0.87817574
17.277206,0.7262802
17.22444,0.7814865
17.916267,0.729887
15.624141,1.0634689
18.373976,0.8278427
18.352106,
13.789056,1.0766745
16.99224,0.95903206
17.87008,0.78315544
17.009985,0.91093636
18.031849,0.73150253
19.06916,0.96588135
18.666744,0.9671402
16.050863,1.0410452
18.48586,0.8571968
17.424528,0.75644684
19.642561,1.2290573
19.26469,0.9258156
13.831272,1.059885
18.620361,0.8826103
17.634941,0.7784004
14.827533,1.107728
19.698353,
17.733946,0.74494743
18.841068,0.90246964
19.493114,0.7342186
17.329254,0.7943497
19.165089,0.99043083
18.902807,0.913023
17.234673,0.7811928
19.602346,1.1016216
11.661336,1.6667881
18.250246,0.80513
17.351183,0.7844887
19.026,0.94226265
18.838343,1.0491867
17.549282,0.7757416
17.160048,0.8128395
18.261616,0.8198967
18.564976,0.86221886
18.179417,0.848505
18.59075,0.8706665
18.865664,
13.698901,1.0400753
19.08058,0.95802116
19.706463,
16.990332,0.7842846
18.56613,0.893343
19.615782,1.2173176
17.41087,0.77672577
16.947002,0.9635296
18.328718,0.91041946
16.989206,0.89286613
19.9474,1.2612438
17.716343,0.74194145
19.716953,
17.34965,0.79990005
17.93371,0.7764988
18.37816,0.8368473
18.498913,0.8240051
19.51842,0.99721336
18.179947,0.827158
17.611013,0.77124596
12.514127,1.4587164
15.803881,1.0747595
17.982492,
17.272055,0.7835293
17.73399,0.7430458
19.36128,1.0207005
18.1264,0.826849
19.997309,
19.679632,1.038393
17.523659,
17.576612,0.7956104
18.853441,0.76732635
15.728144,1.0554247
17.763351,0.7848644
18.445755,0.8443527
19.690567,0.9690056
17.07979,0.8008385
17.557093,0.73726845
17.668674,0.7839565
17.761803,0.78512
18.49472,0.8934803
19.047398,0.9277458
16.976295,0.9428997
16.914204,1.0051537
17.03556,0.8592243
19.231192,1.013525
18.743984,0.8865776
18.070305,0.86294746
19.845144,
13.83674,1.002346
18.333553,0.83304405
19.066015,0.99801445
17.744387,0.78069496
19.210482,1.0264931
19.30782,1.0455933
16.75499,0.9871292
18.020864,
18.967606,0.9332676
18.563288,0.9208946
18.058355,0.8211746
17.936468,0.78723335
18.944479,0.99173164
18.297367,0.8415222
17.411144,0.7797985
18.600195,0.8891201
19.667454,0.9036598
12.562965,1.4547281
18.146702,0.9290943
19.616953,
16.988922,0.9470482
17.10654,0.84975433
17.691992,0.79244804
19.809227,1.1035748
17.084341,0.82407
18.769892,0.87833786
17.135317,0.8191776
18.123592,0.77511406
16.893143,0.9399681
17.129303,0.82910347
18.754255,0.88056374
17.791443,0.7852955
17.196976,0.80750656
18.951853,0.9981613
16.188309,0.90754795
17.595058,0.7547989
18.401459,0.8269348
16.943663,0.95936775
17.856113,0.7971096
17.09165,0.8016987
18.548357,0.8773117
18.848413,0.9503975
19.377983,1.0004482
18.62519,0.885231
17.936924,0.84381294
19.076426,0.9670658
18.631805,0.95384216
18.295567,0.8269043
19.215197,0.9714222
17.513235,0.7836094
18.832602,0.9372349
18.038116,0.8184147
17.73819,0.7731705
19.290312,1.0723629
19.355988,1.0781307
16.510983,1.007782
17.129013,0.8108101
17.878836,0.79074097
19.130674,0.9083786
19.52501,1.1600552
17.52168,0.733263
17.70892,0.7844696
19.243034,1.0682259
16.89054,0.9773178
18.99589,0.96425056
16.937857,0.9418812
17.531872,0.7925682
17.182383,0.7869148
17.719715,0.7995491
18.780018,0.8985405
18.461754,0.918602
19.779978,1.048626
17.112377,0.81461334
18.063673,0.7240238
18.566975,0.8465252
18.117195,0.82055855
17.241682,0.8319645
19.362907,1.0016136
15.543511,1.0818806
17.402409,0.777874
17.671421,0.7721386
17.794968,0.79829407
19.68429,1.1419544
19.957142,1.2488708
12.699694,1.3813419
17.267439,0.76916313
19.21831,1.0206699
13.900006,1.0271063
17.73442,0.7840805
13.836632,1.0213203
18.41013,0.84482574
17.762012,0.7440014
17.612663,0.7439728
16.98282,0.8719559
19.336647,0.94944763
16.333801,1.0167427
18.7004,0.87551117
18.186804,0.8013725
19.57433,1.0875664
17.32288,0.7686138
18.84372,0.9066849
13.859751,1.0127306
15.604535,1.0796976
17.600367,0.803236
19.756384,1.1270294
18.967659,0.9252777
10.900079,2.3975992
19.306728,1.0477943
17.603708,0.7730961
17.58804,0.79089546
15.9861,1.0423813
18.723803,0.9185543
18.582064,0.8665924
13.861003,1.0258007
19.040375,0.9571457
17.24522,0.7973957
18.591612,0.84471893
18.895279,0.9190445
19.120028,0.9383583
18.061169,0.7946625
19.554754,0.9489784
18.614,0.8940029
19.50475,1.0344887
17.33434,0.8075104
19.3235,0.94757843
17.812895,0.80529976
17.979656,0.76418304
17.230776,0.7826824
19.902752,1.0555954
18.194054,0.85417366
18.713026,0.852808
18.155542,0.8068161
17.478031,0.76384926
17.238464,0.78216934
17.228966,0.78998566
19.738884,1.1693039
18.509869,0.8360901
18.993023,0.99022484
17.981546,0.835804
19.114363,0.92951965
19.144852,0.85001564
17.83871,0.7849941
18.980072,0.91853523
17.431644,0.7566128
17.036846,0.85339165
17.614452,0.7572079
19.24277,1.0638237
17.062925,0.8434162
18.573229,0.8710232
19.135468,0.92757034
17.133465,0.7987118
18.463581,0.8424511
18.345493,0.84721184
18.95778,0.9881935
18.862013,0.91506004
19.18343,1.0449123
19.82078,1.1632652
19.740301,1.2308941
19.40279,1.0836048
18.631025,0.80041885
19.75162,1.0140362
17.222092,0.7917805
18.441776,0.85092354
19.398195,1.1314507
19.859905,1.2247734
17.011536,0.8505478
12.236333,1.4625092
17.276363,0.79315186
18.800007,0.9242039
18.76108,0.89335823
18.282513,0.84853935
18.575268,
18.570986,0.8829956
15.415308,1.055624
17.127144,0.8019619
19.581806,1.1490879
13.489402,1.1309252
14.586034,1.133111
17.875822,0.78383636
17.752134,0.7857723
19.683727,
18.430098,0.7824688
18.704567,0.8977032
16.748579,1.06917
18.75594,0.9317074
19.570387,1.0993404
17.310244,0.7785301
17.53018,0.7647457
17.001537,0.87166214
18.555428,0.8778229
18.473677,0.8646736
17.388287,0.7532463
18.568607,0.87926674
17.436989,0.74243736
17.872068,0.7979412
19.491938,1.0389099
17.161184,0.7918701
18.354242,0.83683586
19.3413,0.97023773
17.310104,0.7679615
17.04828,0.8477211
17.158377,0.8079777
18.832283,0.8851929
14.771884,1.1361513
19.918427,1.4259987
18.040741,0.81578445
17.240505,0.76971817
19.834555,1.2840042
18.822052,0.9071255
18.116749,0.800663
18.956038,0.973217
18.566961,0.8548374
16.569675,1.0239697
18.1576,0.82336235
18.506535,0.87508583
18.442696,0.83945847
18.688274,0.9188709
17.140152,0.8026829
17.817886,0.7867565
13.070814,1.3135366
18.341925,0.8071861
19.432852,1.0724106
19.110432,0.8749256
19.578411,0.9775448
19.541695,1.1282997
18.552498,0.84296227
19.188776,1.0662651
19.4041,1.0910263
12.2016325,1.5378389
17.669119,0.7652092
18.32643,0.85383415
19.058672,0.91937065
18.240597,0.779192
19.655472,
17.44345,0.769537
13.855491,1.070198
18.980701,0.9347782
18.67674,0.85305214
18.403332,0.83078957
18.398376,0.8637428
17.576586,0.82764626
17.166891,0.7978077
19.938456,1.2683754
17.1968,0.7844715
17.514812,0.68403435
19.331333,1.0175457
17.217316,0.7830162
18.054646,0.82631683
17.32818,0.78834915
16.92126,0.9613743
18.518301,0.83166695
16.334295,1.0313139
17.818092,0.73464966
15.43292,1.0567579
17.555767,0.77197075
18.156305,0.80908585
19.731325,0.93750954
17.426107,0.7540417
17.008802,0.8644619
18.827236,0.93831444
16.217585,1.031354
17.016562,0.8737297
17.390547,0.7670803
17.152374,0.8596153
17.080313,0.7947445
18.873476,0.8992481
12.188657,1.4985647
18.831509,0.88601875
18.808678,0.89645195
19.307333,1.0454006
19.384237,0.9912033
19.72669,1.10186
17.273548,0.7670231
19.367262,
17.403526,0.7885628
17.369728,0.77565
17.778894,
15.952472,1.0518122
15.605149,1.0485125
18.822985,0.8720207
12.917593,1.3589535
18.594198,0.8803787
18.397959,0.84082603
17.809563,0.80280876
17.743965,0.7822666
19.821466,1.2361488
19.355118,1.0437603
17.994423,0.80036926
17.962198,0.797678
18.197126,0.8177242
19.333344,1.0590324
19.432302,0.9575329
15.965768,1.0381804
17.652967,0.8106861
17.90315,0.77077484
18.292599,0.79644775
16.948677,0.9359455
13.866474,1.072648
16.889938,0.9782715
17.411848,0.78318024
19.039236,0.9576912
18.981075,0.9835777
17.306093,0.77625275
18.762491,0.8770027
17.929758,0.78678894
18.987276,0.9157944
18.863234,0.9981003
17.147924,0.81651497
14.315371,1.1706848
18.232443,0.83745384
18.466087,0.804348
18.379316,0.8072243
18.921753,0.9095497
17.645212,0.77417564
18.527012,0.80301857
19.75196,
17.037374,0.8767109
17.930166,0.7948189
19.064247,0.9086914
19.822947,1.0612907
19.060797,0.8352642
17.186596,0.79422
17.942385,0.79019547
18.064339,0.79084206
17.85266,0.7203865
19.541428,
19.030132,0.8924446
15.941299,1.0386953
18.390179,0.8369503
19.584478,1.0389347
17.52272,1.3042412
11.239874,1.8361197
18.807829,0.9233475
18.826862,0.89671516
16.419292,1.0431128
18.220306,0.80742645
16.14266,1.0386038
19.086628,1.0091743
17.176102,0.7845917
18.056326,0.795105
19.439442,1.0207844
19.63235,1.1186981
19.115314,0.9349117
19.293938,0.9684105
17.812527,0.7670727
15.463053,1.0794725
17.933899,0.76527405
19.981422,1.120327
17.759464,0.75520134
18.889095,0.95506096
17.934717,0.77207565
18.580109,0.8496189
18.250305,0.80342484
16.988422,0.89635277
19.433739,1.048645
17.405449,0.75722885
19.172915,1.0271797
18.839994,0.8169193
18.186684,0.7900429
17.913553,0.7926197
18.378704,0.844059
19.288006,1.1435623
17.935547,0.76189613
19.45167,1.0674
17.726871,0.79021263
18.05114,0.797287
18.77328,0.85272217
17.82379,0.7679882
18.035156,0.80151176
17.841114,0.8108692
18.340168,0.85079193
18.346262,0.8306484
17.19674,0.810709
19.002047,0.8633423
18.225796,0.9494953
15.962325,0.6763983
18.287493,0.83387184
18.219265,0.8378353
18.0852,0.8169708
18.238102,0.8695564
18.314976,0.8446102
18.602856,0.873024
17.959356,0.7901497
18.098965,0.8378296
19.9022,
17.302277,0.79219246
17.302254,0.78394127
17.157997,0.81217
16.667164,1.0165653
17.977917,0.86657524
18.057667,1.0308609
18.154724,
18.347452,0.8192253
18.23576,0.85147667
18.05669,0.8093014
13.777167,1.0834026
17.672636,0.7824955
17.967123,0.7873688
17.095217,0.8031635
17.213402,0.79825974
17.025116,0.88397217
19.75848,
17.815557,0.75860786
19.265171,
17.866486,0.8153839
19.372175,0.9205189
13.852575,1.0572834
15.994484,1.043498
18.164398,0.80805206
17.086124,0.85172653
18.968466,
18.804874,1.0039196
18.130293,0.9593735
16.902897,0.9478359
18.716633,0.939806
14.893063,1.139102
18.60126,0.86135864
18.241789,0.8778591
17.690504,0.77295685
16.992949,0.9106293
17.807714,0.8117447
17.652546,0.7714081
16.931847,0.96966934
19.923765,0.40163994
19.225636,1.0306664
17.45243,0.7898712
17.774172,0.7755985
19.49027,1.198101
19.77482,0.8678932
19.334732,1.2103977
15.837394,1.0172415
17.903172,0.82684135
18.539782,0.9309311
18.482166,1.2867374
19.89752,
18.811869,0.94452095
18.753548,0.88718987
18.012867,0.7465782
19.016205,
17.791409,0.7895317
18.598942,1.0156994
19.359274,0.9963646
17.213194,0.7917385
18.55823,0.83143425
16.819656,0.9850559
16.031807,1.0331011
17.518898,0.77389526
19.027916,0.9786053
14.879202,1.1207981
19.737888,0.7701931
18.314922,0.81443596
16.668177,0.99777603
17.24658,0.7884636
18.596052,0.8189583
18.403742,0.9051018
17.604368,
18.932972,1.2673302
17.108208,0.8199959
18.875755,0.98303604
18.712212,
18.523458,0.92754173
18.629892,
17.429592,0.78575134
18.860851,0.8935776
17.107393,0.820755
17.760153,0.75422287
18.30288,0.8671799
17.014427,0.89933777
18.360939,0.85619926
15.840036,1.02559
19.03664,0.916502
18.441927,0.8624649
17.028822,0.8752098
18.002064,
17.579786,0.76581573
17.03295,0.86198616
18.654299,0.92910004
17.200075,0.8083954
18.037548,0.79951096
15.85421,1.061593
18.493422,
13.113203,1.1989479
18.444162,
17.763102,0.79120636
18.182566,0.79680824
17.881563,0.7881222
17.148024,0.79824257
17.259932,0.83831024
17.482285,0.79104805
14.633845,1.1334572
17.077261,0.8383751
19.182306,1.0970936
18.145103,0.80176926
19.108067,1.31353
19.077566,1.0075417
18.34601,0.79317284
19.806084,
19.232725,0.9232216
17.272444,0.7868023
19.021856,0.8350048
17.018929,0.8944073
19.898973,1.0787468
17.32478,0.7841644
14.411109,1.1516237
17.257324,0.7715397
18.283195,0.7935543
17.089178,0.80336
13.884499,1.0363283
17.462378,0.7934952
16.596994,1.0271721
17.854128,0.8208275
17.301748,0.79442596
18.589432,
18.158794,0.80223465
13.929769,1.2189121
18.712652,
18.365381,0.94130135
19.032757,0.9197483
17.431664,0.7628536
17.981215,0.8282738
17.310093,0.75458527
18.488176,0.798851
18.729069,0.829607
16.026306,1.0416908
18.498411,0.9190922
17.501394,0.7530689
17.768734,0.73913
18.77926,
16.716934,0.71530724
19.026178,0.77417946
13.88036,1.0406675
13.889423,1.1877642
17.268377,0.76164055
18.367313,2.229988
19.608353,
13.847616,0.99704075
17.8572,0.7346554
17.575005,0.88228226
17.365015,0.7393341
18.59841,0.9006939
17.382471,0.5972252
17.011955,0.8414669
17.53934,0.78071404
17.802778,0.80965614
17.74143,
16.22821,0.99189377
17.003666,0.89522934
17.656616,
16.935638,0.91924477
19.004087,
17.570602,0.72665215
13.741417,1.0198326
17.141201,0.79008865
18.839901,1.0182514
18.821966,0.90558434
16.001234,1.0214701
14.513703,1.1345139
16.904282,0.94488335
17.566767,0.8080349
17.017843,0.8423214
17.580572,0.72686577
18.441332,0.8263035
17.669888,0.75113297
16.424507,1.0204105
14.770478,1.1088972
18.130173,1.0034962
18.855078,0.9719658
18.62718,
17.373016,0.7660675
15.601602,1.0483189
16.970566,0.9136658
16.357742,1.0291653
17.7537,
14.241121,1.1702442
17.36762,0.81780624
17.23783,0.7590351
17.778582,0.82188797
17.614922,0.7478256
13.553319,1.0421715
17.978127,0.65384483
17.253672,0.7955723
17.311619,0.83753395
17.968376,0.7149296
17.710842,0.7632446
19.96437,
16.410307,1.0161867
12.158205,1.4763556
16.96332,0.93286514
18.83039,
18.33396,0.85684395
17.907242,0.7367096
17.588465,
17.508049,
18.299332,0.8125477
17.919165,0.7465458
19.12751,0.9497452
19.036428,0.8782978
17.9344,0.79805946
18.475203,0.90958595
17.419512,0.8058815
18.767271,1.0164852
16.563427,1.0145082
18.053278,0.85414696
14.307632,1.1618853
16.341003,1.0099392
17.060406,0.8776264
17.28932,0.8439064
18.116642,0.70814323
13.8471155,1.0519199
18.042109,0.47717285
14.253305,1.1182003
17.759865,
16.043636,1.0057898
16.811588,0.95837975
17.01504,0.88375854
13.135898,1.3238821
13.839237,1.0335064
13.839399,1.05797
17.797947,0.6372185
16.957556,0.84343624
16.089766,1.0332661
18.028042,0.8085251
17.595871,0.7866039
17.992704,
18.245325,
19.328924,
17.89184,0.7699871
18.45596,0.8771076
19.735266,1.1248989
19.680435,1.1426411
17.628727,0.8169346
18.12513,0.75611687
17.360172,0.7633095
17.875156,
17.302923,0.75930023
18.39823,
13.70301,1.0625067
13.273437,1.2759342
17.627687,0.81383514
17.800428,0.7821007
16.029856,1.0320625
17.481655,0.74604416
18.196033,0.84853745
13.478204,1.0664368
15.240199,1.1070147
17.833895,0.79063606
17.740696,0.7572689
15.087342,1.1001053
17.00705,0.88996315
18.180012,0.8059082
18.243446,0.84804916
19.129725,1.0617123
18.056276,0.7942734
18.136433,0.76776695
18.683735,0.8866043
18.107668,0.80057144
18.581203,0.824831
19.298025,1.0237236
16.19088,1.036705
18.044796,0.78746414
17.042732,0.81650734
19.213633,1.0814743
17.796507,0.78793144
16.98328,0.7392063
18.08116,0.82250595
17.339266,0.7847767
17.353683,0.7972145
18.57415,0.92754936
18.874786,0.92207336
18.482883,0.8342018
12.591874,1.4424324
17.787039,0.78232956
14.042986,0.90439415
16.96982,0.9644699
18.874855,0.9355316
17.744055,0.73887444
18.115778,0.8133106
18.007519,0.784111
17.899532,0.7585602
17.685936,0.76278496
16.530584,1.0265818
16.91639,0.96367073
17.72709,0.7670994
18.07787,0.8265915
19.483019,1.0982418
17.43791,0.8228378
16.359901,1.0287037
17.340252,0.7842922
17.736027,0.7928486
19.397196,
17.718786,0.76790047
17.851952,0.780838
18.74007,0.85884094
18.417332,0.7983265
18.542599,0.8819542
19.170279,0.9691124
19.281752,0.9796047
17.783833,0.76698875
17.741804,0.7562561
17.322714,0.7686577
19.567297,1.1659546
17.29825,0.83888817
18.257233,0.8302059
16.989813,0.88611794
18.18949,0.7476921
19.126518,0.957531
18.131792,0.80965614
15.957812,1.0051584
19.19965,0.96224976
17.106817,0.7879772
17.805607,0.89149284
18.969915,1.0055695
18.782394,1.503397
17.799244,0.73578644
18.80432,0.91010666
18.583124,0.8426533
17.21935,0.77033997
16.992903,0.84212685
19.21666,
18.016703,0.8315964
17.587177,0.7909241
17.887018,0.74725914
19.80213,1.2138729
17.412645,0.7626476
17.758217,0.7722206
17.162603,0.76849365
17.994923,0.7970791
19.682262,
19.153362,1.1123066
19.100136,1.0717239
18.684427,0.9285984
17.29623,0.78631973
18.233948,0.78622246
16.491976,
16.381723,1.0228777
17.2812,0.77280617
17.035046,0.91555214
17.592598,0.78357124
17.073044,0.82910347
18.043036,0.8302345
18.286928,0.842762
16.735222,1.034174
16.847946,1.0064774
18.447828,0.83961296
18.118797,0.87543106
17.863422,0.7484875
17.728252,0.7874985
18.492369,0.8559799
17.477154,0.7755165
13.870944,0.984519
17.668516,0.75489616
17.717281,0.76805496
19.788422,
17.904394,0.77718544
18.061935,0.8510647
17.734665,0.7814274
18.494473,0.94054604
17.002714,0.9109497
17.075499,0.85045815
15.056136,1.0646019
19.363312,1.0420723
18.148012,0.9357033
19.32612,
17.478,0.7827835
18.604162,0.8655815
18.268208,
19.488083,0.93981934
17.152636,0.8448143
17.869732,0.7707615
18.869001,0.58758163
18.531078,0.673645
19.508099,0.9198227
17.17361,0.7789974
17.682203,0.8039608
17.575571,0.76841927
18.5814,
17.330442,0.8065281
18.26653,
16.459984,0.9818773
12.866558,1.3368425
14.303664,1.0947733
15.208389,1.0766315
16.651804,0.9829836
18.565252,
10.954616,2.046689
12.05274,1.4216337
15.554698,1.0666904
14.700349,1.1149282
18.061275,0.8392849
14.545223,1.1476336
17.07996,0.8265209
19.155167,
15.718054,1.0574121
13.755736,1.2076626
18.187916,0.87994385
14.758281,1.1174049
17.093597,0.8031883
17.704084,0.77093124
17.20942,0.831377
16.791302,0.93164253
18.813702,0.9307747
18.50294,0.85625076
17.626917,0.8786297
17.548357,0.7930107
19.569319,1.2062321
18.23506,0.8792095
18.39289,0.7438412
18.613771,0.86839676
18.278402,0.80921364
18.894688,0.827795
19.253769,0.84223557
15.751591,1.0225039
18.72693,0.8201275
16.938938,0.9457588
18.119875,0.88097
19.704405,
18.174925,0.83055687
17.761478,0.83151245
17.756023,0.79439354
18.411018,
17.209534,0.7920151
13.841529,1.0344677
17.37888,
15.456862,1.0673046
17.532366,
13.890632,1.0454187
14.385315,1.1075134
17.244078,0.8666277
17.248878,0.7835884
16.978579,0.88857937
17.798695,0.8865509
13.884079,1.0287352
16.996048,0.8943653
17.479506,0.82447433
17.086956,0.8333435
17.058552,0.7821293
17.428446,0.7087803
17.955528,0.830719
13.877697,1.019556
15.570428,1.0383444
17.200338,0.77594376
18.642672,0.7679386
19.393166,
15.328707,1.0798292
17.094994,0.79862213
18.052885,0.8240566
16.915934,0.8066654
17.002357,0.8621454
17.977512,0.73415756
16.275711,0.97791576
13.795345,1.0634632
17.748926,0.81627274
18.31676,
17.95561,0.88988113
17.572065,
14.032922,1.1207819
11.303419,1.8051414
12.045102,1.4624348
13.721023,1.0502787
13.878715,1.0206938
13.87185,1.1909571
13.204235,1.2859135
13.822799,0.9402609
13.044593,1.316886
15.027426,1.0317812
17.663017,0.5943794
16.345041,1.147872
13.796714,1.0559196
13.051631,1.3202677
17.019833,0.78735447
17.933466,
16.44014,1.00593
17.584728,0.71853065
18.688404,
16.27769,0.97333336
16.600397,0.99483776
17.891907,0.8285198
18.028769,
17.90838,0.77422714
18.346783,0.7832413
13.713914,1.0495491
17.52232,0.74486923
17.275831,0.7572613
18.863731,0.85876846
13.840811,
18.70091,0.7966385
17.591034,0.7732029
17.557312,0.7355213
16.935152,0.9322605
18.02263,0.6928425
18.408287,0.80371475
18.531965,0.9303303
18.164446,0.80864334
13.825883,0.94174004
16.383045,0.99483585
19.550228,1.4981632
17.299847,0.7598114
16.804539,
16.460714,0.9692087
17.324078,0.7944603
17.417206,
15.475896,1.0705929
14.941927,1.0978479
17.125956,0.85886383
17.82189,0.7394047
17.410805,0.77796745
17.333765,0.7406368
17.16676,0.8070545
19.22701,
18.415272,
17.31403,0.80036545
19.898573,1.0626373
19.482664,
17.951958,0.77716446
15.6972885,1.0534706
18.519333,0.76948357
14.307468,1.1466179
14.329545,1.1849089
15.823905,1.0623074
17.516808,0.7812004
18.617716,0.4974823
17.291243,0.712389
17.786163,
17.002405,0.825325
14.312306,1.1555557
17.678999,0.7567234
17.082117,0.8684368
17.476528,0.768486
15.975024,1.0198927
15.478773,1.0642414
17.041431,0.83428764
11.982529,1.5560923
17.045996,0.9442253
17.076817,0.86185646
17.596233,0.5882225
17.733376,
18.684553,0.91072845
17.615091,
18.632256,0.710865
15.512587,1.0441227
17.819633,0.8199196
17.894302,0.5772362
17.069407,0.8874054
18.361431,0.8775463
14.366411,1.1502314
13.740872,1.216938
17.590557,0.7690468
16.235565,1.0117064
17.747082,0.7820759
17.042479,0.8178444
19.170853,
15.295731,1.089819
17.610546,0.8555279
18.498344,0.9461918
12.845379,1.2357502
19.098383,0.9500313
18.611359,0.9136219
18.005978,0.79343224
17.967901,0.63215256
18.074184,0.75813675
18.974358,0.8962288
17.926083,0.88129807
17.611826,0.82112885
17.699455,0.7956734
18.168901,0.80890274
19.156109,
17.034945,0.88563156
18.209658,0.81853676
19.189056,0.9010124
17.734694,0.79395676
18.208643,0.7804184
18.08136,0.85002327
17.3983,0.7500572
17.601608,0.8114643
18.278246,0.8184681
17.111988,0.79886246
17.208405,0.80319595
18.865416,0.9314537
17.099005,0.8346653
18.017982,0.83169365
18.30165,0.83444405
19.485844,
18.712097,0.88510513
18.244564,0.8340225
18.560183,0.85591316
19.410849,1.3825111
19.093029,1.0200272
18.284307,0.8435726
19.382923,1.0543156
18.873425,
15.845501,1.0225906
18.727028,
14.21712,1.1639357
15.223899,1.0894451
18.13731,0.9129505
18.384644,
17.006786,0.8433933
13.896594,1.035738
17.242794,0.8378582
11.656429,1.6589699
18.363676,1.0507736
17.071869,0.8634815
18.283945,
17.036003,0.89235306
17.792664,0.83379745
17.709387,0.78076935
17.160093,0.64473915
18.05341,0.78495026
17.037836,0.8808689
17.882298,0.8046169
19.107975,1.2110691
18.863989,1.0714931
19.031883,1.0800419
17.486256,0.8202629
16.997618,0.9392872
18.5531,1.027111
18.525938,
19.671696,
15.075144,1.0946827
14.2965,1.1565294
18.8176,
16.22828,1.0279617
18.68183,
19.191889,2.1242657
18.910315,
17.575846,
17.796988,0.80872345
17.421785,0.8372326
16.177073,1.0126448
19.931282,
19.76828,1.069931
17.306639,0.7816086
18.082674,0.96645164
17.567406,
18.673464,0.85381126
19.83787,1.1965084
19.54731,1.3163071
17.56632,0.76891136
16.22803,1.0279036
18.695415,
18.295994,0.81949806
19.810879,1.1484375
18.749279,0.96396446
17.87314,0.7803669
18.593307,0.87813187
19.801685,1.3677826
19.037605,0.97888565
17.320742,0.8045902
17.680573,0.7833729
17.711342,0.78048897
19.26189,1.0223293
17.522093,0.7859726
18.845419,
17.807877,0.77539635
18.77882,0.92503166
18.071312,0.84827805
19.351097,0.94893265
18.445074,0.82785034
19.904573,1.1710606
16.748558,1.0221558
18.543337,0.8269024
17.373669,0.7952862
13.863161,1.0239954
18.051596,
13.168551,1.3272648
17.186562,0.7930069
13.55962,1.2507544
18.527836,0.7930088
14.289297,1.1625538
15.216092,1.0793839
17.910206,0.7791481
17.123693,0.8271713
19.495289,0.95562935
18.501867,0.9089298
18.323826,0.83613014
16.815453,0.92863655
18.781216,
18.938133,0.9633732
15.54351,1.0864506
17.212984,0.84755707
15.719879,1.0456152
18.360544,0.79424286
17.945187,0.5198269
19.064848,1.0362892
17.493832,0.7558136
17.59187,0.8347111
17.478308,0.8089886
19.186062,1.1036739
18.54438,0.8252659
13.852558,0.96441555
14.426026,1.1395321
17.743315,0.8247299
17.787823,0.85274506
18.674982,0.8557625
17.75678,0.77770805
18.645523,
13.887182,1.0541887
19.017921,0.92510223
16.892908,0.9628811
17.031998,0.9072933
17.700611,0.88563156
17.578178,
18.110558,0.7877846
17.264776,0.7681732
18.908716,0.9511547
19.027185,0.93774986
17.382803,0.74978065
19.111717,1.0191936
17.713486,0.76089287
17.290716,0.79351807
19.530079,
18.591963,0.89941406
17.481749,0.79813385
17.209549,0.8219757
17.37342,0.7827072
17.793362,0.76929665
19.533321,0.8518753
18.608177,1.0197678
18.180824,0.841774
18.375954,0.86507416
16.442833,1.032217
12.060632,1.4849806
17.416172,0.7712593
18.571642,
17.244518,0.80236816
16.110176,1.0594187
18.978155,0.96185684
18.868927,0.8292179
17.399504,0.78305817
19.466654,
18.828178,0.9131546
16.947378,0.97284126
18.78106,0.89551353
17.638828,0.7919998
18.600584,0.82533646
18.171034,
17.700083,0.7564106
17.765457,0.76890564
17.782972,0.8189297
17.770437,0.85100937
17.656048,0.77227974
17.096075,0.83644676
19.136112,1.0340729
18.726822,0.88053894
18.90162,0.9247837
19.47537,1.041254
17.795858,0.8245373
18.088951,0.8085499
18.360498,0.85505486
17.024435,0.9361534
17.498009,0.7431736
18.903599,0.9620857
17.61846,0.75432205
17.87929,
16.981026,0.9467354
18.740543,0.92105675
17.627445,0.7841625
17.34341,0.7636471
18.261358,0.8267021
19.472153,1.0780773
18.025703,0.79917336
19.405846,0.94532204
19.332253,1.0620518
17.426699,0.78393936
19.777832,
14.319774,1.169137
18.21255,0.82987213
18.163355,0.81396294
19.455645,
19.31647,0.9116001
19.335081,1.0943432
17.397776,0.7837963
18.408157,0.7690716
18.531605,0.8502178
17.658106,0.80348015
19.936747,1.226532
18.100845,0.8472004
17.345228,0.80156136
17.125126,0.8145542
18.944714,0.86985207
19.702423,1.1948853
18.77159,0.904974
18.20544,0.8509979
18.838457,0.8630562
17.572319,0.7925339
18.655752,0.78305435
18.081785,0.8762741
15.483454,1.0618219
19.263672,0.93789864
18.172472,0.8495693
17.034094,0.8848152
17.200245,0.7946472
18.482382,0.90085983
17.903864,0.80926704
17.333519,0.7753277
16.270144,1.0449495
18.128386,
17.604424,0.7814102
17.52485,0.76083565
18.196623,0.80597496
17.369326,0.76571274
18.531439,0.8333187
18.835749,
19.383144,1.0195503
17.42292,0.76433754
19.002298,0.90779495
17.990652,0.80574036
19.871025,1.2324486
18.623373,0.899004
17.454262,0.7840347
18.663172,0.88459015
19.706783,1.2573586
19.584991,1.0943584
17.515789,0.7726097
19.848593,1.0545769
17.772934,0.7626476
17.092289,0.8307514
18.934553,0.9521847
19.279783,0.9756546
18.600542,0.9112549
18.79846,0.9006138
18.517944,0.8280792
17.333551,0.7923813
14.3511305,1.1732016
18.31013,0.87114334
16.90978,0.96022606
18.164394,0.76070595
17.28983,0.77939606
19.031729,0.9499855
17.067034,0.818882
17.760649,0.77692795
17.476223,0.74651146
17.00184,0.9458523
18.27375,0.8098507
17.522871,0.7725315
17.486046,0.76130295
18.944616,0.9627838
18.894049,1.0134811
19.929125,1.3478336
18.705542,0.9288063
19.617998,1.2012463
17.680758,0.74666595
18.684406,0.7529125
17.471296,0.7875118
17.604889,0.779871
17.967781,0.7620907
19.498056,1.1115646
17.694794,0.8022232
19.614239,1.1417065
18.70678,0.88027
17.816917,0.76005936
18.447372,0.8058586
19.217867,0.96616936
17.763727,0.77929115
17.361412,0.80363655
19.42814,1.0156479
19.286741,0.9098339
18.93976,0.9253197
18.410896,0.8220291
18.027155,0.764637
17.486597,0.77231216
18.13906,0.78899574
17.688715,0.7877636
18.453676,0.90504265
18.025116,0.7589569
19.49554,1.2217941
16.843817,0.99276733
18.255392,0.8081341
16.885826,0.98262024
18.770233,0.9227829
19.678438,0.9811382
18.978422,0.89286995
17.091818,0.83610153
17.15007,0.80153847
17.444485,0.7602062
18.556156,0.8695755
19.100595,1.0286045
19.701323,1.0575008
17.958866,0.7850609
19.74836,1.150919
17.12425,0.8096504
18.569986,0.89883614
17.120508,0.66433334
17.018291,0.8863926
18.677727,0.88014984
19.129753,0.92298126
18.220734,0.8289795
19.554924,1.0249691
17.361696,0.7896557
14.286236,1.1603231
18.691824,0.91220856
13.537499,1.110611
17.458303,0.76854897
19.17569,0.99855804
19.41471,1.0805073
18.406555,0.8370743
19.194304,0.98818016
18.657364,0.8508396
17.901915,0.7946453
18.043938,0.7536011
18.317656,0.8407383
18.75966,0.80848694
17.295647,0.7805481
15.589627,1.0653095
18.033499,0.77373123
18.059599,0.85455704
17.944056,0.8038006
19.797888,
17.779099,0.7880745
18.887407,0.9233532
17.250969,0.78801155
19.144249,1.0169525
17.192404,0.8044987
16.819042,0.9909859
17.696869,0.7734966
19.14798,1.141468
17.372944,0.7649708
19.076416,0.96922874
17.64803,0.78643227
17.988401,0.83265495
18.360981,0.84000206
16.489693,1.0045338
17.342527,0.77033424
18.154985,
17.01171,0.86575127
19.373276,1.0492191
18.877163,0.89113426
19.93282,1.2665443
19.348557,1.0341053
18.92052,0.9036541
18.23151,0.8560543
19.161139,
16.79797,0.9971771
18.093435,0.77514267
15.544633,1.0777922
19.99359,1.16922
17.750738,0.75616646
19.426357,1.064888
18.016335,0.8218498
17.587044,0.77931786
19.98226,1.164917
14.954308,1.0992699
16.911715,0.9853897
18.221085,0.8309097
19.058884,0.87991714
17.979626,0.8114929
18.04376,0.79060745
18.802647,
17.067814,0.84516525
19.662363,1.1463566
17.83741,0.7674084
18.981607,
19.755142,1.1817532
19.049139,0.9313736
17.948769,0.7986603
17.801334,0.7833233
17.283714,0.7878952
18.60376,0.90250206
18.136969,0.7962551
11.567467,1.6978493
17.609047,0.76605797
18.226595,0.83909607
16.76349,0.9936638
18.641733,0.88391685
19.452631,1.0462341
19.124914,
19.057701,0.93279076
19.610952,1.10713
15.120158,1.1053772
17.199505,0.86896896
17.319733,0.79429054
18.831942,0.9567261
17.849813,0.8000355
17.573334,0.77685356
17.761879,0.74843407
19.189154,1.0711555
19.234968,1.0002518
17.669989,0.7729244
19.175034,
18.217878,0.8508873
19.38748,0.9572716
19.66327,1.0567589
19.89755,
17.937418,0.80773926
19.087542,0.9779072
16.140368,1.024147
16.462666,0.6253681
17.69542,0.8036213
18.144827,0.9177799
17.991459,0.79047203
17.984407,0.8254032
17.92239,0.8560314
17.651823,0.74754333
17.966787,0.8256893
17.177305,0.7687416
17.849709,0.8067112
17.998558,0.8008194
19.284157,0.73098564
19.433004,0.9838753
17.273493,0.7909641
17.77595,0.78556824
19.073002,0.9677143
18.765493,0.907671
18.67723,0.9214134
18.5189,0.8548813
18.823801,0.94825745
17.593943,0.7674656
17.756035,0.7635555
19.29777,0.93450737
18.460562,0.8347683
19.480455,0.96118164
15.375631,1.0844145
17.59529,0.7703705
19.735216,
15.229365,1.080617
17.248583,0.78723717
19.059437,
17.741838,0.78484344
19.654003,0.9575825
18.129885,0.8065605
18.05646,0.8196335
19.080343,1.0292778
19.246862,1.0052185
18.298674,0.85108185
17.412178,0.76680374
19.933744,1.136631
17.396513,0.7839012
18.9972,0.8991699
19.748493,1.1313896
18.582722,0.80599976
19.223167,1.0222149
17.888296,0.76971054
15.687773,1.069953
16.71433,0.9930515
17.460695,0.75860023
17.413464,0.828804
17.727005,0.76316833
19.962488,1.1800785
16.861603,0.95375824
18.481583,0.92700005
19.30039,0.9515343
17.556307,0.79159737
18.029116,0.7953129
17.163101,0.81959915
18.094866,0.7793274
19.12212,0.9521713
16.512377,1.0213327
18.099098,0.8033676
16.595695,1.0236511
19.374802,0.93963623
17.468544,0.75718117
19.090626,1.0547085
17.501778,0.79301643
17.516266,0.7637081
14.345026,1.1714945
16.617447,1.0153332
17.938135,0.80137825
18.286993,0.8241291
18.003258,0.79392433
17.67628,0.7566414
17.58068,0.77116203
18.460081,0.7858181
16.314013,1.0237074
14.128914,1.1907663
15.302787,1.1006794
18.75964,0.96648026
19.677536,1.11866
18.348352,0.82847786
18.114008,0.7568245
19.632624,1.3039455
17.70334,0.7804432
19.346685,1.1401119
18.524677,0.8312111
18.257822,0.747303
18.725147,0.88736725
18.8274,0.91002846
14.511838,1.1582174
18.946121,0.86881447
17.125828,0.8237667
17.115747,0.80950165
17.427595,0.7855625
18.020582,0.7735672
19.563911,1.03689
17.72995,0.7820606
18.546421,
17.51444,0.7720661
17.743305,0.8461704
19.919044,1.0908108
15.602766,1.0533895
16.639606,1.0147438
17.004168,0.84578896
19.69874,1.1992645
13.713449,1.0544443
18.783129,0.92383194
18.423136,0.8449898
16.958244,0.98594666
17.06759,0.8646984
18.111513,
17.615206,0.7638912
18.211037,0.8626003
17.647564,
19.9949,1.2213917
17.823137,0.826643
16.993725,0.876564
18.33851,0.82141685
17.768806,0.7588196
18.134356,0.83934784
18.64863,1.0512733
19.443287,
18.431902,0.87103844
19.208248,0.6084938
19.06437,2.0308704
15.303107,1.0795279
18.939491,1.1162319
18.399105,
18.414158,0.77480507
18.15291,
17.525604,0.77275276
18.53678,
19.178083,
18.837585,0.9045849
14.479391,1.1517868
18.834442,0.95215607
19.978254,1.151331
18.242432,0.7979984
17.89799,0.7975254
17.986614,0.8215542
18.117125,0.8308563
18.541721,0.9029827
19.267357,1.01478
19.116724,0.9104748
17.321337,
19.290705,
17.63533,0.78896904
17.293806,0.8039818
17.058363,
17.05109,0.81951714
17.00719,0.91423035
18.045324,0.76049805
17.639727,0.79821587
18.273035,0.700861
18.423077,
17.591106,0.7637062
17.417158,0.77814674
17.063705,0.9033222
18.664871,0.78557014
16.647089,0.9960556
17.748606,0.77116966
19.458866,
17.824825,0.7675991
17.809164,0.76675034
18.026768,0.88541603
15.136872,1.0740538
18.541721,0.9104042
17.7744,0.76950455
15.87656,1.0488472
17.922215,0.79452324
15.767101,1.0500116
17.990194,0.82403946
17.598259,0.7408657
19.53673,1.0506744
17.00903,0.8927212
17.184696,0.7801399
17.058863,0.8303757
14.88038,1.099947
19.435724,1.289669
16.497234,1.0367737
18.831087,0.9568424
18.955568,0.9088421
19.36495,
17.129272,0.80252457
18.149492,0.79665375
17.723433,0.79081917
18.393936,0.89352036
18.345707,0.7935028
18.246998,0.8468456
17.306105,0.7615261
19.786627,
19.39977,1.013649
19.03858,0.9778614
18.587736,0.9273586
18.02928,0.81873894
19.298063,0.98807335
14.979597,1.0985231
17.605595,0.8369541
18.691784,
18.658806,0.9143505
17.904041,0.89787865
16.56268,0.99501896
17.687168,0.72776604
18.821518,
18.593102,
13.892903,1.0874729
16.890608,0.8469124
19.042807,0.9737568
18.300983,0.84755707
18.803421,0.9453144
18.898607,
18.78634,0.92736435
19.4038,
14.729571,1.1154137
19.24025,
13.594494,1.2362032
18.729692,1.0338516
17.397354,0.69446945
18.09315,0.82842255
18.617918,0.91067505
16.91402,0.98799896
19.26188,0.70155144
16.349747,1.0217524
13.848525,1.0527916
18.881195,
17.875679,
17.988462,0.800272
17.952902,0.80387115
19.57241,0.9215412
17.592352,0.7513504
13.849235,0.97779846
16.446274,0.995553
17.383118,0.8324604
18.008759,0.8042774
13.754102,1.2139568
15.268435,1.0462627
14.876332,1.097436
17.493305,0.8763981
17.167435,0.8005619
17.947927,
14.544856,1.1471062
13.793185,1.0511656
18.43867,
16.114975,0.9875393
17.803755,
17.995417,
17.937998,0.754364
17.290323,0.7771282
18.465536,
17.139278,0.81669426
11.037926,2.0016518
17.95011,
17.936357,0.81354904
17.026142,0.8489227
15.73448,0.65508175
13.787616,1.0498943
16.042723,1.0277214
17.672577,0.7733402
17.722733,0.8067913
13.258747,1.2879105
19.046532,0.9852619
17.921732,0.77947044
18.269636,0.88524246
19.513731,0.7524872
19.186235,
18.819172,0.85466003
16.826138,0.9592953
17.530954,0.7597122
17.407476,0.8337536
13.839759,1.0252056
19.565506,
18.382784,0.7214298
17.319773,0.78788567
18.74392,
17.064356,0.8365154
18.902113,0.82592773
19.307013,1.1058044
18.365688,0.8217182
18.750872,0.8924179
17.17211,0.77698135
17.015053,0.88998985
16.773825,1.0241928
17.559113,0.77375793
18.129984,0.84202385
17.56409,0.7794304
18.038424,0.7466221
14.267304,
18.415094,0.84680176
19.354038,1.020916
18.855185,
18.730066,0.9710064
17.63026,0.9191761
17.011204,0.8611107
15.601512,0.9841509
17.983656,0.81090546
19.401249,1.1054745
18.121405,0.8298607
17.670813,0.76392555
18.831408,0.8305645
18.280561,0.8053589
18.098309,
18.930538,0.9731388
18.937477,
17.248896,0.7824364
17.360146,0.8300915
17.62624,0.7794533
19.382408,1.1720657
17.780478,0.80501366
19.565697,
17.480438,0.79149055
18.467058,0.91734314
17.777702,0.7942047
14.917752,1.0973024
15.870831,1.0101986
13.896344,1.0478563
13.793588,1.0030851
18.533081,
19.674273,
16.004396,0.606452
17.300413,0.8177147
17.813913,0.8022251
19.40247,
18.45754,0.7966938
15.843876,1.0684843
17.984829,0.7857208
17.169317,0.8002529
14.50547,1.1608343
17.521093,0.7624588
19.42585,1.0618134
19.853088,
18.214928,0.7444935
18.954208,0.96209717
17.520565,0.77685356
18.044325,0.8220215
17.25307,0.8009567
17.561811,0.7560253
17.532053,0.7945976
16.955063,0.90622234
17.748747,0.59944534
18.204243,
18.416636,
19.233852,
18.459902,0.8345852
18.854174,0.732872
18.66997,
18.865318,
17.32739,0.7748585
17.01857,0.94099236
18.02148,
14.213068,1.1783209
17.192116,0.80576134
17.653397,0.7461529
19.17832,
17.636686,0.83322334
13.846755,1.043788
17.131067,0.8071785
17.661654,0.8248844
14.690569,1.1503296
17.243898,0.79714775
17.747856,0.7713127
17.666626,0.7508545
17.378485,0.76130486
18.96499,
18.519142,
18.467978,0.84065247
18.637201,0.9343662
17.695704,0.78281593
17.864607,
18.74743,0.908865
17.44397,0.7989197
19.491983,1.2244339
18.154844,0.8274746
19.67948,0.9847965
16.994991,0.8728695
19.910454,
17.583687,0.7861786
16.757519,1.0407372
17.456802,0.7682133
17.81092,0.80366325
19.220259,1.0356846
18.62909,0.8593979
18.170874,
18.997807,
18.346073,0.8006954
18.283247,0.84397125
17.368887,0.7794304
17.155237,0.82045174
16.713726,1.0230064
19.835695,1.1063175
17.658918,0.80327225
17.074894,0.8630104
19.728878,1.1410961
17.425076,0.7601509
17.56121,0.7764454
17.744555,0.7601433
18.93009,
13.600714,1.2407446
17.200506,0.7908554
17.768494,0.84638214
16.292408,1.0243483
19.38238,1.0204792
18.134174,0.8406334
19.353924,1.0425472
17.107552,0.8133049
17.671429,0.7780781
18.37679,0.8228092
18.401297,0.8593006
17.811632,0.78411865
16.656313,1.0003233
14.776731,1.1299944
17.086924,0.8577595
18.297243,0.7218628
12.425256,1.4521236
18.166183,0.8185406
17.056221,0.8251705
18.262896,0.7719307
17.26512,0.76472473
18.986734,0.8292103
18.077023,0.7719078
18.713757,0.78326416
19.122444,
19.656181,
18.442232,0.80343246
18.231247,0.84305954
17.06171,0.8275757
16.813826,0.9857502
15.140899,1.0988798
18.448116,0.77301216
18.80564,0.94257164
18.226124,0.8239155
17.122938,0.8140526
18.908665,
17.782087,0.75300026
18.001436,0.77823067
16.547596,1.045229
17.780094,0.7748585
18.40237,0.8156948
18.695662,
17.530027,0.7634659
17.844624,0.73373795
17.260736,0.79130745
19.2276,1.0731239
19.139435,1.0773163
19.101238,
18.310505,0.8109703
17.508148,0.7458191
18.519196,0.8247261
18.254795,0.75979805
19.574821,1.0423584
17.079443,0.8319588
19.1788,1.0054398
18.410385,0.94452095
18.011404,0.80041885
17.907246,0.7791023
17.729761,0.8061371
19.576675,1.1342525
18.416052,0.86437035
19.063347,1.0413818
18.081911,0.7927551
18.772812,0.8457546
11.016714,2.209859
18.722427,1.387825
18.781818,0.9001579
18.34908,0.6537895
17.022482,0.86888313
19.980019,1.1102238
19.084463,0.8988972
17.758211,0.83794403
19.207409,0.90716934
18.792421,0.9387264
19.581533,1.1250935
17.55481,0.7790375
18.146343,0.8185768
18.011368,0.75554085
18.948141,0.87234116
17.420515,
18.228342,0.86091805
17.477345,0.76457596
19.307705,0.917923
19.124447,0.9494705
18.875483,0.9364815
18.624496,0.91264343
18.433613,0.7784233
13.893073,1.0344524
17.228075,0.7974529
18.744663,0.91313934
18.937132,0.9205284
14.881676,1.1174479
13.858755,1.0524597
17.227716,0.79790306
18.179634,0.8092327
18.335674,0.835207
18.670599,0.78601265
18.166122,0.8266487
17.483759,0.7773018
18.35476,0.90182495
17.271597,0.7441158
18.063437,0.79924583
19.995537,
19.10212,0.96558
17.36731,0.8468685
16.360552,1.0282784
17.233557,0.8191376
18.519644,0.84851646
17.528942,0.7636204
17.137276,0.80643654
19.005026,1.0350056
18.702154,0.8621998
17.666483,0.7880993
18.209112,0.77555656
19.698004,1.2056274
17.745642,0.81500244
19.004894,0.9972725
19.809038,1.1619263
17.936182,0.79006195
17.197233,0.7793541
19.370953,1.0642471
17.8925,0.80517006
14.33231,1.1639977
17.705645,0.7662945
19.235909,0.9650936
19.932089,1.1888905
13.875334,1.0773201
14.819065,1.1370678
17.731882,0.7534199
16.569723,0.51342964
17.445393,
18.606253,0.8649845
18.966938,0.96383667
18.63461,0.8962345
19.959248,1.1256542
17.855705,0.7889347
17.043465,0.8478966
19.11197,1.0124073
18.714151,0.95404243
19.350893,
18.570055,0.87597847
17.448505,0.8026562
17.85711,0.77970505
18.978691,0.88760567
18.994946,0.98085594
18.010048,0.7990742
18.271355,0.84853935
17.746675,0.7586632
17.128979,0.81892204
15.304418,0.530838
19.290234,1.0228844
19.54208,1.0885925
18.891302,0.91843224
16.860664,0.98931885
19.489058,0.9813175
18.406872,0.83761215
19.031492,0.9340019
17.555475,0.79854774
18.133171,0.80685425
19.564367,1.1603069
18.953554,0.9908676
19.48638,1.0211353
15.890768,1.0503292
19.125143,1.0980892
19.108776,0.9978142
17.783617,0.7640743
18.483467,0.8334961
18.603354,
17.651958,0.7684059
19.212135,0.92386055
13.894454,1.0524921
17.72657,0.8048725
17.297325,0.78380775
18.677544,0.91890717
18.767702,0.85004616
19.860943,1.227869
19.200562,0.9338589
19.64937,1.1017475
19.595102,
19.450132,1.0552883
15.909209,1.0603781
18.702894,0.84041023
18.222702,0.9588795
19.712667,1.1923676
19.06419,0.9547539
17.066143,0.85090065
18.663261,0.86532784
19.09415,0.9450035
19.894777,1.3066502
18.455448,0.86756516
19.633333,
17.992186,0.8036957
18.82194,0.9458294
17.833559,0.796154
19.396074,1.1161594
17.511358,0.7816658
18.193624,0.81466293
13.910625,1.0760231
19.11245,0.97831345
17.901937,0.80900764
17.38287,0.8249893
19.37347,1.0429382
17.53818,0.7798996
18.278032,0.82089424
16.98097,0.954998
13.845657,1.0534134
18.001583,0.7701206
17.795538,0.7676983
16.85805,0.90834045
17.296492,0.77454185
17.966116,0.74207497
19.053371,0.9738636
17.324272,0.79161835
17.320578,0.8135166
17.983805,0.80968285
17.590664,0.79530525
17.868135,0.76123047
18.36595,0.7581215
18.199116,0.8016739
18.261002,0.9745407
17.690155,0.76885414
19.07851,0.93153954
18.14174,0.831625
18.278368,0.78658295
17.052326,0.8589344
19.563435,1.1352005
17.342731,0.7876167
18.490467,0.83374405
19.555923,1.093441
17.94789,0.7685108
19.101923,1.0090561
15.563403,1.0854168
19.381104,
18.096912,0.82260895
17.445972,0.77846336
18.898277,0.95695305
16.197783,1.0527096
18.388575,0.8055706
17.055414,0.8772335
19.504719,1.0340405
17.633059,0.76566887
18.022438,0.8208523
18.261211,0.8835678
17.238115,0.78297615
17.137732,0.7956848
16.984312,0.65574837
18.981615,0.9412899
16.897484,0.9579277
19.127527,0.9954071
18.907509,0.90776825
18.392004,0.83132553
19.020374,0.922163
16.907938,0.96201897
18.390507,0.8153763
19.027985,0.97117996
18.00669,0.7939663
17.615923,0.7444458
19.210728,1.0491581
18.856733,0.85116005
18.507523,0.82377243
19.076551,0.95495415
18.555447,0.8383236
18.619873,0.86045074
14.961154,1.1071863
17.904804,0.7344227
17.44025,0.76013565
19.202791,0.88425446
18.818867,0.9431782
16.848866,0.97097397
18.933985,0.983448
19.34378,1.0371628
18.105902,0.8013592
17.595673,0.7716675
19.112015,1.0727386
13.877821,1.0406771
17.182514,0.7804413
19.570055,1.2385902
18.779703,0.8745365
18.392649,0.9460106
19.577755,1.0665474
18.19061,0.7682648
18.108204,0.80208397
16.469711,1.0347042
19.886108,1.0612621
17.604418,0.79878235
18.227924,0.8337059
18.965448,0.9192066
18.788315,0.9589462
18.362534,0.7996597
16.770172,1.0084095
18.741106,0.8476696
17.942839,0.79159164
18.68223,0.9028454
17.497301,0.7677746
18.675875,0.88680077
17.431282,0.7667713
17.11523,0.6229496
18.333107,0.8501797
18.62483,0.8919163
17.7355,0.80301285
18.94424,0.89554596
17.660395,0.7862816
17.881466,0.79429436
18.49981,0.88251305
16.937725,0.9333267
17.423967,0.7687435
17.547342,0.7648907
16.774418,0.99220467
17.309402,0.78381157
18.229956,0.8341198
18.940212,0.90852547
19.681067,1.1092205
17.506966,0.75222206
17.864937,0.80607224
17.772158,0.7715359
19.193298,1.0399036
18.463972,0.86203194
17.18765,0.80062103
17.766218,0.7918968
18.102556,0.8096466
17.925938,0.79216003
17.801697,0.83198166
18.748531,0.9187107
17.743874,0.778759
17.441845,0.7843609
17.743225,0.7581024
18.414928,0.8384628
16.858345,0.7547684
13.863156,0.98687744
17.3515,0.7817364
17.060354,0.8007908
16.953325,0.93123436
16.14902,1.0180588
13.478098,1.2482386
17.779806,0.8053932
17.44217,0.7520695
18.406471,0.92671967
17.792223,0.7653332
13.850928,1.0372887
18.984138,0.9814644
17.927147,0.7856178
19.000767,0.91552734
17.69668,0.7817173
19.118954,
16.122757,1.0345297
19.074186,0.86258125
18.514668,0.8483887
16.526258,1.0064154
17.930365,0.7942753
17.851944,0.7865467
19.734934,1.2652454
17.105524,0.80197906
17.732763,0.7378788
19.431509,1.0301609
17.807905,0.80018806
17.637995,0.7695141
13.953846,1.2074108
19.349579,0.9610138
17.513988,0.76343346
18.158932,0.8260994
17.097399,0.8179741
17.356857,0.7602768
19.089605,
19.758995,1.1357079
18.940989,0.8517914
17.907938,0.783762
18.58744,0.86408806
18.599949,0.8752289
17.694294,0.8107815
16.89423,0.9475136
18.619108,0.8898659
17.05056,0.83758736
18.314611,0.8247776
19.871159,
17.177664,0.7754383
18.575361,0.9008846
17.408636,0.7787552
17.134277,0.7768898
18.810984,0.8848133
18.097183,0.84384155
18.02172,0.8031063
18.657698,0.85936356
19.657495,1.0783844
16.993906,0.89630127
17.198534,0.792387
17.45815,0.8305645
19.984356,
17.8916,0.7763405
18.159193,0.81084824
17.799765,0.76968956
18.956875,0.9511013
17.14563,0.80984116
16.391624,0.5944233
19.82115,1.1070728
18.834944,0.80555534
18.427715,0.84283066
19.027826,0.9125557
18.892673,0.93618965
19.135593,0.9187412
15.367303,1.0751333
16.528074,1.0379715
18.213179,0.8153362
17.904623,0.7575569
17.93931,0.7569008
18.065365,0.777853
17.63399,0.8040428
18.152258,0.8064079
17.476856,0.795393
18.186306,0.8286419
17.66121,0.76592064
18.758785,0.8885193
19.160889,0.8828182
17.796747,0.769928
16.958456,0.96556854
16.96293,0.9654217
19.207209,1.1055584
17.554588,0.77684593
19.292454,0.9893818
15.979291,1.0442705
16.636885,1.0447674
18.000708,0.80994225
18.648766,0.873436
17.987272,0.79014206
18.956347,0.96217346
18.45974,0.8585396
19.15391,0.9775982
17.886414,0.80151176
16.169607,0.48114204
18.574276,0.919817
18.265553,0.8471165
17.961535,0.7902622
19.772902,1.1393604
17.367636,0.7795334
17.195148,0.79008675
13.861324,1.0468912
18.265266,0.8367672
19.204538,0.9863701
18.443161,
17.695652,0.77336884
18.625809,0.8553543
17.632608,0.7532368
19.463917,1.0589771
14.257823,1.1782732
16.676876,1.0211773
17.82422,0.76678467
18.028618,0.7922363
18.186354,0.80457115
17.59362,0.7807903
16.489698,1.0092745
18.004396,0.83188057
17.145075,0.8371525
17.371113,0.7886009
19.097929,0.94547844
17.31224,0.8145561
17.230263,0.7785797
19.950817,1.1848965
18.16652,0.778738
17.403315,0.78198814
18.584805,0.81238556
16.568666,1.0287333
17.619259,0.7746773
19.54653,1.1337605
17.911146,0.7264347
13.63158,1.2453623
19.304901,1.0829735
17.533207,0.7752037
17.336481,0.76937866
17.82831,0.8233776
17.272821,0.7860203
17.872194,0.82192993
17.043797,0.87976456
18.363634,
19.266407,1.0271664
18.07557,0.81910896
17.599018,0.7938099
17.672352,0.7796688
10.879365,2.1566544
17.731312,0.8427601
18.898706,0.95212555
18.394192,0.8358021
16.991339,0.88227844
19.840609,1.1675129
18.733624,0.86371803
19.06408,0.9980507
17.572584,0.8063412
18.70029,0.9537144
16.790747,0.57538223
18.374542,0.8936806
17.789232,0.7787113
12.820964,1.2996025
16.436895,1.0142136
17.207886,0.7803192
17.865305,0.81115913
16.102823,1.0517521
19.531086,
18.008453,0.81129265
13.873035,1.2035856
16.269218,1.0317373
16.815,1.0007095
16.48276,1.0165377
19.01177,0.959713
18.9655,
17.035471,0.84669876
17.083134,0.84036636
14.332771,1.1113005
18.343254,0.8446064
17.79394,
18.074911,0.81539154
17.089575,0.82038116
18.24071,0.79743004
17.657114,0.797287
19.259918,0.88046455
18.077894,
17.441216,0.78391075
16.976326,0.94005203
19.343252,1.0474148
17.491302,1.5203476
15.03657,1.1499453
19.090261,
18.101135,0.8309841
17.479418,0.7715931
17.496859,0.7275562
17.288225,0.7716179
17.803299,0.81173897
17.018719,0.8872318
18.368544,0.813879
15.050021,1.0802202
19.46244,0.9086361
18.499462,0.7933712
18.461605,0.76433563
18.538235,
18.549107,
17.165188,0.7782173
19.71656,1.1054649
18.09766,0.79175377
19.207237,0.9435539
18.54776,0.8384247
17.807426,0.7663002
18.302748,0.79665565
19.167025,0.9995041
15.276654,1.0859346
17.831272,0.727417
19.06876,1.0243473
18.062422,0.7849293
17.73084,0.8371239
18.73809,0.9316044
17.936867,0.80196
18.130232,0.8270912
17.790691,0.7476635
17.459696,0.7888031
19.946999,1.3022652
17.431206,0.75871277
17.318508,0.76815224
18.28785,0.81040955
17.328022,0.7654724
18.420452,0.7638149
19.885098,1.6351013
17.717255,0.77394104
17.875383,
16.025614,1.0357523
17.895988,0.82204247
19.322126,1.1065617
17.063889,0.8248539
17.202225,0.77495
19.511993,
13.995008,1.1993885
17.50233,0.7614231
19.07858,0.8440342
17.853647,0.7361851
18.14481,0.90198517
19.019493,0.8422184
19.024275,0.87688637
14.988797,1.0897312
17.164318,0.79491234
17.92293,
12.091288,1.4449224
17.316547,0.7708206
18.236107,
12.754681,1.2556515
19.939535,
18.314436,
17.429789,0.7847824
18.445335,0.9625015
17.830143,0.7333813
18.566326,0.95145607
19.359665,
14.60587,1.1235161
18.216465,0.7863846
18.173319,0.7789688
17.563208,0.7706032
17.721188,0.74816704
19.30853,1.0492115
17.179737,0.79839706
17.374596,0.78925896
13.9129715,1.032486
17.209831,0.7930927
18.121765,0.7831993
12.991695,1.3629456
17.229153,0.7865677
16.895527,0.9558449
16.224953,1.0452604
17.05038,0.8966274
10.875926,2.4660177
13.875056,1.0855169
18.818111,0.72413826
19.037231,0.9905319
17.680689,0.78500557
17.671038,0.7693081
18.105991,0.8031502
17.055477,0.8596554
19.12638,0.96170616
18.383608,0.96113396
18.700846,0.862175
17.63554,0.7833195
17.612797,0.8505974
17.707827,0.81082535
17.760695,0.8487148
17.450869,0.77767754
19.02658,
18.703848,0.93439484
17.298264,0.77137184
17.605179,0.7865772
18.834879,0.92354965
18.037756,0.78034973
19.85423,1.1931324
17.323639,0.78136826
18.485243,
18.50392,0.80610657
18.97204,0.9539242
14.714488,1.122819
18.632614,0.8558655
19.344633,
18.442032,0.90750885
18.177437,0.79675674
19.220518,0.8851185
17.402035,0.7597389
17.542618,0.7750683
17.649252,0.7973881
18.09412,0.8021431
17.353077,0.76830673
17.06755,0.8989544
18.599562,0.87127686
17.001223,0.9009514
16.809599,0.98155785
19.260649,0.94615173
19.857069,1.1128464
17.932474,0.8366585
16.987251,0.90145874
17.906046,0.73968697
15.384143,1.0977278
18.7231,0.92539597
17.6137,0.7691536
19.768145,1.1504002
17.148642,0.8086128
18.657328,0.90608406
18.292791,0.85930634
18.89386,0.90974236
17.057295,0.8232441
18.22895,0.86660767
19.429089,
18.293121,0.79068184
18.567822,0.8760567
19.676554,0.99323845
17.651016,0.7831478
18.418125,0.8582058
19.841763,0.89648056
17.162865,0.80895424
19.451307,1.0247536
12.918742,1.2833014
18.726847,0.9616699
19.100676,1.0480671
17.148045,0.7958908
18.267813,0.854969
18.807528,0.9083061
17.005548,0.86668587
17.90437,0.78829956
17.900898,0.78386307
19.318865,0.933691
18.030447,0.7928982
17.67275,0.7495041
18.709833,0.9098282
17.92651,0.80939484
18.977398,0.91921616
19.521364,1.0187798
13.632342,1.2395878
17.90639,0.7809315
18.06367,0.7749233
18.82951,0.9548874
17.742575,0.7600422
17.316696,0.8070717
18.503069,0.8614578
18.890326,0.9015007
14.433698,1.1712885
18.207857,0.8508148
18.23961,0.83107376
18.944056,0.9390087
19.676281,1.0451393
18.108953,0.82094574
19.689333,1.0772018
17.2581,0.78157043
17.712492,0.7713146
16.3511,0.6853533
17.903336,0.77545166
15.09956,1.0975952
19.787416,1.2733898
14.629252,1.1250038
18.703583,0.8606014
19.71342,1.1872482
18.129267,0.7809334
17.072079,0.81671906
17.89006,0.7197361
17.108131,0.81209564
17.677526,0.77044487
18.386639,0.8499718
17.89695,0.7900219
18.932175,0.8537655
13.478422,1.2597399
16.963774,0.94322014
17.538012,0.78273964
18.1671,
13.808731,1.0436344
17.881054,0.75572205
18.571709,0.8593712
18.75383,0.91734123
19.316143,0.907917
18.265785,0.8323097
17.110085,0.79549026
15.046389,1.0961466
17.159454,0.7818699
18.30958,0.86852837
19.167517,1.0004005
17.014864,0.8932152
19.448404,0.96619034
18.926655,0.97888565
18.135332,0.8009529
17.496822,0.800066
18.507605,0.80763626
18.27491,0.8349037
17.716568,0.7780895
19.641468,0.9626579
18.92879,0.9811497
17.557457,0.74536705
18.495174,0.8448601
17.55425,0.743063
19.276619,1.0006447
16.929579,0.9523487
19.126415,0.99147606
16.778656,1.0013657
18.2564,0.8009434
18.542564,0.87299347
19.139317,1.0359211
17.469622,0.7656765
18.873518,
16.979542,0.73838615
19.958715,
18.8757,0.96549034
18.642551,1.0322552
18.567806,0.8411503
17.265427,0.78102493
17.59138,0.7657089
17.986841,0.80065346
17.597067,0.79491425
17.964205,0.7764988
17.184517,0.64352226
19.467834,1.0074234
18.368082,0.8853493
17.127262,0.8126278
18.929665,
18.088415,0.89045906
18.981915,0.9605961
16.357105,1.0327892
18.396185,0.8610344
18.723677,0.80693054
18.097239,0.78931046
17.241022,0.78481674
18.078457,0.785799
18.662428,0.9010773
17.829819,0.7701855
18.775898,0.9645901
17.450687,0.811882
18.062529,0.83522606
18.036432,0.80659485
18.684685,0.8249397
14.662395,1.1244698
17.47476,0.79183006
18.717323,0.8679104
18.874249,0.9132652
17.671913,0.7403488
17.254374,0.79528236
19.67825,1.196415
19.358398,0.98699
17.517393,0.770031
18.05067,0.80835533
17.870579,0.83945656
18.76887,0.92492294
19.26951,1.012394
18.126202,0.8600197
19.698278,1.1249542
17.080189,0.83004
18.564249,
13.642121,1.2323561
13.845582,0.9977932
18.75666,0.86143494
18.610956,0.93652916
18.624783,0.82138824
19.13616,1.0345001
19.198412,0.9470024
18.634518,0.8600979
19.250113,0.98818016
19.19903,1.0117073
18.770905,0.9266529
18.276657,0.8367405
19.069813,0.99983406
17.787483,0.7810497
17.354101,0.7606678
13.861466,1.0653982
18.05824,0.7804928
17.814558,0.7833748
18.735043,0.94304466
17.323679,0.77511597
18.470863,
18.840027,0.8575611
19.250795,
13.769483,1.036829
18.533878,0.90961456
18.989046,0.91031075
18.117292,0.8059101
19.524067,0.9907017
18.781673,0.9354267
18.472004,0.79499817
17.597708,0.77848244
17.720963,0.7416992
17.356361,0.77253723
17.396643,0.7840996
18.664156,0.9237213
18.481165,0.8726063
19.472816,1.0609589
17.797224,0.7625122
17.073637,0.8538704
18.331497,0.87971497
17.336573,0.7834034
18.812538,0.9024353
17.36842,0.8286381
19.504017,1.1687222
13.859815,1.0740156
18.875107,0.9037285
19.138144,
17.383957,0.7694473
17.971903,0.83203506
15.980817,1.0388412
17.189697,0.78952026
16.996044,0.9580116
17.510677,0.77716637
19.543882,1.0011196
18.248903,0.88812065
18.744904,0.8710327
18.111446,0.8135834
17.147018,0.79037666
18.567963,0.84353256
17.963257,
17.612558,0.7609043
18.769283,
18.258186,0.80796814
19.007729,0.99770164
19.40625,1.1145096
19.59784,1.10565
13.634875,1.0706758
18.539845,0.8139801
17.692844,0.74562263
19.198013,0.98176956
18.971865,0.9102192
18.829578,0.91480255
17.219193,0.7754631
18.63276,0.85972404
19.682585,1.0422268
18.651299,0.9746418
18.811245,0.9605465
17.650772,0.8047905
17.459011,0.78837967
18.729929,
16.978243,0.8966999
18.556032,0.90135765
16.984367,0.9244995
17.337605,
17.257854,0.76345253
13.871567,1.0791063
19.95416,
19.470627,
18.184383,0.8318958
18.07138,0.7831707
13.870197,1.0622816
18.139362,0.7906494
19.657421,
17.104702,0.79411125
19.448269,1.0146999
13.897668,1.0495615
17.74977,0.79429245
17.059843,0.843523
17.86036,0.82639885
18.533844,
17.31864,0.7638073
18.8181,0.92144585
18.228191,0.84994507
17.36716,0.7675209
18.422163,0.7980213
18.967482,0.9593544
18.357677,0.94329643
17.42453,0.76062965
18.547258,0.81983757
14.425354,1.161047
19.710657,0.55962944
17.663536,0.7843952
16.743849,0.9894028
17.384665,0.752491
17.71216,0.79621506
15.544934,1.059413
18.493729,0.8427391
18.127491,0.79426575
18.806599,0.8775921
17.06241,0.8178139
17.319405,0.75626373
17.156471,0.8281002
16.657999,0.9824562
19.092863,0.92891884
17.224718,0.7630062
18.855015,0.8567467
19.087883,0.7840748
17.457182,0.7546749
17.796873,0.7616844
17.572165,0.8297405
18.916462,0.90454674
18.221334,0.8164406
17.778212,0.7607517
17.292173,0.7635727
19.555698,1.128439
19.652107,
18.17764,0.8106613
18.830149,0.85367584
19.708597,1.1246986
16.806787,0.9890251
17.74764,0.7620926
16.975502,0.9243736
18.978006,0.9189987
13.864656,0.9777975
17.448824,0.7534752
17.072556,0.8189297
17.012661,0.92934036
19.476837,0.8756752
19.27555,1.0499935
17.185776,0.84038544
17.708124,0.7928581
13.896998,1.0603285
17.367954,0.78752136
19.025364,1.0137577
17.720102,0.7330971
19.121914,
19.634886,0.8636131
16.8581,0.9729862
16.985718,0.91856766
17.727148,0.78287697
17.522509,0.7712021
15.066465,1.0797014
17.721947,0.7187748
19.069334,0.7668228
18.722034,0.8258381
17.286654,0.77544403
17.109013,0.8040581
17.751522,0.76501083
18.81816,
17.041544,0.8148937
17.036951,0.84020996
17.231682,0.8188343
17.937073,0.74747086
17.889591,
17.987776,0.7927265
18.402496,0.82499886
17.597471,0.7508812
18.836031,0.9155407
19.989872,3.5471287
18.427227,0.9377785
18.750553,0.9145889
19.088354,1.0279045
15.072919,1.0802832
14.636238,1.1334515
19.066523,0.9539509
17.412449,0.77254486
19.047298,0.99333763
18.094707,0.779789
17.012028,0.8809242
17.341293,
17.943968,0.8646622
19.907244,
19.818438,1.1309509
18.726429,0.7991047
17.774023,0.76732826
14.2702875,1.1636286
18.016403,0.76564217
18.456764,0.81518745
18.342335,0.8278427
18.495628,0.9191284
17.716032,0.7939434
19.782547,1.0734081
17.729473,
18.928059,0.8169708
18.160067,
17.644222,0.8075752
18.697746,0.9760494
17.639133,0.7617245
18.39839,0.91563225
17.760614,
17.387728,0.7800827
16.881453,0.9764595
17.470655,0.78572273
18.137686,
19.485338,1.0927181
18.72692,0.78497505
19.212282,1.1965427
18.699615,
16.99185,0.90608597
17.505884,0.778841
17.369743,0.81677246
17.11926,0.8453274
18.01816,0.80617905
18.007711,0.7972393
19.910011,
19.469107,1.0720959
18.71438,0.95936203
16.949997,0.8978119
18.929127,
13.758361,1.0748377
18.691334,0.9634361
13.765297,1.0064812
17.986132,0.7789078
17.229555,0.7686558
18.869797,0.7245674
17.315374,0.80181503
17.278708,0.77342415
19.826292,
13.550491,1.2685213
17.034517,0.88869286
17.031738,0.8386936
15.081824,1.08776
16.952665,0.9282875
15.1144085,1.0871792
16.921295,0.9206753
17.523182,1.001831
17.160027,0.80301285
16.348732,1.0399227
16.20222,1.0421562
19.655851,
18.812214,1.0139389
13.896618,1.0401592
17.599182,0.80039597
18.775446,0.81157875
19.18608,
19.43458,
14.415157,1.1516533
15.082214,1.086276
19.275805,1.0991364
13.878002,1.076334
18.610022,
18.613203,0.86047745
18.89577,
18.98821,0.845314
19.653654,1.0453987
18.455994,0.87500954
18.008915,0.74946785
16.688911,1.0217075
18.818283,0.87480545
18.555214,
18.930698,0.90533257
14.393169,1.1621494
19.314648,1.0541649
19.404581,
18.45642,0.7482624
18.565351,0.83579826
13.747617,1.0806704
19.371822,1.1439247
18.59976,
18.43851,
18.756643,0.97938347
16.99158,0.91757965
17.981703,
17.58694,0.78035545
17.712292,0.78219795
18.202822,
17.819359,0.6837578
17.34309,
14.462829,1.1637163
18.650452,0.95072556
17.474728,0.74762154
17.501951,0.77539635
18.024784,0.89870834
18.074175,0.7843723
17.925642,0.80609703
19.57329,
17.745138,0.81269836
17.830418,0.79237175
19.263458,0.97737503
19.107567,0.98381805
17.537645,0.8095894
17.754309,0.79185104
18.54894,0.8925266
19.540041,0.96515083
16.142551,1.0556955
17.344976,0.7614727
18.376295,
18.698746,1.0251598
17.452723,
18.493801,
17.808735,0.7633858
16.724144,1.0268288
19.507988,0.98565865
17.432709,0.7664585
17.430756,0.7547722
15.980544,1.0438061
16.955982,0.9301367
16.108656,1.023243
17.621384,0.7108784
17.910841,
16.898424,0.91210556
16.99307,0.9481621
17.505842,0.7432804
17.927967,
17.757326,0.7581253
18.092127,
17.779703,
17.19873,0.8100586
16.061869,1.0461159
18.854095,1.0431976
18.827686,0.89767456
18.00054,0.85406303
18.126905,0.8296833
19.287464,
18.128248,0.8328152
16.332384,1.0126953
17.07621,0.8120613
16.625813,1.0016375
18.786613,0.8323021
18.740057,0.9632263
17.948202,0.8162651
17.146852,0.81269264
19.564781,
13.881912,1.0423212
18.62729,
15.946484,1.0335903
17.462036,0.80085754
18.496199,0.8705635
17.581783,0.75710106
18.119585,
17.918875,0.7877426
15.550048,1.0565195
17.370934,0.75722694
18.199915,0.77983284
18.30881,
18.010368,0.7712765
17.385685,0.76026344
14.138915,1.1988363
18.444746,
17.266142,0.7717552
18.18324,0.80415726
17.602682,0.75948143
18.490007,0.7151356
17.860764,0.83311653
19.72127,1.2389107
16.778408,0.9798088
16.999205,0.8733692
19.151985,0.9391918
16.327396,1.0296764
17.06073,0.8594818
17.371859,0.79605484
18.651384,0.9068413
16.911058,0.9656658
18.20448,0.856678
18.639242,0.83989525
18.647465,0.9590874
16.976585,0.9362812
17.627682,0.7906704
18.838661,0.9280834
15.398484,1.0940142
18.965288,0.9493866
18.339525,0.81544495
17.3036,0.7624397
18.309822,0.8214302
17.994701,0.78033257
17.97436,0.82632446
17.011604,0.8539467
13.894382,1.0441561
18.787207,0.8581848
18.357695,0.835989
18.69845,
18.515272,0.86428833
18.12217,0.8059368
19.97453,1.1300526
17.1986,0.78425026
17.844717,0.7647152
17.39119,0.77204704
17.871069,0.7608223
17.873049,0.7624874
17.45424,0.77871513
13.050447,1.3460398
17.490404,0.78655434
18.810242,0.83979034
18.048548,0.7978897
18.738722,
16.962679,0.9511242
18.707079,0.9006386
15.91759,1.0496664
17.36151,0.8171501
17.96427,0.8367443
19.937458,1.0034409
18.69045,0.8751507
19.915516,
19.59945,1.0373116
18.306856,0.8537884
17.733297,0.759037
17.42665,0.66908836
15.606333,1.0804224
16.976906,0.955513
18.15604,0.84025764
19.367037,0.95438576
19.321577,1.0368977
19.82789,1.0486107
19.661068,1.2459774
19.664364,1.0122318
16.39494,0.49968338
17.91115,0.81192017
18.112234,0.78041077
16.928429,0.91758156
18.739643,0.92010117
16.217552,1.0398083
19.546926,1.056139
17.030828,0.8774605
16.17977,1.0496254
18.394188,0.9550915
19.077257,1.0118771
17.532845,0.7643261
18.60063,0.86076355
18.124176,0.7948475
19.861542,1.1732807
17.444193,0.7657852
18.146662,0.7980118
18.81579,0.87787247
19.143393,0.969038
18.516396,0.85957336
17.982677,0.8103981
13.33108,1.1435986
19.27081,1.1061401
18.29006,0.8039417
19.581968,0.9942169
18.47959,0.8666916
19.278484,1.0732479
18.580345,1.0461941
18.190481,0.8304901
19.387383,1.0901737
18.667967,
18.700262,0.877655
13.773418,1.0757446
17.549252,0.7685585
18.281338,0.87215805
15.936437,0.86750793
15.967897,1.0673885
18.001244,0.79776955
18.608315,0.8844223
18.002384,0.78526115
17.489256,0.7722225
12.828336,1.3628473
18.769024,0.91996956
18.474735,0.8426056
16.583897,1.0034838
16.551105,1.0017061
17.663319,0.7781334
19.296022,0.91586685
18.589476,0.8714695
17.306328,0.78398705
17.21659,0.7665577
16.895142,0.85152054
17.598597,0.78001976
18.875029,1.0167446
19.855156,1.1810303
19.287477,1.046669
17.27123,0.83057404
17.827934,0.7764187
18.162735,0.76893806
18.53121,0.89440536
16.396292,1.0268326
18.680033,0.87355614
17.784418,0.7705269
18.67253,0.90662
17.161602,0.8189297
18.328987,0.8435726
16.645662,1.0170918
18.610485,0.8493633
18.96248,0.9328518
18.384924,0.82548904
19.314173,1.0796452
19.784538,1.1030712
19.307707,0.9892235
17.127155,0.8109913
18.571905,0.84628487
16.129248,1.0578957
17.83838,0.7945366
17.664598,0.7899647
17.603209,0.7335739
17.38671,0.7814884
17.837036,0.8014202
18.868286,0.9426365
15.88688,1.0674486
19.150967,0.925827
13.780424,1.2427511
18.405367,0.85152054
17.255665,0.7959919
13.826295,1.0374174
13.861433,1.0631199
13.676413,1.1394596
19.66841,1.0223446
18.19806,0.8139248
19.04737,0.94805145
19.410769,
18.84176,0.8516903
18.85914,0.91534996
18.960655,0.9573631
18.61665,0.90309525
18.433321,0.85220146
17.851482,0.7736378
17.56758,0.7626934
17.501911,0.7792568
15.287462,1.0898314
19.979864,1.3556175
18.781376,0.95877266
18.483677,0.8611431
17.578218,0.7483616
17.22689,0.76791954
15.941688,1.0465317
17.763884,0.8030777
17.397741,0.76974297
19.056763,0.99227524
17.717373,0.7584934
17.969347,0.75904465
16.280073,1.0448618
18.627352,0.908371
17.80437,0.7919197
17.81261,0.77908325
19.285032,0.9929638
17.14355,0.80643463
19.227442,1.0360241
18.265333,0.849493
19.848122,1.1080494
16.976204,0.8815193
11.855198,1.5152445
18.558268,0.8861351
18.975294,0.5628357
19.58915,0.99671936
19.998835,1.0730515
17.797487,0.79720116
18.368038,0.81973267
19.907274,1.0533428
17.48637,0.75338936
19.818134,
18.789148,0.8616371
17.590609,0.7515297
19.438795,0.9897289
19.049177,0.9317894
16.936525,0.9836292
17.091833,0.8088093
18.82397,0.93377304
19.442663,1.0365868
18.272243,0.8629532
19.219673,1.0166454
17.875721,
18.495699,0.7560253
18.085861,0.77451324
16.251642,1.0308561
19.740683,
17.641773,0.8448372
13.884913,1.0769901
12.148546,1.502696
17.538063,0.7445946
17.696686,0.7369728
17.532248,0.8006077
17.866362,0.8577881
18.548208,0.7991905
17.7457,0.92391014
13.866814,1.0734262
19.049765,0.9115944
19.288355,0.8160095
19.328587,
18.311552,0.6354065
18.541752,0.5657425
19.542622,0.9579983
18.949543,0.93333435
16.49855,1.0333166
17.724613,0.86980057
17.249119,0.7692337
18.370867,0.79846
18.81036,0.91819
17.720959,0.7467823
19.026752,0.9563885
17.045156,0.85710526
18.175821,0.7695885
18.121061,0.885725
18.016256,0.83470917
16.53649,1.0235701
17.741467,0.76156616
17.682499,0.76742744
18.95668,0.8481636
19.286806,0.9855671
17.431452,0.76919174
17.961739,0.8211651
18.651379,0.8873043
19.289116,0.8800373
18.263264,0.8335476
17.464052,0.75097084
17.02872,0.8626213
17.726042,0.78967094
17.599388,0.83548164
17.717358,0.72670555
18.206343,0.8388767
18.453127,
16.529741,1.0162439
18.540628,0.84360313
18.555477,0.86395836
17.438667,0.78066635
17.77008,0.83704376
17.698336,0.7512245
17.388556,0.79333115
18.035213,0.83379364
18.785912,0.9908695
17.678734,0.7658291
18.814632,0.7787552
18.810507,0.6328659
18.402292,0.9746704
17.444283,0.8362293
18.577713,1.0265579
17.060974,0.8328533
18.605387,0.89559555
18.801296,
17.454811,0.7720833
17.282063,0.75826645
14.243993,1.1731062
17.84491,0.8340683
15.481857,1.0265398
18.02671,0.84596825
17.043135,0.9005985
13.6360855,1.0006285
17.72482,0.772768
16.566063,1.0178518
13.788916,1.0005951
17.699486,0.84900856
17.680887,0.73077965
17.162008,0.85362816
16.357878,1.0278854
17.023508,0.90501976
17.747143,0.82258606
15.926543,1.1511917
18.166285,0.8378105
13.853271,1.0140076
16.366575,1.0003977
16.81172,0.9625664
17.268475,0.77801704
17.753828,0.6567707
18.102095,0.8540554
13.894174,1.0443878
15.906146,1.0712233
19.031404,0.82299805
17.903984,0.90358543
16.180895,1.0389433
16.21697,1.0190582
18.111303,0.7828522
19.658792,
19.851425,
13.660554,1.2327576
14.318261,1.1722546
15.517991,1.040287
17.73474,0.7560158
16.032202,1.0481749
18.347023,0.8184185
19.025366,0.90559006
19.367577,
19.863113,1.1833229
16.45708,1.0557528
17.601591,0.805439
19.272789,1.049469
14.212865,1.1539059
19.055885,0.9999943
17.800215,0.8120365
18.09467,0.7748203
17.793814,0.7642212
17.819077,0.7823925
17.042606,0.81531715
17.701519,0.7598648
18.822477,0.9225769
18.587603,0.92993546
19.485806,1.0742664
16.995882,0.8820934
18.634258,0.85022354
19.06904,
18.399258,0.8451443
18.930103,0.8995037
19.52127,
19.278421,0.8821316
17.653502,0.7876835
17.45735,0.80316925
18.881714,0.8778553
19.41161,
16.6911,1.0071926
19.207458,0.9984989
19.61161,
18.340288,0.7789364
17.099796,0.84646416
18.984476,0.94771576
17.39761,0.8109474
15.743664,1.081192
18.46146,0.79389
12.526428,1.4423561
14.814851,1.1120739
18.455935,0.874115
18.90544,0.95018387
17.615637,0.8109951
18.463911,0.9367542
18.020515,
19.87806,
17.941158,0.74705696
19.216078,0.9121094
18.129778,0.81217957
17.594017,0.7945614
18.06933,
17.974129,1.0039902
17.092001,0.8524437
17.008987,0.941906
17.632687,
11.3621855,1.7853527
17.640924,0.7448864
18.99904,1.1993408
18.635422,0.83792305
17.32198,0.8492222
14.726693,1.1025591
17.756086,0.79273605
13.892076,1.0347376
17.270163,0.76179695
18.18756,0.81266785
19.064577,0.871439
16.77344,1.0035744
19.013584,
19.146088,
17.00113,0.9076214
17.154945,0.7918949
18.558186,
18.073717,0.78959084
17.296448,0.7879143
17.119848,
16.469873,0.9991865
17.873747,0.81012535
19.071564,0.90330315
18.377403,0.8910599
17.409904,0.78266335
14.595011,1.1374741
17.171822,0.80109596
18.463083,0.9712715
18.988546,0.93224716
18.299788,0.8878479
17.823229,0.7950897
19.925991,1.1154995
17.565922,0.8076973
17.218485,0.8058319
19.207258,0.93854904
16.968542,0.9565315
19.535124,1.051609
17.390629,1.0659161
15.065401,1.1109257
19.249754,
17.605114,0.7655773
18.034887,0.871006
19.088655,0.9727154
15.382368,1.0814381
19.507694,0.9662361
18.369705,0.8087387
19.884077,1.2697601
18.789394,
18.968893,
18.189222,0.698246
19.125986,1.1025887
19.206991,0.92585754
18.999193,0.92877007
17.887503,0.77656746
19.473345,
17.262653,0.7720375
18.355751,0.8349476
14.2932005,1.1597614
18.278215,0.8736687
17.87185,
18.491245,0.8660412
18.948938,1.356287
19.465832,0.9962177
18.716286,
18.487686,0.8887005
17.860096,0.79328346
18.535576,0.7597294
18.092306,0.8528042
19.525974,
16.402407,1.0923452
17.744478,0.78523827
18.96243,1.0045776
18.241037,0.8241253
18.313618,0.8671818
18.584705,0.8565731
19.006891,1.0356884
18.75386,0.91327286
17.255953,0.76049423
19.714691,1.1115475
17.163378,0.775301
19.356667,1.0125027
19.087196,1.0230656
19.639845,1.1416054
18.911512,0.91483116
19.18621,
19.433954,
16.20305,1.0298405
17.515516,0.7539902
17.672009,0.78339005
17.65697,0.7744541
18.201345,
13.731507,1.2622614
18.005203,
13.876448,1.2451916
18.8859,0.83026695
18.865757,0.9426193
13.421972,1.2730007
19.498669,1.053957
13.82761,1.2105322
17.536692,0.7542381
15.78482,1.0613384
17.112892,0.81694794
18.486586,0.88079834
17.747206,0.76724243
19.505007,0.93362045
19.35189,1.0451508
17.162497,0.80708313
18.245483,0.7890911
19.58943,
17.80203,0.7748642
13.387761,1.2709284
18.046934,0.7866516
18.202307,0.81340027
19.00036,0.9378433
18.91372,0.9594097
19.59278,
16.8998,0.7921295
17.034868,0.8355694
18.53515,0.8218899
19.940561,1.2689533
18.717632,0.9071274
19.559729,1.1479034
19.708174,1.1122532
19.012754,1.0841522
18.310707,0.83055305
19.919218,1.1237812
18.54722,0.91440964
18.209862,0.7419052
17.163015,0.801857
19.596437,1.11306
19.345694,1.0324287
19.929556,1.2789555
18.76526,0.8241234
17.142433,0.8013687
19.756596,
18.440819,0.86141396
18.830349,0.8907738
17.91542,0.78839874
18.37124,0.79644775
17.32098,0.8073921
19.32918,0.95472336
17.745438,
19.46603,1.157711
15.93649,1.0386238
18.85227,0.88936234
19.587109,1.0937614
17.721304,0.7652569
19.342207,1.0103073
17.185127,0.79401207
18.715073,0.9776306
16.997526,0.87648773
18.57112,0.86223984
18.683784,0.8759117
17.948332,0.7844448
17.882793,0.76690865
18.846779,0.9257946
17.555115,0.762167
18.077055,0.7947922
17.397429,0.7797413
17.172665,0.7862568
17.125565,0.8030052
17.898531,0.7838135
17.942911,0.80298996
17.467323,0.7763519
19.177666,1.1113892
18.89794,0.934206
18.533895,0.8909378
18.390676,0.86211014
18.904392,1.0333576
17.749025,0.76823235
17.13297,0.80088043
18.48241,0.81505966
18.447098,0.8720684
19.435848,1.0454979
19.06191,0.96367264
18.071842,0.8181286
18.378588,0.839983
18.769268,0.9190178
19.438599,1.122057
19.25951,1.0240707
18.591082,0.97948265
19.41469,
18.045607,0.8724632
17.060452,0.8222618
19.303326,0.9664097
17.257801,0.7846546
19.225073,0.8629093
17.279778,0.7701397
19.0787,0.81189346
18.474844,
13.855407,1.0703421
13.855534,1.0241337
18.003859,0.7906742
19.173477,0.9311638
19.260729,1.2232952
17.113688,0.8071728
19.416002,1.1592426
15.809166,1.055933
19.110777,1.0417976
18.794283,0.9195671
17.521072,0.76763725
17.68299,0.785944
18.157898,0.80121994
17.28031,0.8062134
17.6031,0.74427223
16.460657,1.0309496
19.770828,1.207262
17.51327,0.45513725
17.121714,0.79738235
17.020473,0.87259483
18.541496,0.83558273
19.270752,
17.584908,0.7803135
17.781473,0.7802429
18.199888,0.8054428
18.500626,0.804554
18.269493,0.8049946
18.829906,0.9251747
17.722048,0.76475525
18.975658,
19.051912,0.9894066
18.901863,
16.756237,0.9926548
17.58726,0.76475334
18.444786,0.87029076
13.776556,0.91911316
17.010773,0.83696556
17.404566,0.79974747
18.97687,0.82362556
14.738943,1.1201553
19.14967,0.98366547
17.099733,0.83405685
18.078304,0.8346081
17.394178,0.7946377
18.62116,0.8912697
18.850313,1.0027657
17.375893,0.8538494
16.920639,0.9330406
14.135454,1.1655893
17.355139,0.7849369
18.6378,0.8454647
17.53853,0.8206196
18.407295,
18.528908,0.9050598
17.810812,0.7994919
19.394316,
18.454515,0.8544731
17.135693,0.79955864
17.371033,0.781332
16.753986,0.996788
17.858442,
18.256584,1.0153828
18.261934,0.8215656
17.334099,0.7741718
18.377506,0.64546394
17.738028,0.7746086
16.592701,1.0210648
17.76412,0.7589054
17.528913,0.701067
16.564487,0.9981365
18.777529,0.91537285
18.920504,
17.218956,0.8056431
18.585302,0.8443699
18.98946,0.7228222
12.172672,1.4600039
19.983555,1.1220646
19.165487,0.84043884
18.979034,0.8998661
17.10776,0.80155754
16.725325,0.9894829
17.265818,0.7897167
18.463509,0.82302856
17.513744,0.7462673
17.71722,0.8529911
17.472176,0.7557945
18.887024,0.92806053
17.768232,0.7939148
16.342962,1.0393562
17.358532,0.77417755
19.36522,0.8520031
18.889994,0.9724903
18.857323,
19.3675,1.0996304
18.744864,0.84812355
17.851746,0.7998123
17.304266,0.78011703
18.403152,0.85614204
17.8142,
19.08308,1.0230179
17.29656,0.8135948
19.438202,1.2088451
18.209991,0.78240967
16.835999,0.97553825
18.035711,0.8156929
18.2436,
19.711565,0.8535538
18.888811,0.94285583
17.282999,0.7947254
17.668089,0.76750565
19.42098,1.061039
17.163107,0.81027603
17.966589,0.7898464
19.295317,0.78354263
19.741,0.9738445
17.24135,0.78458405
17.75069,0.77941704
18.644335,0.9307766
19.712683,1.2906742
19.191061,1.0876312
16.059378,1.0929155
19.077808,0.8650551
16.495186,
17.065546,0.86671066
17.220705,0.9383526
15.8234005,1.0391703
17.04304,0.8254967
14.271804,1.1645832
15.459756,1.0740137
16.702793,0.9406147
15.271741,1.0722036
18.489246,0.8914509
17.245203,0.8078594
17.853134,0.75465584
18.253847,0.8588619
14.287558,1.1498594
17.693176,
17.566566,0.78975105
17.88156,0.91796494
17.091484,
18.79678,
16.982212,0.86117554
19.137077,
16.862106,0.9725895
16.789137,0.97003555
16.066523,1.0390368
19.53808,1.0626869
19.551025,1.1018047
16.760956,0.998394
19.662374,1.1009712
19.319489,1.026226
18.548126,0.8379383
19.070486,0.87205315
19.452477,1.0521679
17.022533,0.8523426
17.634438,0.7988739
17.339619,0.76249504
16.821047,1.0217342
17.079958,0.81419563
18.273699,0.847044
17.499866,0.80329704
16.907019,1.0345631
19.343699,0.96873856
17.06723,0.82543945
18.028202,0.79756165
19.407902,1.1571274
13.676898,1.0286808
17.155687,0.79200935
16.710613,1.0018024
17.091703,0.8617668
17.931723,0.78961754
19.011864,0.9268074
16.993958,0.93954086
18.170673,0.8382244
17.397308,0.79270744
18.36141,0.9010086
19.43192,1.085146
15.841362,1.0492544
18.80593,0.76037407
19.00626,
19.095531,0.9710274
17.604132,0.79092216
17.653294,1.2266331
17.827765,0.8106632
16.999693,0.8744316
17.343893,0.773859
17.735754,0.7809887
17.822332,0.78368187
17.869232,0.75673676
19.18769,
17.31908,0.8683109
17.387493,0.7798786
18.731533,
17.788832,0.779274
17.595509,0.7796974
18.04664,0.7926998
12.893784,1.3037081
19.784067,
13.812855,0.9952421
19.004543,
17.688286,0.7476673
17.02594,0.87853813
17.890623,0.81118774
18.371902,0.82252693
18.913578,0.94662094
18.462038,0.930418
19.53251,1.0481663
18.255156,0.81552505
16.354074,1.041894
18.824062,0.8729801
18.69012,0.9017315
18.945843,0.9447441
17.781988,0.7907276
18.71794,0.90654945
17.492119,0.7779579
14.999632,-0.11521053
18.697474,0.8686447
17.307737,0.7796192
17.6881,0.7576752
19.276289,0.9459038
19.297472,0.97551346
18.706617,0.91755295
19.257097,0.96744156
19.196686,0.96608734
17.659782,0.78061867
19.027079,0.91913605
18.650557,0.84859276
18.15868,0.8587227
19.612043,
17.818539,0.7759552
15.9450445,1.0399122
17.917084,0.7865162
18.88797,0.8654728
17.065937,0.85248566
17.106152,0.82061005
19.670193,1.2209663
18.52033,0.9371357
18.334522,0.84205437
16.719122,0.9927826
19.055565,0.95005035
17.892391,0.7585945
13.77243,1.0707245
18.402723,0.8918171
16.944511,0.9882717
18.155937,0.8272972
17.166616,0.8224354
19.764223,1.1484947
17.674482,0.77734375
18.801092,0.92868996
19.488398,1.0417595
18.741592,0.8491688
17.664236,0.77672195
19.346813,1.0330887
18.170233,0.789896
17.522976,0.76799583
19.645325,1.1183815
19.843653,1.297018
18.629187,0.922987
17.257421,0.80823135
19.804312,1.1649876
15.808962,1.0720472
19.158575,1.0030842
14.319292,1.1861315
17.947372,0.71120834
15.164165,1.0846682
18.944986,0.9510975
16.791552,1.0051746
17.692686,0.7631092
17.34643,0.7648964
18.741346,0.8753872
19.983658,1.26511
19.653042,0.9320965
17.921177,0.82343674
17.5763,0.7615299
18.196693,0.8173237
17.536135,0.78056526
13.873134,1.05268
19.111235,0.92973137
19.549763,1.0849018
15.648415,1.0671597
18.27973,0.8339443
17.547495,0.7660103
19.669008,1.1409798
18.35332,0.8180733
17.034573,0.89821434
19.361277,
17.516542,0.8300762
18.79797,0.8839226
18.722475,0.961813
18.425287,0.9027996
18.258402,0.8919201
17.109524,0.8267422
19.287476,0.94857407
17.372341,0.8127136
18.551834,0.90530014
19.598436,1.0634518
18.107817,0.8178158
18.455378,
19.219315,1.0706882
19.974981,1.2181225
18.235126,0.80415344
18.622484,0.85575485
13.900309,1.0507898
18.79437,1.0502071
18.072046,0.8001003
18.941849,
19.869968,1.0627232
19.4235,1.0166626
17.000278,0.92421913
17.303926,0.76379013
18.369787,0.8688431
17.653357,0.6089916
16.834517,1.0146389
18.069202,0.7886982
17.574862,0.7819691
18.439121,0.83548164
17.015718,0.8927479
19.758738,1.2625103
17.382772,0.7782173
18.307375,0.8545475
19.423435,1.0648689
17.868755,0.8162365
19.05068,0.92331696
19.250916,0.95443726
19.3926,0.9311905
19.318419,1.0835342
19.015245,0.935236
18.812717,0.92565346
17.303232,0.7628689
18.254168,0.71274376
19.68268,1.2598915
17.728012,0.7878704
18.16047,0.81497383
17.996628,0.7940731
16.99251,0.9012947
17.985582,0.78884697
17.99247,0.8086567
17.951595,0.7816925
19.224657,
17.983074,0.8084736
18.242735,0.825016
19.398333,1.0669365
18.581074,0.87649536
16.05972,1.0310211
17.90368,0.7502537
19.584053,1.0940495
18.572704,0.86205864
17.984629,0.7752838
18.228167,0.8666878
17.113316,0.82505226
14.321347,1.1621494
17.69842,0.79431915
17.489588,0.77669144
18.660969,0.868454
18.843952,0.92572784
18.78456,0.86174965
16.70061,1.0195904
19.423645,1.0370331
19.530947,1.0918655
17.729822,0.77326965
18.965797,0.9521847
19.438574,0.95425606
18.082712,0.7950592
17.187593,0.79214096
19.700829,1.0709648
17.64496,0.74674225
19.067543,1.0045719
18.562239,0.8560715
17.615671,0.7766609
19.01707,0.99292755
16.915813,0.95381355
15.028874,1.1085052
19.058758,0.9576721
18.11142,0.8173752
18.344952,0.87457657
18.634022,0.89352226
19.150791,0.9957161
17.136301,0.82442665
19.83927,0.95606613
19.03241,0.9569988
19.31235,1.1074848
18.902704,0.89941406
12.934995,1.3411884
18.57939,0.92604065
15.5873375,1.0795403
17.565407,0.8158035
16.380274,1.0408278
18.319036,0.83633804
17.781134,0.7827015
16.051413,1.043767
18.7607,0.9702511
18.161816,0.8439579
17.760021,0.90361595
19.45808,
17.873812,0.82935715
16.930437,0.96707344
19.491516,0.99370766
17.823593,0.81341934
13.035628,1.1457186
19.262201,
18.81041,0.9424839
18.694616,0.9115124
19.237034,1.0006752
18.953838,0.9459286
17.005892,0.8533554
17.705378,0.7651386
18.613913,0.86592865
18.035927,0.7665558
18.36972,0.8548088
18.277254,0.8546505
19.641027,1.0562439
19.52111,1.0631104
16.524784,1.0407677
16.120243,1.0440092
18.539995,0.8411236
19.599684,1.1607037
19.47494,1.095438
18.108257,0.7922802
15.753828,1.0480137
18.416363,0.83520126
17.180046,0.79559135
17.945442,0.806839
19.817156,1.2260189
17.235926,0.7875557
17.67413,0.77082825
17.78581,0.82338524
14.840334,1.121582
19.572838,1.1404667
14.759378,1.1461859
16.116587,1.0392408
19.360483,0.8669815
17.142609,0.7902622
18.420742,0.8290043
19.716585,1.0841942
17.37659,0.774498
18.320759,0.79037666
17.907711,0.79829407
19.712109,1.2413559
18.94921,0.91934204
18.117613,0.87018013
18.109509,0.7746124
14.234611,1.1611185
18.067175,0.7691746
17.756691,0.7698536
18.752914,1.1057854
18.55919,0.90265656
19.829914,1.2194424
16.397547,1.0439987
17.851076,0.8416252
18.485514,0.88464546
19.44716,1.0999374
18.157658,0.8137703
18.914549,0.858408
18.992538,0.9827385
17.29584,0.7822628
18.72747,0.90499306
19.64906,1.0742741
18.616173,0.8649559
19.262653,0.9291153
18.322422,0.8030815
17.975933,0.8032055
17.89856,0.75294113
17.867853,0.78450775
17.44124,
17.844917,0.79419327
17.582254,0.7445469
18.299387,0.8666115
18.2433,0.6765156
17.453913,0.7431679
16.42086,1.0364923
19.042921,
18.475046,
16.80403,1.0181751
13.899256,1.0850897
17.206146,0.80132484
13.87899,1.034338
17.548004,0.75574684
17.658384,0.7958698
17.009178,0.90278816
18.499134,
18.769352,0.9312763
18.812967,0.9252548
18.179438,0.8565521
13.292829,1.2521935
13.818725,1.005949
13.857832,1.0160322
16.968851,0.90324974
13.874088,1.0189352
17.92094,
13.853053,0.9691267
17.249992,0.7635555
15.655254,1.0461655
13.8747835,1.0008669
16.122171,0.9734144
17.247099,0.72914505
18.417242,0.7090359
18.395542,0.91599846
17.849508,0.7490959
18.162865,0.7815838
14.279369,1.1418123
16.922644,0.9698925
17.640453,0.7104416
18.67403,0.90259933
17.006256,0.87070274
18.391745,0.7996712
17.262302,0.77085876
19.245142,
17.261534,0.75548935
17.981344,0.80843544
17.953161,
18.640665,0.94895744
14.658917,1.1176138
13.868964,1.0325174
17.037977,0.86320305
18.051437,0.78539467
16.647549,1.0265856
16.833965,0.99028397
13.336868,1.2747068
17.206486,0.7978325
17.756708,0.7647877
16.99293,0.9008541
19.055883,1.0491714
17.044899,0.8528938
17.386234,0.75502014
14.731722,1.1081915
16.979836,0.915184
17.83334,0.78354645
17.255909,0.79580116
18.107513,0.7913418
18.074348,0.7971592
18.316341,0.76301384
17.607412,0.7639828
17.173195,0.7895088
18.991098,
17.600687,0.8417778
18.619673,0.82845116
18.536934,
19.011845,1.0871353
18.148926,0.76717377
17.563387,0.77767944
17.406315,0.7467098
18.759209,0.8615799
18.86958,1.1836605
19.953688,
18.43307,0.72525215
18.621675,
14.730832,1.1034794
17.85679,0.7802944
19.507507,0.87935066
17.928047,0.7558975
18.320648,0.7877369
19.117456,1.1440086
18.353167,
17.314611,0.8028698
16.862062,0.97769165
18.374119,0.9637966
14.409597,1.1547356
18.678795,0.8974991
18.315693,0.86208344
18.88484,0.947546
19.547962,1.088541
18.140947,
16.005882,1.042903
14.041465,1.180543
13.850405,0.9832592
14.972197,1.090477
13.841678,1.0283976
17.134045,0.8076515
17.674349,0.7442169
17.715351,0.83130455
18.797184,0.96009445
17.837645,0.78035927
17.867838,0.7498989
18.704697,0.90696526
13.6863365,1.0901289
17.079931,0.90245247
19.293274,0.5384865
17.030455,0.85198593
18.515226,0.78261566
18.832243,1.0173397
19.900461,
15.433669,1.0790558
17.834974,0.7623844
17.584482,0.83963203
18.253319,0.97013664
17.008036,0.9223423
18.700266,0.94203186
19.025736,0.9201641
19.350077,0.93645096
17.678463,0.71361923
18.897709,0.8503628
17.77809,0.9510155
16.743351,0.9689312
17.289967,0.78255844
16.510605,1.0080385
18.521976,0.82769585
13.403391,1.2780781
17.183935,0.777195
19.63766,1.063837
17.124275,0.71634865
17.021273,0.9141388
18.796293,0.83490944
17.863274,0.77884674
18.630087,0.86621857
18.934515,0.9281044
18.967411,0.8316364
10.608248,1.906765
19.51011,1.1186008
18.675009,0.86447144
19.90211,
19.490025,
18.10935,0.7525711
19.884602,1.2448387
19.194561,1.0271683
13.103136,1.3696508
18.853296,0.9017544
18.143253,0.7140827
18.363815,0.8711567
18.380905,0.84947395
17.841496,
16.969856,0.7768669
19.456345,0.88866997
18.375933,0.87194824
17.582932,0.76057434
19.323893,1.1243305
18.986736,
19.37589,0.9776802
16.820724,0.9848118
18.492487,0.9437885
17.09403,0.8255501
17.783985,0.79850197
18.74215,0.86538696
16.869585,0.8253174
18.997997,1.0842762
18.716125,0.8897686
18.918377,
18.182947,0.8610668
19.329298,1.0611515
15.855788,1.151309
15.516961,1.0793467
18.566711,
18.468666,
17.128428,0.78959084
15.33416,1.066576
14.996344,1.1030264
16.101,1.052041
17.780437,
18.042439,0.8171387
17.128292,0.8126583
19.259438,1.009264
18.745392,
17.083265,0.8213787
19.325161,
16.533316,1.004921
17.35813,
16.244408,1.1300697
17.859755,0.8357887
18.548864,0.8134022
19.91823,1.1908665
19.875277,
16.62425,0.973814
17.302143,
19.016558,1.0326748
18.036102,0.80737305
17.46999,0.7781544
17.99369,0.80314255
19.13775,
17.520372,0.76402473
18.365978,0.93325233
19.499609,
17.579645,0.80400467
18.089949,
17.011915,0.92406654
19.853973,
17.013363,0.8877182
17.46044,0.76948357
18.236593,0.8067665
17.496677,0.808897
17.357182,0.7825527
18.707003,0.9123783
18.597752,0.911829
18.399517,0.8386879
18.617323,0.9471531
19.80431,
19.107815,0.9188576
18.107332,0.7848911
18.165937,0.8083668
17.602135,0.7941761
16.999865,0.9563408
17.560274,0.81210136
19.142788,1.021204
17.360353,0.7839813
17.065847,0.82206535
17.840103,1.167593
18.712812,0.8231392
18.758482,0.89997864
18.027407,0.82242393
18.974566,0.9252815
19.483007,
18.237867,0.81728745
18.939552,0.96604156
18.661463,0.8792877
17.046055,0.87716484
18.490507,0.86714363
17.586718,0.782114
17.989647,0.770092
17.58991,0.7775383
17.019558,0.8650036
17.806108,0.7797737
16.676233,1.023201
18.383425,0.9028492
18.540709,
17.527422,0.7557087
18.559683,0.88147354
18.583057,0.8589306
17.555162,0.79904747
18.316158,0.8930664
19.832102,1.2909431
19.372818,0.9498043
17.907442,0.79141235
19.151634,
19.003716,0.97128487
15.251561,1.0952272
17.888494,0.78915024
19.506493,1.0678978
17.585432,0.7655983
17.162289,0.802433
19.51678,1.026617
18.455206,0.7928715
18.736061,0.8983059
17.488981,0.7974682
17.99113,0.81279945
17.007597,0.92918015
18.606907,0.8422241
18.287182,0.8258457
17.255556,0.7843933
17.986113,0.78692436
19.836237,1.0677109
17.367952,
13.893924,1.0331097
17.047523,0.8723202
19.033045,0.9496212
19.896181,1.1491966
18.150387,0.85134125
13.895378,1.0584669
18.003777,0.8109226
19.846676,1.210598
19.317272,0.97114944
18.929949,0.69316864
18.552477,0.85617256
18.109299,0.8425636
17.3099,0.80924606
18.62824,0.8900299
19.674294,1.1737537
16.110287,1.0659008
18.614117,0.8709755
17.235,0.77392197
19.922922,1.162384
14.229183,1.1577473
18.393711,0.8559284
17.034716,0.87134933
17.358273,0.78334236
18.676073,0.8462429
13.249379,1.2987471
19.261393,0.9072552
15.959726,1.0661154
17.964218,0.7702217
18.047804,0.8446655
18.739239,0.9109478
17.724665,0.7465973
18.24345,0.8035984
17.933409,
18.294386,0.86857414
17.218536,0.7962189
15.428011,1.0688276
17.819662,0.8063221
17.837059,0.83194923
17.680292,0.7638607
19.437351,1.2196236
17.296118,0.7866287
18.276758,0.8038597
18.238783,0.79907227
17.026812,0.8612957
18.717194,0.8671799
17.134712,0.8212967
19.949476,1.1868992
17.34304,0.76756096
14.302242,1.1577587
16.858217,0.97343445
19.064821,0.92606163
11.000842,2.0795135
19.41643,1.0666866
19.745314,0.98093796
19.426622,1.0854015
19.646711,1.0045338
18.7896,0.9208412
16.864048,0.96505356
16.846363,0.9853592
19.875923,1.2642574
16.725471,1.0161762
17.717495,0.7578411
17.515892,0.7635937
18.298536,0.8845005
19.875032,1.1921806
17.392422,0.7677517
17.890402,0.81552887
18.668242,0.88733673
17.30601,0.78022385
18.044193,0.8210449
18.331795,0.7890415
17.202988,0.81962776
18.249434,0.8417473
19.020948,1.0228367
18.544146,0.8879585
18.006784,0.81643486
17.491674,0.75476646
16.60968,1.0413237
18.056248,0.7969284
16.570465,1.017807
18.576296,0.9140606
17.299337,0.791378
18.397524,0.84550095
18.345387,0.8405647
17.572718,0.7841892
17.643105,0.78243065
19.421768,1.0198517
17.578497,0.7425499
18.098604,
17.899403,0.7746906
17.159527,0.8054676
18.227808,0.75587845
19.594223,1.2198544
17.294252,0.80314827
17.95402,0.77848244
18.056229,0.7668457
18.73712,0.86735916
18.249872,0.81471825
18.099218,0.68691635
18.037582,0.9287262
18.70963,
18.455496,1.075943
17.194952,0.78827286
15.594956,1.0059042
17.319597,0.7907028
16.419563,0.9964199
17.87988,0.7565212
17.79847,0.9507942
16.823982,0.9479885
18.429426,0.8523655
19.1563,0.95012856
17.874407,0.7869549
16.686111,0.9849262
19.533571,1.0321159
17.269726,0.79930496
18.260653,0.7903137
18.583807,0.5925102
18.986458,0.9461193
19.993525,0.8090153
17.058859,0.8686733
18.331253,
16.458078,1.0186377
16.362118,1.0265388
17.064362,0.8280983
17.508257,
17.30499,0.7962265
18.795866,0.8329067
17.96838,0.85614395
15.0542555,1.0852804
12.347081,1.4229784
17.821934,
17.997458,0.7939167
18.839296,0.8393421
19.089905,0.97273445
18.397984,0.9016323
19.03932,0.9217987
16.080387,0.93305683
13.828463,1.4356127
17.05765,0.8403826
13.691179,1.0591049
17.631222,0.7754593
18.03489,1.0104256
16.812563,0.98283577
18.581192,
14.365848,1.1679506
19.384388,1.020401
17.197435,0.85396385
16.134066,1.0056944
17.015772,0.8416023
17.394487,0.9172859
18.267195,0.9012928
18.920305,0.6278324
16.178759,1.0567389
17.84058,0.8124409
18.272089,0.82932854
18.187124,0.7701473
17.380737,0.7777405
14.023741,1.1634388
16.859941,0.74759483
17.638319,
19.681793,
17.359417,0.767828
19.589575,
14.663025,1.1278448
17.139729,0.82782745
18.849619,0.76584244
19.68356,1.4417648
19.59731,
17.472208,0.8057995
18.390123,
17.589926,
16.52132,1.0140619
18.675922,0.90641975
18.423836,0.789587
18.62054,0.8948288
19.604713,
18.839727,
16.912273,0.99448395
19.086803,
13.643099,1.2355337
17.501852,0.76693344
18.91967,
12.727659,1.2313652
16.377588,1.0285854
19.132431,0.9358597
19.84651,1.0284424
17.181454,0.8100853
13.867056,1.0526981
18.513462,0.86777496
16.255215,1.0081167
17.274693,0.7591667
13.845327,0.9993162
19.273888,0.7799511
17.029337,0.85271645
18.005323,0.38419342
17.39812,0.76701546
16.501888,1.019825
19.794813,
19.019846,1.0127296
18.926386,0.94636726
12.811316,1.3030262
17.032436,0.8920555
13.682769,1.0782633
17.622414,0.77431107
18.966864,0.8795452
19.167887,1.020462
18.82133,
18.496809,0.89198494
16.06026,1.0237694
18.208847,0.89733505
18.426725,
18.85514,
18.144096,
18.92018,0.84106064
19.27935,1.116396
18.341377,1.0080242
13.631993,1.0723085
14.525351,1.1651688
17.65946,0.5964985
18.689026,
18.717627,
16.218395,1.0449963
17.05562,0.8745651
18.482244,0.97296524
19.742476,1.1666355
17.566305,0.77168083
17.095978,0.8637028
17.665968,0.80148315
18.440666,0.7245178
15.495936,1.0701761
19.294739,
18.908333,1.0718632
17.839996,
17.563257,0.78826714
17.485077,0.809927
16.946865,0.9440441
19.006823,1.0084572
19.43687,1.0193748
18.534048,0.8016548
19.928402,1.1060753
16.61837,0.9916172
19.582829,1.212143
18.547062,
17.629164,0.78614426
17.966305,0.79587555
18.674612,0.967556
17.82764,0.816288
17.813051,0.7880459
18.20838,
19.895594,0.9537201
18.275204,0.9108944
16.848993,0.9845047
17.182943,0.7837963
17.281034,0.7739582
16.928782,0.96648026
18.323345,
17.348988,0.7567692
17.362024,0.77630043
13.769855,1.0664577
17.560667,0.78855515
17.845451,0.7971382
17.788773,0.79818535
18.060045,
18.395798,
18.99412,0.85967445
13.912152,1.0568743
16.340664,0.65626335
17.32583,0.7972641
17.194544,0.78879166
18.707771,0.86465645
14.9376,1.1406097
18.305206,0.8026447
18.963306,0.9873333
17.015497,0.6227169
15.698163,1.0490036
17.046553,0.8142071
19.749825,1.5634861
17.793362,0.8603935
18.748922,
17.231874,0.7603798
17.086721,0.79379463
17.527227,
19.603165,1.2017365
18.217476,
17.086063,0.7918453
19.662577,0.9695263
18.710764,
16.98949,0.9185467
19.13871,0.8879795
19.24593,
15.630998,1.0565224
16.240181,1.051795
18.461792,0.7814255
17.393097,0.77926064
18.840746,0.9722996
18.608149,
18.287912,
17.889627,0.74632454
18.091154,0.7930012
16.158627,1.0232573
19.338793,1.0078297
18.190414,0.823225
19.833918,1.0004597
18.600616,0.8960533
17.868778,0.8125801
18.825562,0.9121666
18.978945,0.9318104
18.010553,0.7785454
19.383118,1.0391006
17.005499,0.8942871
18.530878,0.8824978
17.94251,0.78421783
18.10499,0.86310196
19.338501,1.1086922
19.456505,
17.841904,0.74495316
18.179972,0.81290627
18.398876,0.82652473
16.776976,1.0345898
19.240776,
18.3306,0.84968185
18.786219,0.9335308
17.508984,0.77550507
16.997246,0.90389824
19.065577,1.0081825
19.112331,1.002079
16.760006,1.0163288
19.17188,1.0372143
19.202991,0.885067
17.32505,0.78886795
18.221096,0.7822132
18.187618,0.80395126
17.600916,0.78316116
19.781843,1.0668125
19.253214,1.0501785
17.318268,0.7859192
19.140911,1.0575047
19.37305,1.103199
18.861155,0.9280262
16.943336,0.9487629
19.495266,1.0532169
17.651796,0.8320217
18.050604,0.8004074
15.502634,1.0698128
18.698286,0.8787594
19.265385,1.0427475
18.676771,0.77672386
18.666578,
19.044096,0.9083538
18.854021,
17.686552,0.76564026
19.976978,1.1232452
18.290253,0.81298447
17.917604,0.7811432
18.791704,0.91882896
17.33061,0.7783489
18.192242,0.8923187
17.498728,0.7601719
19.23872,1.1047573
18.919977,0.91913795
17.402185,0.77171516
18.00802,0.7575512
18.459742,0.8201904
16.991167,0.8978958
18.395756,0.87960434
17.727154,0.7918949
18.807146,1.1231804
18.451502,0.830101
19.19325,0.87223625
17.364042,0.7735176
18.161953,0.8496609
17.25168,0.79640007
18.926546,0.9275818
19.398954,1.0334263
18.446823,0.8358097
19.85333,1.1479912
19.880733,1.2704678
16.183558,1.0550947
18.571503,0.8925247
19.22638,1.0838909
16.030329,1.0543423
19.124025,0.9621296
19.83232,1.0340118
17.026115,0.89492035
18.702606,0.86803055
17.890291,0.7890034
19.65163,1.1537342
17.200901,0.7891731
17.619274,0.7502327
19.57726,1.0302029
18.966099,0.93284225
19.36089,0.9393749
19.782068,
19.039223,
16.958515,0.87789536
17.927553,0.80791473
18.55221,0.89193535
19.846691,1.1564484
17.60813,0.7688751
19.329412,1.0455761
19.782883,
18.261988,0.8368168
18.494759,0.8270416
14.309298,1.1658316
18.62373,0.8737259
16.749138,1.0055885
18.89978,0.8542137
16.582666,0.6264477
16.618633,1.0243568
13.856867,1.0074749
17.890411,0.78429985
19.455389,0.9482441
17.356808,0.76646996
19.545128,1.117506
17.116562,0.8020935
17.302467,0.7715912
18.959843,0.9761448
18.646229,0.9088383
18.364042,0.88212395
19.396358,1.0229721
18.358765,0.8012047
18.829144,0.91243935
18.51607,0.8871956
17.916388,0.7949257
17.762016,0.7963085
19.08844,0.8146858
19.43974,1.0864887
17.41618,0.7766571
18.385866,0.8445873
17.709196,0.77127266
17.357908,0.7786522
18.171816,0.81490517
17.337242,0.79403114
18.317703,0.8294525
17.937527,0.7976608
18.100958,0.7986717
17.125332,0.8692837
17.887596,0.78380775
17.940426,0.8188896
17.194784,0.78656006
19.33052,1.1229382
17.647085,0.796257
18.088621,0.79868126
19.189928,
15.051944,1.0946426
18.652393,0.8522358
17.667683,0.8126011
18.093163,0.82859993
18.949886,0.9016571
18.490665,0.79650116
17.39773,0.7515278
17.869175,
18.148373,0.82572174
19.465242,0.9681492
17.237093,0.7941055
16.944292,0.9558773
17.302036,0.76675415
17.771284,0.77578926
13.802587,1.0441942
18.557482,0.86535835
17.276546,0.80561256
16.94203,0.95898056
17.224188,0.7547741
17.418907,0.76548195
18.782812,0.88162994
18.912266,0.92124367
18.152693,0.7671776
19.216295,
19.846338,1.3797932
17.580528,0.7643528
18.235275,0.8481388
17.631517,0.78027916
17.816217,0.77087784
19.21624,1.0519543
17.97868,0.8084202
16.984732,0.93346786
17.180336,0.7855854
15.198923,1.0948486
17.509998,0.8000412
17.16815,0.7665596
18.210701,0.7016792
18.169958,
17.869957,0.48363495
17.03632,0.8109455
17.980915,0.7007561
12.339368,1.3625917
17.32096,0.78902054
17.528233,0.7937317
18.399399,0.87072945
18.54556,0.8457184
19.470142,
16.681826,0.96938133
17.719679,
19.806376,
18.235157,0.6848507
17.028267,0.8469448
18.963629,0.7606201
17.347689,0.8244362
17.723242,0.7522526
15.793638,1.0645838
19.074717,
18.035154,0.79117966
19.040607,1.2465229
18.570404,0.9412937
17.04526,0.8333149
14.032469,1.170104
17.720253,0.76366615
12.6704645,1.2736244
18.669146,
17.497461,0.76981544
19.389164,
17.027594,0.8593159
13.459368,1.2624464
17.912645,0.90263367
17.52042,0.7821388
11.995968,1.5808172
12.958207,1.3430405
17.430458,
18.633974,1.0360718
17.538006,0.85585403
17.26702,0.78676796
17.804377,0.74274635
18.925604,0.9971428
19.079966,
18.030085,
17.86017,0.8303604
19.398487,1.2112331
19.198992,1.0848961
17.94339,0.8659134
17.042953,0.7991295
17.973948,0.8119526
17.850319,0.8087921
18.133795,0.8669548
18.115473,0.85824776
16.918505,0.9701061
18.45625,
19.47669,
13.90182,1.0563374
17.156816,0.8202858
18.740623,1.015562
18.722061,0.8297653
17.10927,0.7889862
19.64852,1.0014229
17.644472,0.7991047
16.653927,1.0080986
13.843319,1.0490141
18.821926,0.9347515
19.925198,1.0273895
18.523748,0.83999825
16.959642,0.97015953
17.797985,0.77001
17.974579,0.79366684
19.31786,1.3027496
17.90203,
18.157354,0.71577644
17.123394,
17.61028,0.91002464
16.578789,1.038435
15.380079,1.0277739
17.258652,0.8790989
18.294395,
17.803902,0.7948742
17.380667,
15.474559,1.0488071
11.033623,2.1474333
11.588517,4.49669
13.708382,1.078783
14.004744,1.1561861
15.539659,1.0529337
13.834129,1.0395985
15.81709,1.0483408
12.396142,1.3938637
17.530851,0.83109665
19.350456,1.3045158
14.1949835,1.1766176
18.207483,0.77713776
14.244176,1.154068
17.69456,0.7886658
18.438711,0.85351753
18.466198,0.9167824
18.974834,0.88184357
14.440905,1.165967
17.311825,0.78458595
18.373625,0.82029533
18.240143,0.7819729
18.491491,0.8930588
18.809496,0.9941921
19.495419,1.122242
18.146973,0.7837887
18.794144,0.7575588
15.523308,1.045928
14.767421,1.1036577
18.347832,
17.576595,0.793314
17.225693,0.85424805
17.25119,
18.153526,0.83955
17.752707,0.8051758
13.896112,1.053052
17.659649,0.7828808
18.15822,
18.464863,0.75847435
16.974682,0.9238758
19.376032,0.94137764
17.145283,0.80109596
18.215319,0.8800888
17.70341,0.76618195
18.018412,0.7719383
19.286676,0.93021584
18.503862,0.84649277
18.95241,0.9704857
17.829744,0.77971077
19.676645,
19.661123,
18.238642,0.79732895
18.326292,0.85326767
19.579102,1.1148014
18.410954,0.88188744
19.144531,0.9319134
18.11765,0.82227707
15.75426,1.0575724
15.069743,1.1092634
17.52938,0.76568985
18.587107,0.87750053
18.269722,0.83138657
17.47868,0.77910995
16.862743,0.9780655
18.030043,0.8255825
16.671747,1.0223103
17.32352,0.777153
19.902092,1.2074375
18.564438,0.86458206
18.48142,0.9227314
18.470778,0.8330288
18.512077,0.91358185
18.638494,0.8605423
17.7638,0.8166027
18.73264,0.9358196
18.784466,0.87661743
17.637268,0.7686157
17.89905,0.7705822
17.013275,0.96201897
15.313052,1.0651484
19.643925,
18.060675,0.777174
17.326038,0.77441597
19.91854,1.1692677
16.93804,0.9765415
17.46058,0.7849808
18.338835,0.8472023
18.778746,0.93512726
19.42488,
18.269503,0.8405647
19.5208,1.0492821
17.963285,0.77599716
18.97102,
18.648287,0.8719387
17.599445,0.77713776
13.838347,1.2106647
19.355333,1.0851212
18.682922,0.9049034
17.741488,0.80210876
18.015701,0.779541
17.95108,0.8355179
16.370937,1.017951
17.691828,0.81385803
18.829731,0.86670876
19.362242,
17.527046,0.76359177
18.09754,0.79623795
18.826176,0.87011147
15.709485,1.0551529
13.660018,1.0929136
14.383743,1.1597805
19.784264,1.491579
17.439926,0.7850437
17.478462,0.7788944
17.03249,0.8786411
19.694178,1.1025238
17.39769,0.78446007
17.340107,0.7663212
19.447638,1.0216408
13.892662,1.0454168
17.185652,0.795269
18.669813,0.8713341
18.058334,0.8002682
18.396347,0.8378067
18.569897,0.8083782
19.790125,0.9732628
19.36239,1.1497269
18.746822,0.8357105
17.502892,0.7984581
17.253042,0.79161453
19.799356,
18.754143,0.85069275
18.054398,0.8108177
18.133837,0.7888813
18.595877,0.8862457
17.579573,0.74655914
17.354145,0.7708721
17.427612,0.7673702
18.9507,0.8533249
19.515617,
19.599493,1.0425701
16.273125,1.0430222
16.865473,1.0002766
19.015474,0.92085075
17.894754,0.8777466
19.44803,1.0399303
19.173296,1.0604706
18.737011,0.8982525
17.61334,0.7897148
17.136637,0.7953701
18.828548,0.9839134
17.048712,0.85388565
19.00195,0.9538326
18.434774,0.8659096
17.340317,0.788641
17.668825,0.7819958
18.425386,0.8426838
19.427893,1.098177
13.875881,1.0425615
18.926374,0.9869461
15.931958,1.0515976
18.480295,0.7746506
19.102558,
17.842134,0.77767944
17.46853,0.94598293
18.230833,0.9564476
17.921654,0.7507992
16.45182,1.0349188
18.167234,0.8030453
17.185528,0.77989197
17.825981,0.8322487
19.80514,0.7778454
17.569216,0.7875519
17.17549,0.8127575
17.423216,0.8215351
16.589048,0.98297596
13.864563,1.0645494
17.439692,0.6400776
18.150131,0.8173046
19.325726,
17.946136,0.8591976
18.443064,0.8494587
17.092962,0.8382702
18.386612,
13.684738,1.0383148
18.88274,
17.002325,0.8999901
18.567533,
17.778214,0.74129105
17.851643,0.7600117
17.848372,0.7489109
18.141,0.88204193
13.831379,0.9603052
12.074729,1.4159107
12.689703,1.22223
10.847692,2.4831705
15.31088,1.0381012
17.76594,0.8148136
19.633875,
14.330165,1.1368246
17.16048,1.0101795
13.893301,1.0237379
17.231586,0.8445587
14.269279,1.140398
16.910086,1.0883293
10.900967,2.2710218
12.661586,1.2471571
17.045307,0.84637165
12.54329,1.4541159
15.041459,0.9975786
12.927489,1.2310896
18.162222,0.8280659
13.810537,1.0765486
18.929405,0.9789772
19.733864,1.1363792
16.850994,1.0123978
17.794327,0.8195019
17.845821,0.8066273
17.329256,0.7824478
19.244844,1.0262718
16.863848,0.9732723
17.313274,0.7318306
18.514353,0.8726826
17.848108,0.7809925
17.036026,0.86156654
17.313744,0.7241554
18.578917,
18.62477,0.84918785
17.836498,0.8669071
19.658806,
17.482054,0.7377796
14.780985,1.104002
13.861838,1.0569067
18.1574,0.7795925
13.992089,1.1797743
19.441126,1.2580318
16.543142,1.0210199
18.517387,0.80940056
18.644432,0.8643551
17.353714,0.7643852
19.940958,
17.833263,0.69636154
12.203065,1.4037113
17.186472,0.7745819
18.832905,
18.383207,
18.355465,0.9014492
13.552818,1.1104069
12.245404,1.479579
17.401787,0.8020859
17.057156,0.854105
17.293161,0.78328514
18.905573,0.6750488
17.138206,0.80944824
13.704369,1.0249224
17.44876,0.8496933
16.745556,0.9685955
15.31377,1.0433989
11.194855,1.8608875
17.190323,0.8139801
16.630268,0.87674236
14.294627,1.1241693
17.564621,0.8008003
18.007656,
18.596132,1.2396526
17.674162,
17.537209,0.74521255
17.57072,0.7407856
16.137983,
18.570587,0.7816124
17.990517,0.8222847
13.999108,1.1624498
14.306276,1.1393156
13.545308,1.2229815
17.076271,0.84381294
15.764821,0.99467087
17.682056,
17.990915,0.7394066
12.38702,1.391304
13.446338,1.2138329
13.43937,1.1736546
11.905508,1.4932089
13.368389,1.0575972
13.2231245,1.1426058
15.060886,1.1001472
16.604877,0.96946335
13.858936,1.0442104
17.181425,0.81913376
12.210006,1.4447317
16.494274,0.97936153
18.456247,0.8381367
16.449472,1.2199297
18.909937,
17.898687,
16.36846,1.0195093
17.643028,0.67513084
13.37963,1.267868
15.874305,0.9916792
18.027004,
17.883823,0.7446022
18.262941,0.970665
18.275898,0.47519112
18.498117,1.1240406
17.176815,0.8225975
17.875092,0.8758869
17.27844,0.8012886
15.422137,1.0305624
16.802864,0.97197723
18.519234,
17.359663,0.69426537
15.486854,1.0503292
17.607162,0.8186264
18.937489,
17.55804,0.7720337
18.662798,
18.892242,0.95469475
16.985292,0.8759537
18.035215,0.8287945
14.256294,1.1661358
18.802155,
17.05533,0.85671043
18.383581,
17.184689,0.8085747
18.703144,
17.247812,0.781374
18.106197,0.7062912
18.73819,0.8852768
14.913905,1.1289663
18.139475,0.85110855
17.820524,0.72663116
16.504904,0.5901222
17.514957,0.7700653
17.835857,0.70858765
18.752111,0.8530445
19.052355,
19.69413,1.1917496
17.80458,0.78481483
18.116442,0.8095398
19.408257,
14.99213,1.077672
17.124132,0.85949516
17.21977,0.8775482
17.148552,0.71644783
17.378859,0.79157066
17.82283,
17.781132,0.8780155
16.69483,0.9768629
17.87553,0.8529854
17.116499,
17.557219,0.79538155
13.247589,1.1907625
15.569312,1.0251808
12.401685,1.4456615
15.743902,0.96913815
17.040411,0.8998499
14.402488,1.1375761
13.848108,0.9450712
17.509315,0.750267
13.749297,1.0421429
18.040937,
18.17848,0.820076
17.700666,
11.680409,1.5979633
17.628654,0.7311516
17.517849,0.84025764
17.403692,0.8140793
15.028412,1.0807619
17.898998,0.75605583
18.449678,0.8787155
19.196749,1.8985767
17.871534,0.83081245
19.313622,1.1200638
18.61918,0.85642815
17.035757,0.9338913
17.529354,0.73321915
17.042274,
15.896482,1.0456219
12.902952,1.2433796
18.255323,
13.713703,1.0372124
17.62748,0.8658314
17.043756,0.86576843
18.138046,0.81993675
19.240995,0.85788345
17.776115,0.8117256
17.804848,0.7461872
18.66435,0.854969
16.872097,0.99985886
12.373045,1.493537
19.326271,
19.759039,
19.557125,1.0968533
19.771658,
17.226791,0.8206272
18.862282,0.9754715
17.89068,0.7744961
17.900913,
16.50118,0.6069584
18.127575,0.8235779
17.468954,0.7604103
18.026888,0.8521309
18.17969,0.82172966
18.07257,0.794611
19.267176,0.9675331
19.420385,
18.761642,0.8976402
19.078903,0.92473984
17.372671,0.77165604
19.0146,0.97494507
17.692835,0.7996197
17.749567,0.7904701
18.244198,0.6993561
17.708782,0.7631626
18.453295,0.85567284
16.641325,1.0194092
17.752897,0.77602005
19.177856,1.0273094
19.025291,0.94392204
18.417913,0.8351555
19.552147,0.98758316
18.264393,0.81552505
17.921024,0.7194729
17.709974,0.7773495
17.889301,0.75377274
18.320953,0.8326969
13.603716,1.1042604
18.788992,0.9958973
17.078192,0.8238144
18.402132,0.85479736
17.814926,0.77479553
19.012068,0.9762707
19.554434,0.86997795
17.127275,0.79706
19.404232,1.0566673
18.582767,0.84030914
18.012335,0.8038578
19.448084,0.95557594
18.895424,1.0420914
17.085487,0.82496643
19.163795,0.8772068
17.850857,0.8562546
16.40202,1.0328035
17.05068,0.82837677
18.85459,0.8931618
18.929476,0.958498
17.489159,0.73152924
18.820993,0.8417492
18.550962,0.8919277
18.705824,0.8529453
17.512114,0.78066635
17.984304,0.7623768
18.190079,0.84010506
18.55502,0.8402786
17.99191,0.7182007
16.972038,0.93170357
19.170965,0.9725685
19.907442,
17.625696,0.80301285
19.159868,0.959816
17.857233,0.7757797
17.242939,0.79136276
17.49717,0.80488205
19.21759,1.0364952
19.718607,1.1303291
17.64895,0.79002
17.414755,0.77684784
15.535093,1.0710573
17.994474,0.7928276
17.310524,0.7579384
18.283072,
16.527754,1.0272312
18.502625,0.81739426
14.812122,1.1179218
17.8728,0.7598667
17.578089,0.77249527
16.446508,1.0063572
17.447536,0.7552376
17.638042,0.8190708
16.310375,0.7892313
17.050995,0.8393917
18.066484,0.76537704
15.380427,1.065691
18.291044,0.8109646
18.987818,0.9324188
17.59466,0.7703762
18.760942,0.8031063
18.524124,0.90538216
18.053608,0.8253975
15.450503,1.0578232
15.242863,1.0968599
17.451727,0.7573452
17.284662,0.7842312
13.894339,1.244627
17.85585,0.79151154
18.530031,0.8671379
17.193296,0.81864166
17.010641,0.874815
18.556843,0.906477
17.24511,0.7786598
18.484648,0.8847122
18.322435,0.9338875
18.942028,1.30019
17.84708,0.77843666
19.586342,1.0974045
18.603472,0.83387375
19.239239,1.0817871
18.69516,
18.574858,0.8461628
17.089685,0.8384075
17.282824,0.7647419
17.525742,0.73812103
19.961288,
18.524963,0.8778744
18.593819,0.88425636
19.081573,
17.509726,0.7924938
17.64313,0.737236
17.10034,0.8454304
17.172188,0.8436632
18.366062,
17.832266,0.8384247
11.513837,1.7283144
18.446352,1.1499043
17.090502,0.79699516
13.7405205,1.0480309
13.6689005,1.2231407
17.71409,0.73571587
18.227057,0.8265152
13.878889,1.007123
17.887566,0.7091942
16.739426,0.98173237
17.037514,0.83649254
17.527029,
12.7933235,1.2856503
15.314062,1.0346737
13.483343,1.1946049
14.99961,1.088872
12.77141,1.2983894
17.548422,0.7597809
19.258127,
16.835127,0.96943283
13.652355,1.0615854
15.0950575,1.105402
17.54572,0.7669201
18.991318,0.8882885
18.077354,0.80101013
19.24009,0.92311287
18.021425,0.7739811
17.673708,0.8185253
17.598278,0.75790024
17.16136,0.74365234
18.936005,0.916502
17.121492,0.8321152
17.34494,0.7712002
18.42325,
17.787487,0.73386955
15.015189,1.0875273
18.146284,0.80113983
18.258905,
18.069708,0.8708439
18.026424,0.9211483
17.678879,0.7772217
13.839343,1.0512629
17.790812,0.7887497
18.907686,
17.263525,0.7905121
19.109818,0.9552765
17.795778,0.74170876
18.81229,
16.977524,0.89818
17.293163,0.76296234
17.833462,
18.948463,0.72805977
17.860708,0.75195885
17.286432,0.7685566
18.981985,1.1512814
19.551584,
19.185596,
17.88177,0.81108475
19.746908,
16.238338,1.053812
17.160114,0.82115746
18.042833,
17.93711,0.8852978
13.89407,1.0348635
14.906417,1.0836849
17.562346,0.7847557
17.125185,0.8304081
19.112545,
13.850214,0.9947853
17.007563,0.8438587
16.823006,0.9580641
11.558625,1.7742968
15.14966,0.97288513
15.458254,1.0101795
16.49349,0.94971275
18.379047,
17.699158,0.8282757
17.21011,0.8280525
15.413021,1.0631409
17.801788,0.7596264
17.564405,0.27391243
14.808822,1.1063976
15.527904,1.0404968
17.598158,
18.48049,0.6196251
13.756701,0.9577551
16.639658,0.98919773
13.936784,1.1932087
12.482996,1.3501415
11.652444,1.6267662
11.869562,1.6004181
14.148221,1.1554899
12.620275,1.2976761
14.641719,1.0918932
13.659261,1.2130327
17.63326,0.89521027
17.123861,0.83169365
18.389202,0.69192886
13.771617,1.0244503
13.0333,1.316742
12.204612,1.238761
12.158707,1.5119886
17.255995,0.807106
18.674625,
17.600187,0.83236504
17.268106,0.7523861
17.816332,
12.448323,1.4417992
17.864662,
18.308804,0.79512405
17.76173,0.82390404
18.391151,0.7848301
18.062786,0.85203743
19.316751,0.9759979
19.364464,
17.58869,0.7636471
17.307837,0.7969742
18.179106,0.9439945
16.424173,1.0103893
17.997385,0.6819477
17.889448,0.78167725
17.223463,0.8412018
18.447792,1.0095177
17.683352,0.8403473
19.128656,1.0221596
17.08074,0.8032265
18.924685,0.9611702
16.994211,0.89036465
17.618517,0.7266598
17.460196,0.8454304
15.4621315,1.0353127
17.273695,0.6962185
18.72159,0.76101494
18.845211,0.5924263
18.049898,0.7986088
13.103572,1.3126221
13.86204,1.0507412
18.014122,0.4657421
13.841144,1.0457745
15.3104315,1.0545673
17.17407,0.8379059
17.259369,0.7808094
19.072239,0.61722755
19.201174,
17.560366,
12.4157505,1.394907
19.73102,1.4145737
17.835243,0.847332
17.418777,0.7906704
18.872171,
15.310253,1.0841036
19.000101,0.8883724
17.878513,0.7727184
17.859303,
17.11687,0.7932949
16.825691,0.9558449
19.796484,1.1494789
19.324354,0.8422508
19.39802,1.1196136
17.907803,
17.647503,0.7631664
17.982828,0.8337536
18.068985,0.80532455
17.994452,0.8325596
17.163303,0.7905731
17.406435,0.78048134
18.935192,
19.975037,1.0790882
18.803785,0.87470245
18.814644,0.8928051
17.437586,0.7533779
16.086287,1.0303907
17.24285,0.80525017
17.46564,
18.000694,0.78128815
16.909437,0.98566055
18.842022,
18.078762,0.7762928
17.889463,0.82206917
18.656475,0.98579407
17.968107,
18.287329,
17.228184,0.7843876
17.644512,0.81799126
19.709862,
16.942371,0.95197296
17.355185,0.7881851
14.0233755,1.1852608
13.897004,1.0590143
18.274908,0.7972717
18.540981,0.87257576
18.812778,
15.498315,1.0571518
18.89218,
17.059784,0.8294678
16.46316,0.9919796
15.355813,1.0341101
19.2146,0.932703
18.707647,
18.369656,0.88783264
18.462448,0.82725143
17.040594,0.85214424
17.10566,
14.320571,1.1688623
15.949352,1.0161695
17.959682,0.7666359
18.542957,0.68977165
17.847353,
16.095598,1.0052109
13.712681,1.0668926
17.447296,0.75426483
16.248726,0.8734493
14.074375,1.177002
13.616303,1.2242174
17.387857,0.79671097
17.367937,0.75959206
17.311428,0.7604103
19.634506,
18.478989,0.80792046
18.424147,0.8762722
18.288551,0.87259865
14.610615,1.1220255
18.781498,0.78271866
16.739494,1.0178108
18.016846,0.74754715
14.751625,1.119009
17.521572,0.8097038
17.71967,0.78302956
18.424246,
19.33803,0.6941509
19.036093,
17.655865,0.78744316
15.084553,1.0935068
18.043566,0.7469158
19.515139,
16.99991,0.8775406
18.260242,0.7276535
14.049777,1.1723413
18.240936,0.9360504
18.339682,0.8806286
14.263219,1.1631908
18.159672,0.92144585
15.397335,1.0318756
16.97924,0.8980465
15.490047,1.0637617
17.735727,0.78663445
15.816295,1.0247211
18.065432,0.81848145
18.622972,1.0049667
17.909904,0.8367615
17.86188,0.84830475
18.700266,1.0099201
19.020624,0.846344
17.447067,0.7770462
13.240702,1.2959232
18.812035,0.6568413
19.558985,0.8316574
18.889322,0.99435425
18.34134,0.87543106
18.708048,0.86315346
18.438665,0.804821
19.108433,1.0397606
19.844666,1.1330624
19.525553,1.3162441
16.920727,0.96281433
18.741198,
18.232044,
18.837145,0.87742615
18.043219,0.82205963
17.595533,0.6764126
17.550486,0.77646065
18.074419,
18.02401,0.9062462
17.162123,0.7951851
19.880789,1.416235
17.538084,0.8026619
17.632538,0.80752563
17.107428,0.86462975
12.973515,1.333601
17.318771,0.76545525
15.553889,1.0658131
15.176394,1.0526218
17.280182,0.7790432
17.968334,
17.182878,2.1567812
17.385193,
18.098705,0.787796
15.075159,1.074256
17.391369,0.8444729
17.718143,0.9734535
13.860258,1.0418901
13.488347,1.09519
17.545668,0.8169422
13.814345,0.9324703
15.22527,1.0120134
17.370615,
13.501715,1.2386208
15.930374,1.0398178
17.445192,
18.095974,
13.828349,0.9903984
17.149822,0.8422966
16.202177,1.0075579
15.509369,1.0801163
17.35054,0.80202675
17.332476,0.7520027
18.60363,1.2223663
17.895672,0.7747669
17.2049,0.8297558
12.873084,1.3649511
11.394634,1.8158655
18.034279,0.8228264
18.72763,0.8701248
18.497896,0.8854351
17.900734,0.747221
18.371063,
18.631512,0.8970642
19.480053,1.5705261
19.314474,1.0483723
17.651295,0.7791519
19.360235,
17.17175,0.82006645
18.470385,0.8043823
14.533697,1.1522026
18.879503,0.96120834
19.287455,1.012867
19.477415,0.9541893
17.7483,0.737936
16.995817,0.9438305
17.799686,0.79642487
18.9802,0.9636898
18.598307,0.8595009
19.321018,0.9809303
19.042675,0.93946457
18.425716,0.84493065
16.128725,1.0500212
18.814428,0.8926773
17.202703,0.8703556
19.010956,0.8527031
17.09791,0.8212986
17.735043,0.76945686
17.77725,0.7904568
19.178757,1.0112324
18.059633,0.79781723
18.052338,0.82019234
17.827333,
18.743504,0.8424549
17.913841,0.75688744
19.34654,1.0510159
19.590061,1.3267555
16.973127,0.92367935
19.706345,1.1395512
19.055668,0.96346855
13.94351,1.0914869
19.294317,
18.169966,0.80021286
18.299112,0.80534935
18.34737,0.8205986
19.868141,1.1189003
17.694181,0.8001995
18.007298,0.7971401
18.306684,0.84959984
19.211233,0.9084873
19.023159,0.9926853
16.684855,1.0093021
17.063013,0.8564873
17.261806,0.80184364
17.240856,0.7742195
14.005696,1.1815987
18.929344,0.85159874
18.116613,0.7962246
17.385693,0.8221054
11.808689,1.6363535
19.02157,1.049448
18.73474,0.8861389
18.658297,0.9404869
18.507814,0.84282875
18.513777,0.8631134
17.278393,0.8002949
17.32164,0.7833996
17.874826,0.7895813
18.354876,0.82567406
19.054667,0.9663639
19.329077,1.0232124
16.319778,1.0345383
18.723104,0.8862572
17.387592,0.7837429
17.84732,0.7708988
19.186317,0.87651443
19.99826,1.2481194
18.48097,0.8048401
19.314758,0.9145298
17.799023,0.82058716
13.85764,1.0498238
17.615026,0.81251144
16.649967,1.0381489
18.319584,0.86468315
13.411631,1.2860909
18.099966,0.7933903
17.758451,0.7744942
18.071371,0.88328934
18.429317,
17.653536,0.7525749
18.306723,0.8494854
16.90709,0.9674225
18.037832,0.78053856
18.097273,0.82749367
18.449196,0.8942089
19.10551,0.76856995
17.896147,0.7924824
18.219053,0.80293655
19.452345,1.0497494
18.500244,0.8731079
19.186125,1.163166
18.739744,0.9114189
17.05004,0.8724365
19.662926,1.0529537
18.432339,0.8986454
18.062698,0.849844
18.277199,0.78297615
18.414673,0.859251
19.351583,1.0484924
15.097473,0.7989712
17.82046,0.8213291
17.23241,0.7849369
17.55629,0.7607231
18.49463,0.8447571
19.219934,1.0216694
18.050215,
18.479326,0.8511486
17.975462,
19.082275,
17.030655,0.85962105
14.677668,1.1205711
18.307848,0.75763893
18.410185,
16.823896,0.9840679
18.35349,0.22680092
18.843494,
18.833164,0.83252144
18.630411,0.7071934
18.534218,
18.717932,
18.350458,
12.036886,1.4967346
13.819206,0.9867897
16.503311,0.9668207
17.16557,0.77757835
18.912485,
17.501179,
16.431583,0.69188213
17.128227,0.8210354
13.865181,1.0078392
11.832146,1.5608015
12.50666,1.363102
14.223652,1.1367416
13.833813,1.0158195
14.493874,1.1023359
13.865692,1.0636253
17.785545,0.7681427
18.484806,0.82483864
17.440548,0.78118324
19.049335,
18.597157,0.92765236
17.558811,0.6930866
18.943655,0.9214096
17.026245,0.8638115
17.69034,0.78956985
19.718725,1.1251888
17.606535,0.8043499
18.780674,0.9162121
18.54546,0.88152695
18.510853,0.81692123
17.232038,0.79494095
18.248857,
16.568743,1.0419207
18.671911,0.8747082
17.965446,0.835268
18.671736,0.78131485
17.329315,0.7943573
18.669752,0.94250107
17.973629,0.80999184
19.708637,0.89510536
18.156898,0.8570862
17.770391,0.73709106
18.934471,
17.808254,0.81062126
17.417719,0.7322464
17.08814,0.7933636
17.892931,
15.791168,1.0424862
17.165342,0.7483864
17.495146,0.41086578
13.851603,1.0457592
13.627872,1.2377768
14.803393,1.0968733
13.794975,1.0140696
14.059217,1.1375751
13.833086,1.0338926
16.181618,1.0568743
16.584597,1.018446
17.172947,0.80062675
15.25847,1.0810223
17.028221,0.89684105
19.010185,1.1281052
17.079062,0.8338394
17.504345,0.7721367
17.906897,
15.84569,1.0305338
17.434553,0.7649479
16.771261,0.9416504
12.268682,1.470664
18.401672,
11.713963,1.5270033
10.833431,2.418682
11.810949,1.5454407
13.319001,1.2935238
17.699455,0.85481644
12.314084,1.3608713
13.852758,1.0701923
16.013378,1.2786951
13.161645,1.2354221
16.622368,2.1712093
13.803276,0.99817944
19.134338,
16.973274,0.8730917
18.919657,0.8215046
18.085474,0.8142681
18.12407,0.90070915
16.79949,0.95950127
16.960667,0.8636036
17.982176,0.82282066
17.419975,0.7785759
17.116001,0.8364601
17.33917,0.7959957
18.054031,0.8325577
17.994143,0.9016247
17.910963,0.8068657
17.016277,0.7904768
14.955046,1.0703573
16.59079,1.0084009
17.359161,0.71001434
14.106939,1.1606855
19.623579,
19.158918,
19.573229,1.148346
19.158651,0.87648964
18.775265,0.85484886
17.397915,0.74905205
18.419565,0.82006264
19.106363,0.9395523
18.153261,0.75261116
18.390337,
16.407776,1.1295366
17.692947,0.76379204
13.628971,1.2437677
12.111966,1.454565
18.15585,0.81707
17.995281,0.80895233
17.762962,0.77984047
19.254494,1.3396244
18.257235,0.975687
16.466389,0.98570347
15.50927,1.0525322
17.57075,0.8120899
17.30878,0.7865753
18.248716,
13.810674,1.0157509
14.971365,1.0473404
16.473553,1.0030794
17.489677,0.7891102
16.971558,0.8565979
17.395496,0.69898987
17.395918,0.7500534
17.187134,0.8176594
17.252907,0.77786064
18.8349,
18.816061,
19.265942,1.09515
17.140682,0.81220627
19.184834,0.998024
16.702448,1.0055962
18.266056,0.75826454
10.959753,2.2634907
17.761898,0.74323845
19.378574,0.9445648
17.705948,0.77531624
17.87436,0.78702164
18.737091,0.8952675
17.710043,0.7614651
17.876541,0.81661797
17.871187,0.7055721
17.421185,0.79278374
17.374039,0.7080879
18.072685,0.7776375
18.230513,
14.981268,1.0763569
19.28455,0.82634544
17.758303,0.77573776
17.403284,0.80844307
15.950538,0.9852705
19.14718,0.95531845
17.9432,0.7909298
18.35612,0.85684776
17.808025,0.8277397
18.45023,0.85180473
18.455976,0.893137
17.447607,0.91057205
13.757267,1.0545216
17.619226,0.819891
17.094282,0.88574123
13.750868,1.0201101
17.632849,
17.050367,0.81312656
17.392136,0.76091194
17.947123,0.91005325
17.976664,0.6679859
15.734732,0.994401
13.896037,1.0545263
17.09516,0.81904316
18.159357,
18.707552,
13.838248,1.0030031
12.290587,1.3939209
14.196436,1.1400452
12.96855,1.3287096
14.544175,1.1219616
16.713297,1.020668
16.415644,0.99472237
14.895037,1.0922909
18.10843,
18.110369,
16.023731,0.88742447
13.691438,1.236453
17.355383,0.91470146
13.872754,0.997674
17.255497,0.81357193
18.037506,0.81196785
19.199879,
17.583239,
19.026953,
19.051346,
17.922676,0.81868935
17.093693,0.85399246
14.639696,1.1161222
19.095982,0.9035835
17.825193,
17.825827,0.7357063
18.345901,0.77947426
18.445719,1.0353718
13.663165,1.2318125
17.3,0.80203056
13.8653965,1.0707273
17.944004,0.8405361
17.436232,0.7812023
18.809912,
18.66271,0.90690804
17.425615,0.7912502
13.886572,0.98823166
16.300774,1.0238476
18.904272,0.97792244
18.1583,0.8097
18.335379,0.8234806
17.944393,0.77438354
19.095842,1.0086117
18.060646,0.9338379
17.307518,0.84794617
17.550556,0.7919769
15.990242,1.0356998
17.305517,0.8559418
13.809631,0.9793396
19.305254,1.6069679
19.829456,1.197546
18.951553,0.83122444
17.505188,0.80012894
18.985699,0.9482002
18.771793,0.93512344
18.497244,0.84199905
16.57714,1.0352621
18.782108,1.0174103
18.62088,0.90210533
19.33364,0.89245987
18.129568,0.9112263
18.258291,0.8754864
19.732292,1.164917
18.54701,0.9014244
18.720304,0.9026661
19.793402,1.258091
18.67334,0.84498787
17.060083,0.8364296
19.506144,0.99473
17.7001,0.77211
17.421185,0.9599724
19.276072,0.9621887
17.93639,0.7836437
19.268948,0.933733
18.26019,0.85702133
17.781834,0.7901077
16.233812,0.9671726
18.603853,0.90815353
16.990877,0.9306755
19.93655,1.0819759
15.205046,1.085331
17.300495,0.789402
18.363768,0.8418579
17.23309,0.77718735
17.897411,0.75696373
18.015686,0.8453369
19.19909,1.0504608
18.379711,0.8857651
13.88795,1.2026272
18.558931,0.87116814
18.107712,0.7635498
14.047549,1.2009315
18.71358,0.91916656
19.108229,0.9338341
18.893684,0.9419956
19.779352,1.2667751
19.391768,1.0488243
14.842034,1.1158142
17.558872,0.762352
19.645966,
18.091223,
17.301815,0.7921181
17.634903,0.7635269
18.108583,0.7890701
17.702806,0.76242256
18.496412,0.8194275
12.975225,1.080329
18.60001,0.85453033
16.74481,1.0101643
19.19043,1.0774269
19.276676,
19.228912,0.9025326
17.8931,0.77134323
18.096235,0.8455658
17.910105,0.8529167
19.230076,1.0345993
17.267057,0.8061352
17.55957,0.7988033
19.162231,0.93977356
16.9583,0.90203094
17.585264,0.7783432
18.61752,0.91526794
18.8465,0.87926674
17.020472,0.8503647
15.507218,1.061285
17.083494,0.8173256
19.39082,0.9346771
19.03956,1.0214443
19.836151,
17.886726,0.76651764
18.398705,0.8406315
13.640668,1.2393999
18.795187,0.95367813
19.505999,1.150034
17.490105,0.81617737
16.484009,0.5896244
17.04425,0.8335762
18.044722,0.80365753
19.907131,1.134634
18.259098,0.8304386
17.692572,0.80978775
17.73652,0.7696953
18.711905,
18.64136,
18.874733,
19.908957,1.1435299
14.601406,1.12012
18.604315,0.87911606
17.724325,
17.058681,0.8516388
19.513338,
17.494913,0.75107384
18.685171,
12.961536,1.3539152
17.783102,0.8042526
19.324768,1.0924969
17.130276,0.82559395
13.840671,1.0566044
17.903507,0.8330059
18.818714,0.8776188
17.421772,0.76501846
17.88367,0.7901249
17.866163,0.8378601
19.115223,
17.798061,0.7454014
17.784515,0.79693604
17.265474,0.7764492
19.373802,1.1402092
19.621225,
19.488928,1.0578499
17.417212,0.7578411
17.802887,0.75988007
17.033472,0.93691826
12.431207,1.458642
17.751661,
17.48578,0.9074726
14.37647,1.1303082
12.460583,1.4372721
12.186147,1.434248
13.64317,1.2114592
14.235274,1.1991081
17.09848,0.80796814
15.540615,1.1846924
17.250517,0.8229809
17.641548,0.8673916
17.27029,0.7741661
16.991777,0.90560913
17.706085,
14.147889,1.1154022
16.69874,0.94004154
13.869998,1.0059786
14.602055,1.0352736
18.763056,0.954401
17.631857,0.7482109
17.062359,0.8138199
17.801441,0.7544136
13.871749,1.0201645
18.58124,0.8343754
16.989485,0.9825592
16.995968,0.89087296
19.388018,0.9694557
17.788124,0.7420311
18.304571,0.64873505
17.807922,0.8418026
15.233839,1.0747242
16.045912,1.0020561
17.876637,0.8094578
19.361984,0.88801193
18.495628,0.8160572
17.288507,0.77581215
17.99839,0.78596306
17.49095,0.798542
18.671972,0.75979805
17.623798,
19.041761,0.93463326
14.630582,1.1243868
18.46723,0.72597694
19.235924,
19.142057,
18.087599,0.7780342
19.596407,1.1796398
18.1256,0.8233566
18.04383,0.7996521
19.492685,
19.303774,0.64788437
18.791256,
17.47828,0.7457752
16.736246,0.89187336
18.738514,
18.804943,0.6837654
17.274887,0.87457657
15.430829,1.0217447
15.325588,0.92770386
13.866448,1.029995
12.666955,1.4021177
13.780498,1.0370226
13.294424,1.1704464
18.685865,0.9141922
18.382906,
19.145035,1.206789
17.064436,0.85497475
16.766634,0.91340065
17.985939,
13.893414,1.0396032
18.045156,0.8581276
18.179073,0.86847305
14.884996,1.0718546
17.201738,
18.251873,
15.366991,1.0758572
14.718361,1.0872202
12.727494,1.2712402
14.665189,1.1240244
11.776611,1.5794363
14.549031,1.1439285
15.053714,1.0714464
16.76562,0.9696808
13.880249,1.0292463
14.925881,1.0137653
17.34397,0.70956516
17.469185,
16.991106,0.86687756
13.154273,1.1901131
13.74147,1.0006981
14.273256,1.1045198
13.549421,1.1905146
13.242439,1.1899595
11.884377,1.5511189
13.836614,0.9941311
16.364138,0.92463017
17.815777,0.6885872
14.610113,1.115592
16.873518,0.92222404
16.36393,0.9983206
14.93654,1.0947962
17.001213,
18.682543,
17.416744,0.7797661
17.593012,0.7460251
14.115403,1.185976
13.871325,0.98296356
17.642931,0.8335209
16.81485,0.9705744
13.865909,1.0034323
13.838776,1.2036905
17.428595,0.7709446
18.694118,0.9144573
18.59089,0.9141617
18.435425,0.91150856
17.60029,0.80664444
17.100319,0.8222122
17.993261,0.6962528
18.863163,0.6990547
18.533274,
18.171,0.723814
17.564905,0.8370514
17.671656,0.76421165
17.586184,0.753088
14.295548,1.1667957
17.954071,0.86400604
18.121181,0.9914398
17.179665,0.8282738
15.404671,1.0612812
16.487206,1.0136786
17.336473,0.754076
18.243483,0.7781372
16.990192,0.9036503
14.824567,1.093687
15.952021,1.0423565
18.99531,
17.43387,0.8065052
18.24454,0.90280914
17.825598,0.7950363
17.465248,0.82403374
14.439407,1.1513643
16.582489,0.9787874
14.285007,1.1397305
17.602674,0.7672119
17.908003,0.8055134
17.89408,
18.358522,0.83097076
17.902227,0.79122734
19.224827,
15.2053795,1.066577
14.620519,1.1156054
16.400475,1.0202913
18.39435,
19.771244,1.1868153
17.863352,0.73858833
18.08423,
17.02243,0.9175072
15.287354,1.0694199
17.175861,0.81882477
17.308975,0.7500553
12.977243,1.2526255
17.825996,0.8312092
17.058744,0.85002327
18.282967,0.8826752
19.67634,0.44866943
18.133635,0.8419819
18.370766,
17.243605,0.7971134
17.541529,0.7375984
18.516468,0.91781044
17.709488,0.7968483
17.684414,0.75951385
17.171057,0.77111435
18.062262,0.7720833
17.076426,0.82575226
17.602777,0.8551407
13.842113,0.99160576
16.444098,0.9861355
17.35122,0.8253689
11.612297,1.674511
18.276142,0.7725849
17.946712,0.2611103
17.580202,0.8098335
17.166393,
15.911818,1.0058002
13.894359,1.0378008
17.507896,
17.660387,0.79676247
13.846,0.99251175
16.901865,0.95103264
14.409819,1.1713095
14.60597,1.118186
12.651729,1.3633995
18.617899,
17.131023,0.9213352
16.359549,1.0160847
16.393164,1.0033512
17.003376,0.8170109
15.2733555,1.0436459
13.805127,0.94646835
18.366825,
15.467646,1.1347065
18.045204,0.8062515
18.308249,0.7978115
19.700329,
14.794744,1.1031199
17.124865,0.81972885
18.113367,0.7249298
14.800696,1.0660849
13.872806,1.0229778
14.578519,1.1375914
13.857695,1.052289
15.85788,1.0557709
17.701895,0.7755394
16.322706,1.0100155
17.876762,0.83823395
17.222675,1.0885296
19.795164,1.2577744
19.054256,0.9574909
18.053299,
12.721063,1.2909708
17.418007,0.6489372
18.465225,0.78004456
18.61475,1.0479984
14.8989725,1.0863714
17.046383,0.7610798
18.750393,
17.155064,0.741621
17.320065,0.6883068
17.796135,0.86050034
17.316233,0.8115406
17.492323,0.7850914
18.231216,0.9167366
19.300144,
18.57177,0.87929153
17.174385,0.8088608
12.221127,1.4972763
17.278938,0.8069649
15.79107,1.0544577
19.63342,
17.430962,0.7615528
17.262644,0.77972984
17.87132,0.78603363
15.720749,1.0621777
18.020018,0.8119087
18.906357,0.8768368
19.03417,0.9508953
18.76591,0.8749294
19.253248,
16.88697,0.9489689
17.75271,0.7752514
19.783075,1.1390209
15.611003,1.0700512
18.056757,0.78772926
18.69495,0.87659454
18.07788,0.79805756
15.672579,1.0503988
18.53731,0.8871002
17.941439,0.817482
17.694763,0.77700615
17.739338,0.7748699
17.301392,0.74904823
16.660954,1.0193634
18.61334,0.88975906
19.009203,0.91789436
16.526367,0.7757683
16.93075,0.9497242
17.638393,0.7864666
17.025232,0.91685104
15.996582,1.1267729
18.001312,0.7684784
17.038128,0.8549347
18.189117,0.8216915
13.885,1.0372009
17.054726,0.8437824
18.025183,0.8114681
17.389868,0.7648449
16.45142,1.0474672
17.935015,0.79169846
17.819115,0.79141617
19.242386,0.96183014
17.383215,0.7579613
18.715414,0.96606064
17.264874,0.81606674
17.425652,0.7691517
18.124939,0.8203106
19.485088,0.93779564
17.361435,0.7710495
17.758488,0.7614651
17.348112,0.7819462
18.772158,1.1543293
18.373991,0.8212528
19.067455,0.8180027
17.071249,0.8010082
17.121372,0.80727196
18.28961,
17.47425,0.7750664
19.30891,1.2863503
17.944782,0.76087
17.219206,0.7777748
17.80412,0.8096218
17.535627,0.76831245
19.675907,1.1856937
18.655113,0.8596535
18.801607,0.9067917
18.256422,0.7823658
18.523872,0.80379295
19.186834,0.91895485
17.23029,0.79681396
14.365968,1.146759
14.962386,1.0883112
16.729517,0.99033165
17.461454,0.69119835
17.703726,0.90301895
19.215923,0.97906494
17.987543,0.8107071
18.767855,0.93245506
19.129532,0.94138336
18.372572,
16.832958,1.0131531
17.186462,0.7895603
17.541351,0.78079796
18.505785,
13.87727,1.0050335
19.033785,0.8736839
18.19482,0.789423
19.367895,1.0435486
18.820517,0.86997414
17.900398,0.7661133
13.897949,1.0320358
18.239985,0.7979145
19.349092,
19.227844,1.0822525
19.257614,1.0182056
15.007059,1.1088438
18.041458,0.750927
18.825441,0.8942566
17.158167,0.8123398
19.774849,0.95085144
18.830866,
12.803796,1.244894
18.030697,0.858387
18.036274,0.7734928
18.453089,0.8583946
17.532604,0.8372059
17.539131,0.78829193
19.137735,1.0242863
16.9805,0.9386406
18.049463,0.72927856
19.5981,
18.55784,0.95090294
18.494925,0.8754654
16.988138,
19.215683,
17.73936,0.77339554
17.441723,0.7709942
17.7475,0.72644806
18.108147,0.83285904
16.041605,1.0478172
16.821695,0.9005995
17.687363,
17.2052,0.7937031
17.71956,0.90192795
17.479706,0.6282368
13.801992,1.0151672
13.720819,1.1889477
14.998949,1.046114
13.849661,1.026761
17.499731,0.8814659
17.69946,0.80833626
11.899942,1.4887066
17.644108,0.86603737
17.962812,
17.169098,0.8005123
18.052755,1.041441
15.712498,1.0905294
11.939042,1.5880022
18.412575,0.87545586
15.071944,1.0148983
13.443863,1.269844
19.07408,
16.29007,1.0110102
18.426004,0.3215599
17.982668,0.78391457
18.570984,0.8942299
17.868668,0.8237934
16.997059,0.8949127
16.309065,1.0444832
19.179873,1.1220493
19.15616,0.96232414
17.979246,0.8364315
13.865469,1.0411224
18.71487,0.8150921
19.006634,0.7659836
18.215849,
17.20578,1.042202
16.958448,0.8633995
13.886641,1.0414534
16.993654,0.9277706
16.013405,1.0406752
17.598137,0.7187729
17.881432,0.83750916
17.684252,0.7798157
16.527367,1.0262766
16.852224,0.96736526
16.493956,1.0175505
19.846418,1.0956955
16.947432,0.98570824
15.59088,1.0581331
18.916445,0.90587807
19.205374,
17.018398,0.91098785
17.192722,0.7860203
19.85976,0.9393959
17.764992,0.77866364
17.794567,0.7577553
17.15667,0.84586525
16.941189,0.9481487
17.296616,0.8950615
17.179914,0.77724266
17.086128,0.8577385
13.7434225,1.0723429
13.762887,0.9386883
12.17779,1.4289589
19.200842,
18.351961,1.1334019
17.690964,0.9855366
17.914852,0.8095455
13.905541,1.0544968
18.843346,
17.268871,0.7678852
17.486565,0.82338715
17.755966,
17.060947,0.8033657
12.025743,1.5419407
15.756659,1.0391436
15.247101,1.0466347
12.869574,1.2730188
16.493805,0.97634315
11.60845,1.7084208
15.153561,1.072794
18.252874,
12.189083,1.4207115
10.926302,2.013383
11.417591,1.479104
10.938389,2.3821392
16.841984,0.972805
16.586624,1.0630827
13.856024,1.0237322
12.379018,1.4490557
17.430014,0.8004074
16.573559,0.92604446
17.364668,0.795064
12.428471,1.3499546
15.417855,1.034914
13.836065,1.018589
14.406424,1.1218462
18.12054,0.8010006
15.544315,1.0628643
16.974451,0.7819042
16.006395,1.0183134
17.701199,0.76116943
17.455458,
19.715227,
18.987572,0.7499504
17.185165,0.71957207
18.821112,0.4970417
17.292757,0.8485069
18.180899,0.77718544
17.325102,0.76730347
17.414787,0.77568436
19.28977,0.8599701
19.680786,0.6709919
13.805337,1.0585785
17.080572,0.85359573
18.123161,0.76649094
18.101463,
17.121038,0.7810135
18.125658,0.8958111
17.465414,0.7539425
18.621433,0.8262577
17.675953,0.8021183
15.678731,1.0873146
16.464245,1.0362806
18.67318,
18.22738,0.8080158
18.765234,0.8516197
18.90706,0.91301155
16.934345,0.62631416
19.47912,1.0348892
19.575918,1.1184425
18.268625,0.891119
19.324467,1.0031376
19.80404,0.9720974
17.683546,0.7720661
18.403004,0.8052845
18.466505,0.8605461
19.726618,1.1694031
16.817667,0.9938164
19.32819,1.1300659
18.467138,0.8695507
19.216465,0.8717632
18.656391,0.8836937
19.818722,
16.86261,0.9044304
18.527597,0.81737137
19.055096,0.9123821
18.880949,1.1477356
19.19276,1.0032425
18.088108,0.8141403
18.080488,0.80916214
17.929285,0.7940235
17.036951,0.8814888
17.247675,0.7952919
19.027798,0.94088554
19.606676,1.1438026
19.40397,
17.87742,0.7790718
18.859016,0.90488815
19.525587,1.0394993
18.32881,0.8788338
17.638643,0.777092
18.303205,0.8758011
16.140404,1.059659
18.037495,0.8167076
18.555098,0.82824135
18.502953,0.81181717
18.937883,0.93026924
17.151281,0.81484604
17.863035,0.7834759
18.77361,0.88552475
18.31444,0.8339367
17.82786,0.75260925
18.241438,0.8172722
17.641632,0.7624321
17.505514,0.7686329
18.20446,0.79761124
18.618582,0.91965294
17.91747,0.75035286
17.43604,0.7682457
18.200954,0.8357277
17.496084,0.7632103
13.851022,1.0532742
18.046185,0.80241394
17.323114,0.771677
17.862955,0.8003769
17.878117,0.70892143
18.681435,0.8721962
18.513115,0.77376556
17.223057,0.7932987
17.391418,0.73856163
18.646528,0.813385
16.61901,1.005702
14.918025,1.0874424
17.930286,0.7862835
14.096357,1.1829557
17.152214,0.82460785
17.23674,0.7415829
14.244969,1.1632414
17.135038,0.8049259
15.876847,0.9928789
18.105312,
14.450247,1.1415052
17.510845,0.90709114
16.827463,0.91831875
17.018808,
17.21213,
11.247521,1.8602438
17.536488,0.7955017
18.138716,0.8223038
18.74643,0.86611557
17.641891,0.7613106
18.890656,
17.727951,0.7000084
18.772236,0.8575878
14.409874,-0.0037660599
17.193598,0.7907982
15.747183,1.035614
15.836949,1.0236855
17.626421,0.7376995
17.65868,0.76394844
16.034681,1.0539999
18.752335,
16.65058,0.9791641
18.59149,1.0594978
17.823824,0.75774384
16.874958,0.9356804
18.029293,0.80885506
17.7747,0.93037033
15.4746275,1.0460968
18.70653,0.8057232
17.059177,0.8655968
17.962322,0.69501305
14.710583,1.1061735
17.646893,0.7914257
18.264605,0.7550106
17.78175,
17.510008,0.8709488
15.458222,1.0725527
18.18971,
18.446487,
17.55828,
18.513336,0.82122993
17.410713,0.7304764
16.64349,1.0231504
17.867207,0.78638077
17.801298,0.76333046
17.471685,0.75414085
17.248716,0.7745228
18.88548,0.87553024
15.490101,1.0522089
13.836085,1.0251789
18.492304,0.86050606
17.056557,0.917593
19.451258,0.26823997
16.958033,0.911808
13.870953,1.2032108
18.40112,0.8374405
13.075333,1.3182621
18.258234,0.9089489
17.405281,
15.61631,1.0756102
18.273933,0.7089615
19.28612,
18.446627,1.0196209
17.630112,0.77908325
19.245966,0.8855171
17.610533,0.7646618
18.867655,
15.19294,1.0910578
18.109505,0.8719616
16.453823,0.9923487
17.26279,0.82756615
13.442597,1.2482138
17.41627,0.84772015
13.853131,1.2000942
14.266351,1.1640892
16.889347,0.79338455
17.048874,0.8138218
13.842327,0.9789839
12.321869,1.4549704
17.70391,0.8942909
15.989323,1.2089777
16.780416,0.9669838
14.628451,1.0813217
15.19598,1.024147
18.251625,
13.83465,1.0251532
17.522228,0.8949089
17.311573,0.8136921
17.334452,0.8076
16.018726,1.089592
18.82635,
17.11159,0.83140755
16.99699,0.8898487
19.003096,0.97369194
19.05557,
17.663616,0.8323841
16.123827,0.9595938
17.942066,0.91771126
18.744776,
17.384747,
19.236422,1.1025486
17.41777,0.7743912
19.867193,
18.716982,
18.25418,
17.093431,0.83815193
17.76127,0.7273407
15.941637,1.0494862
17.945623,0.7860832
19.055948,0.8880768
17.017946,0.8585396
19.454168,0.9674549
17.745455,0.76065636
14.790568,1.1424437
16.912891,0.9767456
18.919998,0.9080696
18.223368,
18.91064,0.8404865
18.6068,0.8689785
18.022865,0.82295036
18.8764,0.99344444
18.522598,0.9141979
14.4187565,1.1356525
18.317404,0.8174057
18.551481,0.8023262
17.82572,0.8415222
17.425426,0.770113
15.349701,1.1241684
18.4683,0.8740635
18.032206,0.8307495
18.701681,0.8553982
17.4339,0.7865124
18.512705,0.89748573
16.061985,1.0612421
17.020388,0.81764984
18.275171,
19.385004,0.9978008
18.164938,0.79169464
17.135921,0.7985363
18.83749,0.87519455
18.569664,0.8937416
17.016459,0.87921333
18.57583,0.81578636
17.868599,0.79410934
18.574823,0.8428421
15.952495,1.0405169
18.368563,0.8354969
18.51647,0.87091064
15.32453,1.0925789
17.155184,0.78678703
19.207577,1.0021629
19.47601,1.0319366
17.611284,0.7650013
17.100777,0.8292923
18.396042,0.8271713
17.896044,0.76657295
18.490372,0.8253708
19.021223,0.9559269
13.044502,1.3241243
16.637983,1.0386925
18.220688,0.82398415
17.984343,0.7867565
17.138062,0.79976654
17.967173,
19.897348,1.1923199
19.267656,1.0042572
19.669804,1.0502987
19.444033,
14.718786,1.1595211
17.047142,0.8800373
18.34277,0.8430004
18.203154,
19.675795,1.0152225
17.129732,0.80669403
17.529882,0.7825756
17.68212,0.8223648
18.559233,0.8895683
17.630613,0.7733402
19.242565,1.0119114
17.647568,0.76372147
16.577633,1.0218105
18.330585,0.7519188
19.83957,
18.97144,1.0516052
18.450397,0.885767
18.551569,0.86898804
18.237165,0.8414726
19.568169,
18.871237,0.9542141
19.364216,0.9405842
19.524656,1.128685
17.71838,0.7540779
18.43381,
16.989813,0.87369347
19.385036,1.0903645
17.651554,0.8077526
17.580122,0.7499676
13.198893,1.2916164
18.187735,1.0339336
17.143494,0.8152752
19.427094,1.0588188
19.541672,1.0699482
14.056934,1.1636295
16.446388,1.0425634
17.017683,0.85534286
17.378778,0.78619003
18.572395,
18.267464,0.8469486
17.71065,0.78461075
18.283474,0.807333
16.598585,1.0118847
19.027582,0.9459553
19.052498,
18.74488,0.95970345
18.57078,1.0316181
18.497242,0.88890076
16.98646,0.91078186
19.875994,0.96720886
19.729544,
17.687483,0.7702637
18.461536,0.8971176
17.468443,0.770216
18.644722,0.8014641
17.560337,0.75947
18.942884,0.8398857
18.44016,1.0152664
18.149946,0.8375969
19.273073,0.8018379
17.501682,0.79777527
17.456573,0.75499916
19.071253,
13.842845,1.2357264
17.648708,0.77404404
18.038755,
17.328716,0.80020523
17.983456,0.79608536
17.566847,0.7671852
17.323225,0.75452995
17.359234,
15.861239,1.0215578
15.729619,1.018301
14.637227,1.0914392
13.60564,1.2288809
17.766216,0.770874
17.017078,0.87620735
18.557032,
17.043356,0.87130165
17.135727,0.7567501
17.475048,0.739233
16.21708,0.97014713
17.014652,0.84441376
10.86274,2.3521252
17.877697,0.86283493
14.306826,1.1383047
18.374443,
14.7442875,1.0974302
15.445182,1.0538616
13.8692465,1.0223608
13.845336,1.0141058
12.355596,1.4083033
18.672058,0.87195015
17.393875,0.7552185
18.26289,0.8182812
17.53584,0.7925644
17.804222,0.87857246
17.342457,0.42526817
18.65019,
17.874971,0.7844238
17.439434,0.77615356
19.232264,0.9557743
17.209164,0.76181984
18.42834,0.73856354
13.52973,1.2265081
18.573708,
15.267299,1.081562
16.452908,0.962862
13.803527,1.018466
17.100073,0.8114052
19.232002,1.0748863
17.81707,0.8113594
18.817116,
15.999866,1.0588455
19.380276,1.0395832
18.484535,0.8150444
16.24361,1.0424938
18.80806,0.94137573
17.960888,0.74419403
17.68102,0.7999935
12.823155,1.3800983
18.53186,
16.984047,0.889061
17.565203,0.7563038
17.848644,0.79618454
17.110176,0.7912636
18.000673,0.79702187
17.193916,0.8208847
13.900949,1.0316744
16.752085,1.0014744
16.930717,0.7916393
13.609542,1.0056181
17.435558,0.72569275
17.1687,0.81879616
19.747583,1.0275497
17.09615,0.8538513
13.800987,0.9647112
17.352285,0.79696655
17.467094,0.721962
17.388464,0.7447128
18.873676,
16.989525,0.8928127
17.600811,
17.061022,0.8419361
17.686258,0.8878994
17.48291,0.72031593
14.323142,1.1519032
17.19071,0.79496
14.308991,1.1280155
17.201195,0.7622261
13.829776,0.97921276
12.848841,1.1808872
12.74414,1.3218117
13.939165,1.1382093
14.185088,1.0832376
14.701405,1.1235247
13.855636,1.0517998
18.014166,
13.851123,0.98152065
12.653542,1.292841
17.504053,0.917429
17.049728,0.9088936
15.116563,0.8930874
15.021826,1.054205
13.6660795,1.0139294
18.18261,0.8621998
17.17125,0.7733059
13.874199,0.9952173
17.558294,0.82344246
17.906963,0.8871727
18.181442,
17.008072,0.90976334
18.405132,
16.718079,0.92283535
16.95438,0.9196472
17.363354,0.7251053
17.490295,0.85822105
18.24151,0.8246803
15.496819,1.0338831
13.115085,1.295826
17.137531,0.8444214
18.311756,0.82844925
19.377495,1.1184807
17.419168,0.79920197
18.923756,0.8463688
17.714624,0.7526722
18.46656,0.9016743
18.378302,0.96489525
18.646025,0.85767937
18.922112,0.8998337
17.92335,0.9087677
18.509224,0.92323494
18.447533,0.8127098
18.210587,
17.005915,0.8774719
18.085976,0.83987236
19.248175,1.0536022
17.25346,0.76210785
17.732296,0.78456306
14.783046,1.1111765
18.479685,0.7910614
18.632502,0.8718262
14.543527,1.1178102
14.189779,1.1407557
15.386439,1.0350246
16.803768,0.88848877
17.310547,0.75675774
17.587317,0.7605896
13.798708,1.0149212
17.749786,0.87752914
18.423595,
17.92853,0.77545166
17.040087,0.85362244
16.583853,1.0093193
13.7032175,1.0639467
18.127697,
13.904539,1.0119572
16.65798,0.9876385
17.82106,0.7882786
17.333683,0.79683304
17.551184,
18.546417,0.79338837
17.887245,0.9462509
16.994057,0.8722534
19.649,
18.791664,0.8263912
19.184858,
19.3151,0.5553875
13.888283,1.0778284
17.98151,0.8493576
17.535906,0.7444229
18.145674,0.76519203
18.522593,0.84747314
18.360487,0.80361176
18.37345,0.99502945
18.68893,
19.064732,0.9449444
18.064983,0.78414345
14.713164,1.1076021
18.43112,
18.252892,0.80877686
17.840109,0.7665024
19.363615,1.04986
18.495476,0.62381935
17.625757,0.79520226
18.934269,
17.986853,0.7661381
18.15019,0.74261093
18.915049,1.0311794
18.565575,0.8799362
19.13915,0.9459686
18.026535,0.78528976
17.98857,0.7392616
17.83957,0.75314903
19.799463,
18.735775,0.92486954
17.060263,0.8460922
18.410868,0.8119564
18.34974,0.8372688
19.173378,0.92754555
18.758915,0.80864334
18.831202,1.1956863
19.452581,1.189743
16.36093,1.0291986
17.736935,0.7860718
18.742859,0.8571911
17.175062,0.8242874
13.888659,1.0520401
18.10515,
13.881033,1.0108709
16.984512,0.90397453
18.010378,0.79294205
17.81222,0.80867195
13.885581,1.0163298
19.087988,0.91368675
19.160578,0.8752022
18.654497,0.7781868
17.363684,0.7715244
19.539654,1.149517
19.174223,0.86984825
18.980185,0.96565247
18.209288,0.9216213
15.343919,1.0983238
18.990953,0.93940926
17.06299,0.81795883
18.96983,0.98007584
14.699456,1.1279974
17.787006,0.7796154
19.250614,
18.4622,
18.689045,
18.181576,
17.950148,0.8510704
19.04881,1.0039215
17.381691,0.7474041
17.694847,0.76140976
19.33109,
18.409563,0.82092094
17.917198,0.7782841
17.91785,0.9240494
17.2054,0.83327293
18.09558,0.7885666
17.21455,0.81134224
18.179861,0.86224556
19.12178,0.9776535
19.070057,1.13801
19.71782,
17.737415,0.80796623
17.3128,0.7916527
19.216934,0.9815159
14.307515,1.1443462
18.537025,0.8910122
18.622677,0.78533745
17.420004,0.66386795
17.941338,0.76335335
18.548956,0.81975746
18.82074,1.0427055
18.161514,0.72148895
18.02204,0.7187233
17.178648,0.78362274
19.487793,1.1492844
19.805069,1.0560989
18.313202,0.8184986
17.738815,0.75821877
18.064833,0.82977676
15.721935,1.0548191
18.003618,
19.733616,1.1033573
17.29535,0.7821789
17.99246,0.79437447
17.947945,0.75019264
19.406431,1.1369095
18.75313,0.9108429
19.623037,1.0762997
19.598806,1.092268
17.444538,0.7445183
17.444881,0.7874813
19.567717,1.0027275
18.50768,0.8133583
18.25832,0.7924881
19.81692,1.2483063
18.641224,0.9620552
17.955412,0.8060112
16.994608,0.8989773
19.435678,0.86787033
18.905485,
18.78089,
18.07116,0.79470253
18.421473,0.9086437
15.505989,1.0794401
18.350819,0.9083767
17.425463,0.7444725
17.198515,0.7804775
19.240456,
17.90986,0.8002033
17.85944,0.7712593
18.142168,0.7616253
17.73167,0.7752571
19.968912,
19.639845,1.1799259
18.750559,0.9067879
19.851973,
18.097015,0.8474426
18.326967,0.8461437
15.864441,1.0355377
18.133917,0.8049259
19.611916,0.84461784
18.187239,
19.505745,1.1182156
18.051811,0.78274345
14.299637,1.1463375
17.091904,0.90189934
18.391829,0.97423935
18.369974,0.835865
17.507109,0.7845993
16.89508,0.972723
18.714025,0.97613144
12.792196,1.3631916
16.640423,1.0243721
19.329855,0.969368
17.413475,0.8006592
16.87154,0.99368286
17.948385,0.7857456
18.518717,
17.650488,0.80758095
17.665627,0.79520035
15.797022,1.0655003
18.113659,0.79680634
18.2477,0.81521034
17.785273,0.8365803
17.093176,0.83753204
19.347479,1.316534
19.547417,1.2172794
18.233734,
12.084148,1.4720249
17.296312,0.760252
18.329407,0.8251648
18.825132,0.9109478
17.775457,0.79130745
18.949497,
19.33596,
17.668161,0.80851936
17.593575,0.75175476
18.89969,1.1033554
17.671864,0.7568455
18.686256,0.88796043
19.560938,1.0785084
19.521881,1.070118
18.320503,0.81461716
17.634663,0.78238106
17.915783,0.78089714
17.99749,0.8138714
16.931921,0.8106251
19.202076,0.9901428
19.135305,0.88968086
16.384155,1.0393314
18.414442,0.8695183
19.39925,1.0531864
18.794594,0.85381126
17.526718,1.2472591
10.96255,2.3675098
19.488485,1.2685909
19.372677,0.93870354
18.407246,0.8082695
18.813084,
17.127384,0.8591156
18.042543,0.8034649
18.353788,0.8399887
17.781458,0.7477226
15.879092,1.0404577
18.399286,0.8329277
18.319197,0.8527489
19.931953,
17.331644,0.7747536
18.603872,0.9271927
17.659063,0.77386856
18.775606,
15.666959,1.0613089
18.64294,0.8731556
18.282341,0.8261814
17.37667,0.7905483
19.269629,0.95212364
16.983725,0.910717
19.618326,1.1752644
19.053007,0.9521942
19.013056,
19.512182,1.1170006
17.721315,0.7480984
16.315859,1.0347118
19.298067,1.115303
18.435787,0.8582611
16.36803,1.0452852
17.02832,0.9055729
18.141352,0.78489876
17.876308,0.8027706
18.467007,0.8147011
17.3999,0.77640915
19.528484,1.0652828
19.467346,1.1076088
19.901148,1.1959133
16.463243,1.0366106
17.563738,0.8136864
17.198387,0.7927933
19.39848,0.95596313
18.6549,0.88739777
13.896749,1.0364103
18.452707,0.9041157
18.320747,0.86299515
18.80303,0.90403557
13.463596,1.2580805
17.183804,0.8267994
17.769407,0.8010025
19.448772,
17.503935,0.7995491
18.514744,0.88617325
18.619339,0.879549
19.046795,0.95599556
17.67732,0.7935295
17.557083,0.7743397
19.45288,
18.047134,0.7477455
18.734108,0.8872204
19.820097,1.047966
17.371761,0.7710762
16.576633,1.0184708
19.317009,0.9399891
16.789392,0.710598
18.800066,0.9098911
19.993742,1.3523502
18.803596,1.0483761
17.847294,0.7756252
17.376823,0.7834015
17.269567,0.794096
17.733343,0.7899513
14.505865,1.1315145
18.049755,0.8307972
16.732985,0.90875244
16.748278,1.0117741
16.409103,0.6327648
18.664581,0.89949036
17.463842,0.79371834
19.28557,0.93247986
19.371311,0.85809135
17.179287,0.8039093
18.485703,0.78464127
18.93865,0.9226532
17.147976,0.78891945
18.003881,0.77728844
17.978657,0.9126568
18.576048,0.88651276
16.91403,0.9764137
18.404432,0.8064289
17.301859,0.77675056
16.98726,0.8798485
17.969704,0.7938671
16.690681,1.0067482
18.722218,0.90834045
18.424366,0.8662338
14.523129,1.1627913
18.558426,0.85289764
18.247581,0.8361912
18.563005,0.8231945
15.73126,1.0738544
17.575655,0.7793522
19.655031,1.117302
14.554312,1.119297
18.01762,0.7951317
18.070665,0.7902298
19.15904,0.8993759
19.175798,0.9401989
18.334526,0.81409645
17.223845,0.79769707
19.54337,
18.022276,0.8255329
17.249886,0.7893467
18.116537,0.8255749
19.745197,1.0983543
19.414333,1.0577831
18.873585,0.92495346
18.257807,1.1722908
18.67788,0.96328926
15.839663,1.0226812
17.648233,0.7766781
17.507286,0.78105545
18.170668,0.8166714
18.797548,0.9616699
17.02014,0.909523
18.670444,0.8995266
18.943558,0.9289074
18.333448,0.8593998
19.366842,1.0222435
18.182606,0.7943287
18.168581,0.81697655
18.518337,0.8666935
17.597042,0.7691765
18.463993,0.83690643
18.596416,0.87233925
18.466703,0.77705956
19.062551,
19.48842,1.0477848
14.207855,1.1751909
19.319286,1.013876
17.409536,0.77521896
14.346233,1.155653
17.7495,0.79696083
19.35374,1.1578522
18.509102,0.7995186
18.93017,0.9353962
17.628155,0.76208687
19.458454,1.1961193
18.828224,0.9054661
17.053381,0.8488407
16.519346,1.0119133
18.347769,0.7929344
17.357315,0.76574516
17.019125,0.8937454
17.078068,0.819664
18.357904,0.8207512
19.220045,1.0461102
17.660892,0.7565346
16.16369,1.0414972
17.694714,0.75919914
19.199865,0.89956665
18.52968,0.85775375
19.277899,1.0276146
18.649178,0.87921333
17.438002,0.74176216
19.271578,0.94088745
18.977951,0.89091873
17.724743,0.7710972
17.221052,0.74653053
14.183233,1.1620035
17.480968,0.7756157
19.665308,1.1478024
19.080965,0.9261894
18.171738,0.8000469
17.870754,0.75723267
19.075317,0.95035934
17.600826,0.7965927
18.605991,0.8474159
18.667564,0.91827774
19.813398,1.2881317
18.476833,0.8534851
18.676453,
18.306786,
18.698784,0.86421204
16.754124,1.0046635
17.812056,0.7830372
17.765457,0.82881165
16.980448,0.8675537
18.859755,0.9469948
17.631718,0.7715206
13.84789,1.0764322
19.851412,1.1393566
19.413671,1.0768929
14.071686,1.2082729
19.422756,1.0371132
18.974823,0.9430847
18.993258,0.97686005
18.996819,0.87672234
17.924059,0.77415466
17.847721,0.774313
18.436953,0.81830406
17.914597,0.7719364
15.99845,1.0603104
19.434006,1.0628052
17.114752,0.8068657
19.022757,0.9852619
19.420824,0.89694977
18.371027,0.8544483
19.936703,1.2112923
17.423355,0.7573929
17.616053,0.7700596
14.474632,1.1489773
19.103058,0.9305916
17.205858,0.807991
16.975763,0.68019295
18.004944,0.8781414
18.836235,0.46485138
14.51867,1.1028147
17.085531,0.79907036
17.942219,
17.94779,
18.41596,
18.759956,
14.997402,1.0905809
17.108253,0.8584938
17.82657,0.6541424
17.984716,0.3505745
17.910349,0.7506676
17.539997,
17.560057,0.8348255
12.691486,1.3809996
17.231174,0.79354477
16.980251,0.89032555
18.717901,0.9600086
17.86521,0.7986584
18.618975,0.8957443
18.737013,
18.812876,0.93343925
19.94263,
16.399994,0.9847355
17.649948,0.79354286
17.960648,
18.484386,0.87068367
17.741848,0.79860115
17.881338,0.7944069
18.328804,0.8814144
17.0699,0.8182602
18.362354,0.851984
13.853802,0.997447
17.477016,0.8687515
17.968544,0.8084564
16.550753,1.2598324
18.374762,0.92248154
18.385927,
19.007835,1.0504341
18.608261,0.8259411
19.255594,0.8978157
17.700073,0.80884933
17.537678,0.79237556
14.8804035,1.1323843
18.762964,0.9946041
18.64718,
17.380974,0.7795086
18.966976,0.9246044
13.0515585,1.3248177
18.259666,0.6087303
18.058804,
18.287987,
17.093739,1.05023
17.0916,0.8537617
13.106209,1.3111963
17.034502,0.83099174
17.849516,
17.691992,
13.57753,
13.10418,1.3450155
15.203952,1.0121231
14.762419,
13.763831,1.0025911
18.528435,
13.517292,1.1702166
12.382963,1.4730988
16.300734,0.9666939
17.180391,0.86333084
17.864103,
19.433586,
19.056564,
18.269852,0.7843685
14.27867,1.1593218
13.892301,1.0559521
17.566994,0.8176365
18.386663,0.8811264
17.689533,0.8538513
19.459415,
18.2952,0.78629684
19.221746,
17.677565,0.8064747
19.20523,1.4623699
17.946905,0.6948681
18.657349,
16.495508,1.0289469
15.888102,1.0082417
18.08423,0.705246
18.103912,0.80135536
18.305655,
17.247517,0.7358799
17.540686,
17.95411,0.77188873
18.690912,0.7806816
13.432571,1.2915926
13.849799,1.0646124
17.589424,0.76192474
19.018454,
17.565014,0.78012276
17.418667,0.7741642
16.980143,0.99028397
16.198383,1.028266
16.507704,1.0076475
17.903841,0.8121567
18.834028,0.9954853
19.55411,1.0685997
17.363062,0.781868
16.442371,0.56651974
19.719015,1.1129551
19.286121,
17.774858,0.78146935
18.512629,0.87366104
18.608765,0.7798729
19.252426,0.93741226
18.51986,0.86655617
19.642351,1.1458893
18.967623,0.92642593
18.56195,0.9327469
19.957514,1.1677933
13.869062,1.0506201
16.534653,1.0228624
19.835161,0.9975891
17.451393,0.76213455
18.517708,0.88175964
17.645649,0.7881069
17.001215,0.9208298
18.90941,0.9415436
18.241524,0.8122177
19.562399,
18.063698,0.8095188
18.564217,0.811573
16.952717,0.9540062
18.329832,0.9001274
18.880117,0.8820286
19.05479,0.83325577
14.92075,1.1253424
18.643879,
18.564125,0.8774338
17.65484,0.8246498
18.843727,0.8831043
17.620523,0.78038025
18.47764,0.81591797
18.95615,0.9054909
17.212824,0.7764206
19.209202,0.9788437
19.56337,1.0485268
18.976728,0.96001625
17.143963,0.8006077
15.491148,1.0855474
17.554094,0.77591324
19.527313,1.0820427
18.396841,0.8651142
19.46107,1.0356503
17.895908,0.7597599
17.122879,0.8174858
19.245422,1.0299187
13.851089,0.96324635
17.03854,
16.943722,0.97216606
17.759676,0.82196045
17.605856,0.77750397
16.924088,0.96842957
19.19024,
18.84981,0.85035324
18.797302,0.8729267
18.960098,0.94353676
17.71172,0.81531525
17.01291,0.9438
17.81178,0.7902603
18.899548,0.9082508
19.626255,
19.418486,1.0023994
18.736734,0.86369705
19.038132,0.91404533
16.910313,0.99555206
17.616175,0.7971153
17.396093,0.77690315
14.324105,1.1826744
17.69601,0.8083
17.30103,0.7897835
17.621754,
17.310978,0.7515087
14.233428,1.1758099
17.039595,0.8497715
15.779724,1.0512753
18.307621,0.82533073
18.106646,0.79092026
18.193724,0.8110981
18.44963,0.8223076
18.984327,0.95718956
16.914793,0.96515656
16.965054,0.967556
17.851717,0.7618408
13.680083,1.0470476
13.6759205,0.99523354
19.607525,
19.273706,
17.724358,0.8159542
16.188168,1.0502491
17.241652,0.82619286
17.518589,0.5925751
17.989801,0.7426739
13.883618,1.0192194
17.027859,0.8562527
18.662159,
19.11869,1.012558
19.345652,1.0883579
19.45591,1.0704308
18.336164,0.81572723
17.997744,0.7967682
17.305586,0.7596073
17.963484,0.8517399
18.55832,0.92596054
18.44311,0.80657387
19.04297,
18.091711,1.1167774
14.485872,1.1284609
17.083158,0.81505966
17.788776,0.7308254
16.915623,0.9137554
17.150717,0.7959213
17.47028,0.747818
18.225695,1.0779438
18.40133,
17.421007,0.6144743
18.11877,0.81980705
17.765312,0.6543312
16.039705,0.98602676
13.493374,1.0229836
12.93492,1.3055162
13.844383,1.0159874
17.167288,
17.910227,
16.971645,0.9127331
17.554197,0.74056625
17.304232,0.7969475
17.942114,0.77152634
17.582577,0.85440063
13.893078,1.0439177
13.642409,1.0593042
12.788868,1.2447128
16.503904,0.9834547
17.171406,0.6453228
13.828715,1.042306
13.806513,0.97999954
16.982014,
14.215276,1.0004654
13.3223915,1.1054716
14.354459,1.1107874
17.363012,0.78946304
18.339233,0.83089256
17.503305,
19.79369,1.040142
18.472883,0.8263321
18.624943,0.9043293
17.850704,0.75113297
17.298279,
17.958797,
17.470192,0.81482506
17.411266,0.7397213
17.425152,
11.159056,2.0655127
15.759573,1.0421801
16.880947,0.99902344
17.578785,0.7769966
15.445873,1.0937109
17.758175,0.75660896
17.417747,0.8099823
17.713263,0.8487606
18.51857,0.8911915
17.032846,0.91983986
18.710651,0.98703575
18.258467,0.82850647
17.839691,0.8872242
17.722198,0.78061295
17.284575,0.7517948
17.669268,0.80592537
18.761177,0.8393612
17.784258,0.7481308
18.334005,
17.405428,0.7631531
17.676304,0.7101555
14.91433,1.0863447
13.823553,1.0494137
17.129238,0.8129139
17.159523,0.81108665
12.888059,1.2206211
17.262945,0.86242294
17.374907,0.8418884
17.799997,0.86860657
15.67852,1.7383499
13.582616,1.1013212
10.991105,2.132187
12.833112,1.2263384
18.225264,0.90641975
16.125093,0.57053757
17.479858,0.8427639
13.879958,0.9980831
18.795681,
13.872218,1.0241098
13.887535,1.0326519
18.046932,
16.950375,0.7806072
17.92475,0.6890049
16.995373,0.8160181
17.184742,1.107543
13.526903,1.2121544
13.835256,0.99867916
12.099328,1.3265734
11.982439,1.5447798
10.909349,2.6273499
14.266659,
17.875204,
13.848919,0.99528027
17.92231,0.9156246
12.809714,1.2356911
16.458527,0.94302464
14.346834,1.1462975
14.297359,1.137538
15.812515,1.0481157
14.297342,1.1737576
16.376541,0.9762907
13.823442,1.0434351
14.269364,1.1520662
13.859956,1.0511341
17.27329,0.75750923
17.010439,1.0975494
18.474503,
16.903778,0.9819927
19.091333,
17.213932,0.78196335
17.588282,0.7970314
19.21267,0.9935036
19.977829,0.7106304
16.334845,0.88919353
18.647732,0.8298168
18.134298,0.85286903
18.890316,
16.144434,1.0366011
16.94289,0.9203987
18.123178,
17.9934,
17.08779,0.8468685
19.15414,1.0580025
18.190111,0.6038666
18.470215,1.1327019
17.186094,0.61447906
18.042805,0.7316952
18.663717,0.84368896
18.19876,0.7435379
19.056736,1.0211887
18.767946,0.9378872
17.184595,0.86761284
14.657003,1.0551844
13.860522,1.0329084
17.577188,0.7677021
17.65751,
18.100134,
13.855734,1.0055141
17.046043,0.8527355
17.14649,0.7529278
17.162338,0.84412
13.594194,1.2384834
18.722052,
18.486193,0.87514305
16.572256,1.0358267
15.046664,1.0929909
13.818555,1.0348568
15.874711,1.0313406
15.578651,1.0550957
16.081469,1.0177307
17.63722,0.7859764
18.547504,
17.272394,0.8128357
18.708374,0.44366455
16.50335,0.9921789
18.20434,0.6117573
16.271132,1.01791
14.291086,1.1690235
19.830841,1.0882187
18.39919,0.8560505
19.519274,1.0564919
19.11534,0.9821739
19.703852,1.1456757
17.63252,0.7707348
14.263302,1.1672792
18.810812,0.9062214
17.860336,0.74718285
19.301521,0.8501072
17.800138,0.7876587
17.044277,0.88913155
19.439692,1.0590801
18.717798,1.0000076
19.053171,0.98104477
18.022854,0.79709816
19.016092,0.9755783
15.840814,1.0765848
18.427332,0.85002327
18.924044,0.99749565
17.65692,0.7658119
17.429644,0.7809696
17.377016,0.76382065
15.418629,1.0679283
16.094969,1.0424023
17.97392,0.7591152
18.569101,0.86655045
17.875713,0.7707863
18.798904,0.9168148
17.142054,0.80049324
18.969894,0.9665203
17.180899,0.781929
19.168457,0.95490456
19.826227,1.2818394
18.07901,0.7882252
17.576246,0.7696419
18.576284,0.8428612
17.923939,0.7590008
19.131477,0.91308403
17.09512,0.8220444
18.884464,0.93237686
17.949099,0.8235302
17.942661,0.75816345
13.789785,1.0218477
17.143446,0.84991074
17.46579,0.7589092
15.92528,0.55019283
18.667736,0.907547
15.349668,1.079545
17.133364,0.83063126
18.179466,0.7790222
18.656603,1.0464916
15.795442,1.0530491
17.661707,
13.645527,1.1355724
17.514778,
17.716755,0.8689995
18.028576,
17.499784,0.78964424
17.28586,0.7842121
18.225761,
17.361185,0.808239
11.766069,1.6083527
17.387175,0.8067322
16.340742,1.0357265
18.914112,
17.481611,0.7925701
18.4522,
18.230503,0.75296783
18.843407,0.93193054
17.077787,0.8878403
19.894335,
18.448505,1.0082092
19.669102,
18.702328,0.9101181
19.501385,1.2073727
17.50928,0.8104744
18.298363,0.66238403
17.71235,0.84739685
16.447376,1.0224457
17.048538,0.8463993
17.185675,0.7925415
13.847283,1.2013292
17.660429,0.75889015
17.304415,0.7796726
16.444433,1.005765
17.579004,0.83597946
15.204777,1.0709362
18.262758,0.70476913
15.173582,1.0863466
13.619593,1.0772762
18.686829,
16.872955,0.9962692
18.020977,0.800333
17.988218,0.8035641
15.769579,1.0418863
17.03319,0.828043
17.831701,0.74375725
19.49058,1.2094517
16.965986,0.8806782
17.015705,0.8317032
17.993813,0.82621956
17.968075,
18.915783,0.9545555
15.896821,1.047945
19.058336,
17.274975,0.78657913
16.83936,0.9850178
17.168953,0.8050041
19.678226,
13.791449,1.0413179
17.599445,0.81469345
18.254753,
17.894861,0.6971512
18.865656,0.98098373
18.397573,
18.728977,
17.32808,0.7996807
18.796446,1.0000095
16.828691,0.95790005
17.362265,0.7729149
16.708212,1.0020924
13.632014,1.2417879
17.828278,0.71946716
19.059446,1.3475342
17.832865,0.8665447
19.038134,0.17488098
17.355354,0.7718239
17.933258,0.73771095
18.437487,0.9084587
17.837282,0.81354904
16.983654,
19.839314,0.60873985
18.380272,
18.689692,0.9209919
17.213999,0.8061943
17.135803,0.8050442
18.071388,0.9224129
17.481405,0.7707577
16.555084,0.9712229
13.603026,1.0075331
17.106224,0.79966927
17.081678,0.86247635
12.897396,1.3038263
13.8208475,0.9837971
13.13897,1.3471031
17.922709,0.9004135
17.062452,0.8439636
17.912062,0.66041756
17.553755,
18.490408,
12.087573,1.5374184
17.820955,
17.54309,
14.428442,1.1306028
15.392167,1.0616732
16.998964,
15.5237465,1.0267134
17.724426,
12.936714,1.3285885
18.585596,
18.8189,
17.098335,0.82248497
17.94077,
18.286825,0.82626915
17.244455,0.77971077
18.278038,0.8233681
17.411325,0.78194237
18.954027,1.0212097
17.835794,0.84461975
17.739042,0.75348663
18.267649,0.75323105
18.474672,0.9469509
17.04836,0.8592415
19.605846,1.448143
13.875671,0.9981718
17.608896,0.7574177
17.366007,0.7938919
17.431463,0.7426052
13.879185,1.049696
18.104446,0.87909126
18.388887,0.90330696
18.620224,0.885952
14.695116,1.1496239
13.165212,1.3059664
17.058832,0.83377457
14.280864,1.1728678
17.333233,0.77054596
18.197042,0.83249474
18.683334,
16.549818,0.98464394
16.02,1.0311699
17.613739,0.7553482
17.84243,0.7898197
18.018917,0.97371864
19.868956,1.1475964
19.226906,1.077591
16.301773,1.0407724
17.284811,0.7880745
17.61505,0.77119064
19.08719,0.934536
18.688105,0.94433403
16.44277,1.0247736
14.377265,1.1484375
17.747478,0.7851677
18.59687,0.8393326
17.045017,0.8275604
19.433992,
18.030514,0.8245735
17.426563,0.6936569
18.32515,0.81051254
18.736269,
19.080408,0.96251106
17.888254,0.7514515
18.171476,0.80278206
17.83341,0.7628765
18.19735,0.8182564
18.57546,
17.547258,0.764431
18.024483,0.81515884
18.74071,0.9791393
18.018812,0.8347397
18.063816,0.81542015
19.091637,1.0371838
17.911484,0.8001785
17.59018,
16.674547,1.0132217
18.141792,0.7806511
18.314665,0.7974262
14.168933,1.1654911
13.849287,1.0468674
17.530382,0.7874222
19.7289,1.103796
19.253254,
17.910444,0.762825
14.302783,1.1845808
18.891691,0.98526
19.484104,1.028965
18.228884,0.822464
17.178127,0.79296875
18.805132,0.8650665
18.697054,0.920372
18.288145,0.82556343
18.91233,0.97247696
19.436413,1.0663795
18.00202,0.7743645
18.841305,0.9068012
18.479269,0.8300991
18.206367,0.85520554
19.74363,1.1475182
16.665257,0.78012085
17.240885,0.77389336
18.276247,0.90423393
17.735605,0.7821655
12.095547,1.4328499
18.727215,0.84095
17.695568,0.8121414
17.95768,0.7824936
19.469584,1.1126747
14.94571,1.094677
17.139853,0.80389404
18.22356,0.8305168
19.878225,1.1727924
18.367683,0.86948013
18.657095,0.94633293
19.309849,0.9300842
19.300266,0.9618263
18.520224,0.8729744
18.57775,0.8390064
15.830712,1.0598221
19.619427,1.0810204
18.647518,0.9232769
16.069832,1.0407896
18.082993,0.7839508
17.431923,0.80010605
16.96894,0.916481
17.263306,
17.728699,0.76122093
18.96665,1.0470066
17.323175,0.9333992
17.22681,0.7746372
17.589525,0.7864094
18.271273,0.82546234
19.996574,0.9795399
17.054392,0.8895645
19.410486,0.9390106
15.673877,1.0625563
18.560072,0.9032936
11.75675,1.6166105
18.014376,0.7714348
15.339214,1.0841522
17.003647,0.8877716
17.014795,0.88492966
18.101318,0.7411957
18.943575,1.0189457
18.361906,0.9704151
19.420961,0.24419022
17.750475,0.70061874
18.550642,0.9347019
13.909012,1.2011452
19.986681,
18.31983,0.80433655
13.847819,0.9800472
17.503387,0.7500782
17.014692,0.83875275
18.166569,0.69996643
16.951275,0.95781136
18.233507,
17.076408,0.7830219
17.25255,0.76657677
16.497276,1.0113478
17.952057,
12.556115,1.4243307
10.99467,2.9105902
11.252959,1.8855848
17.775793,0.74324036
18.440233,0.8882637
17.391357,
14.08366,1.1649847
13.802053,1.0336437
13.86576,1.0557623
16.45032,0.91305447
17.51246,0.78401566
18.70031,
16.983517,0.8748255
13.51748,1.2448864
15.944631,1.0313578
11.133119,1.8785915
18.175453,0.79252434
17.169147,0.80093956
19.202614,
18.818089,0.8409958
18.731709,1.4477692
19.113342,
18.646519,1.1895351
17.175835,0.8050957
18.091927,0.7729435
18.807203,0.7891884
19.235502,1.0340977
17.492447,
19.783875,1.5118198
18.304539,0.9161682
17.817928,0.8149605
17.308996,0.79227257
17.051609,0.82107544
18.366354,0.84308815
18.413134,0.57522774
18.066395,0.7552357
17.269304,0.77716637
16.620955,0.91546726
17.672745,0.7269726
17.603575,0.74162674
18.957378,
18.207005,0.75058365
14.084164,1.191946
18.002207,0.8757038
13.774755,0.9960842
17.106365,0.81661224
17.192726,
18.370127,0.8176956
16.0683,1.0013618
18.600672,0.84731865
17.118706,0.8094063
17.36234,0.75387
18.40443,
17.741404,0.879467
14.23409,1.1497278
15.108992,1.0551872
17.44027,
14.25884,1.1127539
17.711037,0.73978424
18.212622,0.79779434
18.103281,
18.34671,0.7477684
16.591011,0.9499121
13.87456,1.0144348
18.100075,0.7743759
18.137709,
17.623367,0.78386116
17.12292,0.8076582
14.45129,1.130312
16.129679,1.015871
16.911003,0.9057617
17.46747,0.82554054
12.496862,1.2039852
13.797641,1.0422297
14.187055,1.0073957
13.808974,1.0390987
11.86577,1.5300617
14.809964,1.0964212
17.391905,0.31899452
17.229086,0.876256
11.845468,1.4345064
13.1249,1.2893972
14.211909,1.0937204
14.045968,1.1087227
13.942034,1.1456509
13.890426,1.1662912
17.243874,0.79109
12.87963,1.2889223
14.272673,1.1506577
17.094137,0.8391781
12.897994,1.3702421
17.43837,0.9709358
13.899333,1.0396442
18.292461,0.7174492
17.770529,0.737463
17.552248,
17.935835,0.68670845
13.750978,1.0018988
18.979967,1.0225029
17.387657,0.7886028
17.914904,
17.838755,0.80443954
18.036915,0.8261719
13.579004,1.2381744
19.458033,1.2061214
19.608643,1.0888443
18.149132,0.80781937
16.460962,1.0073767
16.881268,0.96515656
17.040152,0.8417511
17.572813,0.77339935
19.575447,1.0579128
18.091702,0.7559223
15.944209,1.007698
18.777365,0.7762661
17.633362,0.75333214
19.550606,1.0065155
17.562653,0.8067322
16.984995,0.946434
18.623331,0.81198883
18.393812,0.88438416
18.185698,0.8126621
17.034458,0.8636322
17.6924,
18.321827,0.7405071
17.272482,0.79585457
16.107939,1.1055613
17.392752,0.7588558
17.339466,0.89258385
17.890585,0.87459373
18.636765,0.66929626
15.130976,1.1007872
17.322308,0.8079891
12.002277,1.5446014
17.19183,0.8071728
17.42179,0.85852623
18.514757,0.86402893
18.093473,0.7811489
17.808128,0.8801899
17.597002,0.9902439
17.765615,0.78869057
18.972424,
15.204394,
17.188375,0.800581
18.60115,0.83117867
18.534624,0.86569405
17.862066,0.844862
19.109655,
18.296246,
17.19101,0.7810736
17.268286,0.7614651
13.468186,1.2563848
18.033203,0.80435944
15.672084,1.0345917
17.188831,0.8163128
17.354624,0.77872276
19.120686,
17.840439,0.78479767
19.32883,1.3205585
17.490356,0.8004055
17.029484,0.8795128
17.433687,0.7419319
17.887678,0.8296871
18.281729,0.8426342
19.337229,1.1231251
17.760698,0.96634674
18.264145,0.9444866
15.843392,1.0480175
17.83585,0.6073761
18.239683,
18.53419,0.90535927
13.807641,0.99325466
19.708487,0.6843529
18.209185,0.90942764
11.8095,1.6070833
19.042892,1.2481232
17.364183,0.81414604
17.050901,0.7962856
17.319637,0.77235794
18.716284,
17.38635,0.8078823
18.271889,
17.940775,0.86029816
17.153948,0.85386467
17.564991,0.79263115
17.392776,0.8339195
19.249199,0.97870827
17.493647,0.79974556
17.021944,0.87267876
18.598242,0.97761345
17.354061,0.77000237
17.49,0.81612015
14.272829,1.1549339
17.29118,0.783844
17.254383,0.76830864
17.378994,0.8300972
18.364847,0.74559593
17.898546,0.72374344
18.424456,0.40963173
17.628256,0.785944
17.37588,0.79142
18.050795,
19.151667,
18.282677,0.6811619
18.39207,0.7640476
17.73328,0.7652569
15.945688,1.0532312
17.414251,
18.133244,0.82995415
18.38591,0.8164139
18.792252,0.90384483
17.452755,0.76934814
18.574797,0.8355274
19.271502,
13.861373,1.0236645
15.771106,1.0349789
13.8677435,0.9885788
17.82944,0.7763424
16.693056,0.95712185
17.429653,0.84049225
17.584227,0.9092541
18.010025,
17.785057,
17.2146,0.806633
18.111605,
17.963316,
14.633125,1.0978022
13.768127,1.0050917
17.531504,0.7839966
17.829018,0.9995079
17.462233,0.7401962
17.021748,0.8524895
16.354513,0.6137953
17.995705,0.8540592
12.8613825,1.2381725
15.149571,1.0369158
13.780066,1.1690989
17.329441,0.8051529
13.652613,1.2252722
16.576855,0.72542095
13.825349,1.0156765
14.340414,1.136878
17.078484,0.85460377
17.609856,
18.929441,
18.283024,0.85759735
19.08673,1.1670532
17.945303,0.916132
17.10563,0.83831406
18.38053,
19.588724,
17.908854,0.8435478
14.267357,1.1599646
17.29356,
19.415852,
17.924677,
18.750906,0.9134064
18.237959,0.8689804
18.95058,0.9957733
17.09727,0.8246002
13.834923,1.0029869
17.249474,0.8057289
17.148783,0.80948067
17.65172,0.6810589
18.290632,0.863451
19.034819,0.6442871
15.141204,1.0710287
17.779762,
16.35659,1.0402031
17.239326,0.79102135
13.847377,1.0000353
17.095905,0.827158
18.24674,
19.230536,
19.09931,
17.6343,0.7658367
14.532624,1.1461458
17.59587,0.803854
17.751642,0.7840309
18.43634,0.80622864
17.983122,0.81256866
17.793663,0.7952118
19.254389,0.9172096
19.548838,0.7926445
18.551119,0.8531418
17.856838,0.7940254
19.082132,1.0023651
18.725801,0.89756584
17.071756,0.84013367
17.127947,0.811327
18.148907,0.79831886
18.726553,0.8752861
18.075207,0.80649185
17.025774,0.8706684
17.28588,0.8113289
17.028603,0.83143044
18.143192,0.800827
13.851828,0.9210396
17.518072,0.7905617
19.301382,1.0461712
18.180958,0.7977371
17.618576,0.7696934
19.9118,1.2803116
12.872739,1.2449846
18.378021,0.8282738
17.620144,0.74197006
18.079546,0.7872734
18.41795,0.86531067
17.647074,0.77856445
19.737553,
18.205027,0.84797096
18.785978,0.84972763
18.818676,0.8788109
18.258274,
18.379333,0.8333607
17.188343,0.78889084
19.99211,1.2439804
19.98109,0.81562996
17.00679,0.89100647
18.215025,0.87768364
19.223475,1.054018
18.086823,0.7969074
19.418331,0.99671745
18.31126,0.78206825
17.734928,0.78359795
19.91509,1.088192
19.746397,1.1150913
19.11673,0.9373226
17.47004,0.7930603
17.040035,0.9103737
16.270086,1.0406933
17.521578,0.7690239
17.684366,0.74500847
16.061987,1.055048
19.772264,1.1276207
18.889832,0.9703369
17.06923,0.83615685
17.644972,0.7861519
18.764448,0.854269
19.431473,
17.648233,0.753294
18.9977,0.85479164
15.236996,1.0611868
13.872238,0.9919567
17.683498,0.7674408
17.729252,0.7962017
17.108007,0.8389015
18.51885,0.9001293
18.501566,0.8475647
17.74631,0.76203537
19.792292,1.0011806
17.565338,0.7591438
17.271292,0.77838326
17.858202,0.7787342
18.260612,0.8280735
18.301392,0.8152199
17.149817,
19.19246,1.124382
18.580727,0.88954735
19.138786,0.9908371
18.425758,0.8837414
16.297817,1.0303926
19.3559,0.899786
17.850504,0.78264046
18.967333,0.92347145
17.432028,0.77314377
18.971859,0.91296196
18.598295,0.8721447
17.978086,0.7957363
19.117489,0.99694824
18.592115,0.97434235
17.097683,0.8400879
17.269905,0.8328209
13.862117,1.0088987
18.38463,0.8239002
19.95765,0.8772316
17.565695,0.8056946
17.403618,0.77658653
17.026981,
19.461546,0.9792118
17.121529,0.808054
19.450806,0.9578686
17.126602,0.7859154
16.319529,1.0093002
16.527613,1.0141249
17.975618,0.76894
18.873295,
18.513487,0.85668945
17.503193,0.7327328
18.472725,0.8689556
17.916384,0.9536972
19.239714,
16.266018,1.0233917
17.65976,0.78630066
18.197952,0.83496094
18.692781,0.89069366
16.943975,0.9358845
18.449709,0.83298874
17.593067,0.6466408
17.65562,0.75559044
13.415101,1.2622204
17.125792,0.83290195
14.630708,1.1402884
17.74071,0.7734089
17.775064,0.6118126
15.482163,1.0105
17.858786,
13.593579,1.2486429
15.081608,1.0301704
15.224311,1.0622215
17.682594,0.7551136
17.711597,0.73843575
16.819359,0.9354849
13.7666645,0.99782467
18.261889,0.6782837
17.289904,0.70352745
14.552018,1.1553831
17.099121,0.81549263
16.19995,1.0222893
16.850454,0.9596691
17.06388,0.9722271
13.152132,1.2346487
13.762196,1.0486488
17.709526,0.8523159
17.67787,0.7877712
19.859783,1.187912
18.089474,0.7176933
18.258291,0.8206997
19.549582,
17.581644,0.7735138
19.074848,
17.266747,0.7624855
19.456383,
17.07438,0.7665386
18.358326,0.8138504
18.517414,
19.801693,1.5446701
19.113544,
16.982058,0.89917946
16.984983,0.88471794
18.6525,0.87814903
19.286974,1.0075035
18.765682,
13.574147,1.0918255
13.590398,1.2294044
19.419882,0.7419548
17.068804,0.8360081
18.458391,0.7910595
18.271841,0.8340683
19.789946,
17.282139,0.7474899
16.558802,1.0017366
17.736563,0.74443245
19.426914,1.2499771
18.025698,0.8038578
18.56178,
13.881392,1.0072689
18.2892,0.8565712
17.196135,0.78678894
17.188843,0.7904167
18.15461,
17.84819,0.82694435
17.207602,0.7827816
17.57863,0.79385376
17.078955,0.8362484
13.769692,1.0101242
13.780639,0.9924183
13.8529625,1.008543
16.051146,1.0140877
14.447831,1.1314354
16.684528,0.93699455
13.863521,1.1514435
11.074148,2.0675335
18.21573,0.7561703
18.000568,0.8242912
18.810017,
17.628094,0.8442497
17.425041,0.82352257
16.003147,0.649436
17.819708,
17.912987,
13.867963,0.97422695
17.053995,0.94823456
17.791172,0.78246117
16.847267,0.9582281
17.876328,
16.854889,0.9375229
17.545332,0.7784176
18.31975,0.7907257
16.975433,0.95199966
18.733047,0.9854641
19.376944,0.9708519
17.279627,0.76094246
19.938595,1.1906853
16.870935,0.9917507
18.02884,0.79489326
18.597258,0.85816
19.739523,1.2247486
17.211437,0.80703354
18.00379,0.809618
19.30595,1.0367508
17.336737,0.7758236
17.4055,0.769104
18.634817,
19.527481,1.0015411
18.973116,0.952898
17.581312,0.76504517
18.70078,0.825243
17.038767,0.8932171
19.544994,1.1123581
17.058125,0.8362198
17.907286,0.7900791
17.226002,0.77417374
18.488735,0.8515587
17.6276,0.7846813
18.62811,0.91065025
18.18167,0.8130741
15.772068,1.0655117
19.805426,1.2171631
18.254902,0.7927494
19.147766,1.0302811
14.751466,1.1185627
17.576485,0.7679386
16.839846,0.990427
18.485796,0.8739395
18.745222,0.86849594
19.731974,1.2558174
18.238527,0.81558037
19.840372,0.8621254
17.46194,0.764719
18.070515,0.8268051
17.766064,0.78899765
17.023214,0.91272926
18.23552,0.8228512
19.307796,1.0156784
19.960056,1.2925892
19.973036,1.0532837
19.383028,1.1174583
18.369463,0.82424927
19.853168,0.956089
19.190952,1.0074406
18.343416,0.74700546
15.543608,1.0487108
17.357235,0.7703171
17.807867,0.79162216
19.980438,1.1411362
17.615593,0.777195
17.697304,0.7717228
19.824747,1.2487888
19.101902,0.9392586
18.36753,0.82216644
18.613619,0.8976555
18.151161,0.8036041
18.350061,
18.152782,0.81624603
12.429701,1.4766092
17.138401,0.8209343
18.087357,0.78302765
16.373701,1.0591898
19.53664,1.0470772
17.45191,0.77737045
17.69673,0.7609348
18.215832,0.78790283
19.47928,1.0397606
18.374378,0.872879
17.292408,0.7689743
18.27542,0.7992897
18.17426,0.7936344
18.023672,0.81098366
18.452454,0.8338604
17.731201,0.78668785
15.871124,0.99149513
19.974913,1.072979
18.249681,0.7768059
16.144197,1.0395327
17.167229,0.8013916
17.625025,0.78708076
18.157206,0.84088707
16.07108,1.0462389
19.999847,1.1416283
17.193958,0.77796745
18.043413,0.8380928
17.812113,0.773365
17.852217,0.80633926
18.318247,
17.590885,0.77150345
16.729488,0.9942112
16.803436,0.97812843
17.179102,0.78538895
17.601082,0.76390076
17.124722,0.8020687
18.19608,0.80192375
17.524982,0.73233604
17.150663,0.7831402
19.022375,0.95409584
18.00821,0.8080387
17.66519,0.7694473
19.121449,0.9657192
17.564,0.7865143
19.987663,1.3990326
18.610209,0.859745
19.755968,1.3080997
17.868496,0.7675686
19.106339,0.92606926
18.70358,0.93971443
17.300627,0.7967987
18.315895,0.84671974
17.822182,0.7740803
19.512676,1.031208
16.658213,1.0273705
15.111446,1.120326
17.800625,0.78562355
18.14144,0.80348206
16.627575,1.0260162
19.286585,1.1364956
18.232037,0.8168011
18.07803,0.8120632
15.505596,1.0898399
19.774446,1.2770214
18.142588,0.8116207
18.439812,0.797287
17.054739,0.8518162
18.54737,0.8537388
19.216715,0.99249077
18.34743,0.92316246
17.549831,0.77877617
17.622139,0.77508545
17.259401,0.77733994
18.19785,0.813282
19.4257,1.0408115
17.932629,0.79343987
17.502604,0.772913
18.03884,0.83531
17.201464,0.77331734
16.39262,1.0373373
13.849094,1.206027
17.921965,0.7746887
18.618513,0.8513775
17.838217,0.77643204
19.040216,0.9734478
19.326258,0.97517776
18.961266,0.8410721
18.747507,0.9136715
19.043882,0.8900528
17.461615,0.8434334
17.748528,0.77658844
17.915411,0.8312721
17.71151,0.8073082
17.885801,0.819355
18.525305,0.82180214
13.015656,1.3222704
19.18359,0.99419594
19.406229,1.0145569
19.075548,0.9759617
18.674046,0.91708374
16.797802,0.9895592
18.075218,0.8414669
19.229038,1.1151333
18.17685,0.78791046
19.764063,
17.936714,0.8183422
17.476885,0.7657261
18.24989,0.85684395
17.65192,0.8612251
18.318312,0.80793
18.251701,0.8294811
18.48262,0.81785774
18.777704,0.8856888
18.319527,0.7858982
19.853651,1.0614586
17.882536,0.77786636
17.969086,0.78844833
19.434597,1.0759201
17.823988,0.7632828
18.660439,0.85757065
17.611729,0.76888657
17.802477,0.789835
17.716942,0.78088
19.405598,1.079359
17.688711,0.74853516
17.758762,0.79079056
19.459084,1.0834522
17.625513,0.8012142
18.68358,0.92935944
18.388958,0.9117756
19.628637,1.189745
17.26035,0.78219604
19.3964,0.9637642
18.156359,0.80919075
18.48357,0.8468189
18.120897,0.82452774
18.11684,0.8118
17.50161,
16.70113,1.0137672
16.929,0.676939
18.932766,
18.573072,0.9090481
15.704935,1.0731392
13.514561,1.1786776
12.6601095,1.3070946
11.179579,1.9450369
17.36486,0.740551
16.876709,0.71768475
14.90035,1.0981169
15.665948,1.0557623
18.08787,0.73060226
13.105539,1.3159742
18.299097,
14.225399,1.1524143
18.673807,
17.387535,0.7743988
18.24074,0.79351044
17.721779,0.8205738
19.698252,
17.322777,1.052618
18.09205,0.76919746
15.868224,0.99729156
17.667265,0.9118881
19.539795,1.0757217
18.216904,0.7232094
17.536833,0.8071041
17.794542,0.7541561
18.762392,0.92289734
19.06423,
17.893778,0.79239464
18.878983,0.9411411
12.551216,1.3533669
13.156004,1.3178234
18.37777,0.8684063
15.079388,1.0625439
16.938948,0.9210949
18.846537,
17.56088,0.73296356
15.452999,1.0369844
19.138634,1.0483398
16.892147,0.9831562
18.645624,0.97527695
17.106066,0.79818726
17.466324,0.7604904
12.353355,1.400404
16.14974,1.0007191
11.642854,1.6079273
16.96948,0.9214945
13.677627,1.1929226
17.622051,0.8015232
13.831906,1.2146387
15.220261,1.0442572
17.35533,0.7542305
17.802746,0.7527046
16.059908,1.0273151
16.655632,1.0413294
17.742645,
17.609539,0.87698936
17.128023,0.7709713
17.717663,
18.19636,0.8381672
11.657157,1.6528883
18.634521,
17.348454,0.7948265
17.685007,0.7603092
14.3808365,1.1495056
13.656583,1.0985603
17.819763,0.8162174
16.83694,1.0210838
18.61446,0.8083172
18.929695,0.7820549
18.085808,0.5433502
17.918533,0.721405
17.429909,0.7567177
17.358217,0.8076668
18.279137,0.7637787
18.738958,0.6753235
16.648636,1.0035572
18.168192,
19.257002,1.009737
19.050703,0.87750244
17.84728,
18.728489,0.822628
18.284733,
19.44009,
18.742775,0.89616203
12.317237,1.3663645
19.40785,1.058466
17.142998,0.90987015
17.28303,0.7828312
16.299292,0.54066753
18.391136,0.88804626
17.315094,0.76880264
18.935616,
18.878506,0.91653824
17.6105,0.73353004
19.329042,0.8850117
17.947039,0.75709534
19.822586,0.968956
17.27904,0.7730026
17.086382,0.83245087
17.92176,0.778862
19.440079,1.04706
16.555464,1.0092287
17.93543,0.77802086
17.236197,0.79382133
17.668737,0.7780323
18.388357,0.93203545
19.278566,0.95973015
19.70576,1.1280766
17.079374,0.85115814
19.18061,
17.7293,1.0159435
18.274452,0.8187771
18.617922,0.8490963
17.768387,0.76859474
15.642612,1.0545101
17.475737,0.7886486
18.005583,0.7870064
17.355066,0.5523796
18.903065,
17.324131,0.767828
18.073206,0.86463547
17.586311,0.7606487
17.2266,0.7796898
19.740374,1.0898495
18.926071,
18.359749,0.82883644
19.215286,1.0304298
18.523617,
18.699268,0.8758812
17.564318,0.79852295
17.739431,0.7912426
15.150857,1.1089296
18.49746,0.72916985
18.570711,0.8608494
17.777885,
17.069891,0.8408756
17.136366,
17.075834,0.8444977
18.18101,
17.753706,0.7260742
18.122297,0.55132294
17.0769,0.85082054
17.028332,0.94973373
17.29028,0.76260567
16.82875,1.0004845
18.551695,0.8326359
18.273252,1.1276665
17.304949,
18.322298,0.6999912
17.793335,0.8072891
17.24906,0.84998703
17.29403,0.77298546
15.395359,1.0938864
16.552895,0.99360657
18.81009,0.8135605
17.051662,0.8222828
17.000671,0.88684845
18.442265,0.7761898
14.955932,1.1213875
18.010033,0.72810936
17.92353,0.808527
16.909634,0.9097614
19.287603,1.1608677
16.270927,1.0120077
18.103346,0.8322773
19.473495,0.38993073
18.400593,0.8751278
19.440886,1.1216946
19.309046,0.9486084
19.5408,0.9604893
11.460454,1.763421
18.613684,0.76527977
17.844513,0.8026581
17.986362,0.84030724
14.314857,1.1690578
19.853563,1.0819607
17.410168,0.8001461
18.672682,0.83174515
18.146515,0.8331013
17.872185,0.7968254
16.990522,0.8886795
18.42546,0.913805
17.096626,0.8327122
17.519482,0.7413311
18.512127,0.86068153
18.937183,1.0127239
16.286505,1.0418148
18.77046,0.8524952
13.860418,1.0636902
18.800142,0.9122696
13.628247,1.0574903
17.130028,0.8067455
18.403135,
18.361433,
19.03521,
18.12021,0.83340263
18.789509,
19.194872,0.7940178
17.970356,0.783062
17.7156,0.7390995
17.966267,0.75702095
19.36437,1.3165455
17.580015,0.7733135
13.888765,1.2297411
17.580425,0.79114914
17.058681,0.85609436
18.032999,0.814703
19.320997,0.9471092
18.933674,0.87641525
19.317705,1.0918236
17.504168,0.74404526
17.394354,0.77108383
16.796719,0.98581505
18.442547,0.8244438
17.397686,0.7913799
17.848307,0.8541279
18.856316,0.9406891
18.575449,1.0124111
19.086021,1.0636883
19.122902,
18.171064,0.7984829
17.976507,
13.863909,1.001111
18.979595,
19.173035,0.8388157
15.72568,1.0562592
17.20351,0.82209206
18.088858,0.8104439
19.80787,1.2469673
17.49885,0.778759
17.626663,0.8047981
19.134146,0.8580589
17.917778,0.78676796
13.85406,0.95364285
17.879118,0.77876854
17.844503,
18.539776,0.86384773
18.544285,0.8009529
17.41546,
15.7226305,1.0453148
17.63233,0.7706547
18.080301,0.83613014
18.847994,0.8650017
17.349344,0.7815361
18.394636,0.82834625
19.070702,0.980978
18.596375,0.85707474
19.574928,1.1427402
16.758795,0.9865837
18.408117,0.8277302
18.644035,0.85401917
17.644857,0.77624893
19.695929,1.0523491
19.31918,1.6332016
16.162685,1.0501108
18.497482,0.82353973
17.772154,0.7724438
19.169638,1.1307774
19.08523,0.8545513
19.380224,1.0645065
18.246918,0.8017502
17.437565,0.7678051
18.984009,1.0436783
19.41938,1.0155277
18.386843,0.820055
17.3713,0.7534504
19.453142,
19.640411,
18.580324,0.8851547
18.342642,0.83639145
18.900606,0.8280277
19.904028,1.3774147
19.74139,1.1934109
19.205105,0.9830265
17.792208,0.790514
17.6598,0.78305054
17.702435,0.7887974
17.875214,0.8038635
18.767162,0.8784256
19.907803,
19.57091,1.1000862
18.516806,0.7906666
18.518652,0.796299
17.659521,0.75034714
16.081905,1.0621157
18.782726,1.0171928
18.551296,0.821682
18.428278,0.78076935
18.045324,0.828743
17.794752,0.77799416
19.154173,1.0452938
17.551891,0.7531872
18.638012,0.8676834
17.831764,0.7873726
19.74934,1.1927967
18.197863,0.8410225
17.515945,0.78536415
19.853712,1.1465092
18.86032,0.8724308
13.734847,1.0704985
18.936125,
17.13592,0.8095627
17.837326,0.7669811
18.00546,0.7740669
19.8226,1.0424538
17.945627,0.7658367
18.655434,0.7688713
19.202244,0.9117737
17.425943,0.76813316
18.05785,0.83821106
19.5021,1.0552921
17.75197,0.7766609
19.730017,1.0812225
18.548897,0.8016491
18.413157,0.85811615
19.288813,0.99796295
16.76502,1.0151405
19.557882,1.1603279
19.637486,1.1254025
17.52115,0.72636604
17.779203,0.78082657
18.071018,0.78224945
19.191008,1.0166378
17.000637,0.9094944
18.717463,0.8807831
19.679804,1.1440449
17.529202,0.7914486
18.893644,0.90654373
17.68324,0.7740803
13.872989,1.0616283
11.615254,1.66432
19.564297,0.99573135
18.312311,
18.676613,0.86852074
18.0595,0.79162216
17.02643,0.8709755
19.505032,1.1757088
18.833574,0.90680313
17.011892,0.8375797
19.72215,1.0655365
19.196928,0.9593582
16.983095,0.90885353
17.217123,0.8014488
19.571392,
17.203173,0.79231834
17.230124,0.7689152
18.323118,0.807415
18.390347,0.84464836
19.228128,0.84067535
18.816051,0.9069481
16.091158,1.0400143
17.63893,0.74243546
19.708273,1.0413876
18.307846,0.8783741
15.9059925,1.0620089
19.042347,0.9432106
18.150541,0.8236027
17.465187,0.7866421
17.81724,0.79649353
19.628744,1.1962757
19.049686,0.95513725
18.685131,0.8948059
16.71719,1.0022011
17.817986,0.769598
19.284767,1.0126171
18.85117,0.93904686
18.536665,0.8407688
18.499575,0.8449669
17.765175,0.77947044
18.832819,0.89727974
17.044224,0.8377285
16.971315,0.93699455
18.512552,
17.766819,0.812397
17.484861,0.8395748
16.806942,1.0060215
19.404192,
17.528894,0.73215485
18.561556,0.8873768
18.818151,
17.434933,0.8243942
16.996195,0.83239555
18.18052,
13.850203,0.99791336
17.305546,0.77929115
18.548567,
17.346111,0.77918434
17.396793,0.7508583
17.14557,0.7903118
17.131662,0.8196869
18.707518,1.0743389
17.716291,0.74375725
17.64039,0.7776756
18.289242,0.85822296
18.389343,0.821558
19.404137,
17.929358,0.78266335
16.020437,1.0507793
16.961483,0.9379597
18.95371,1.0017338
19.621992,
19.16164,
18.665703,0.74064255
19.705088,0.914196
17.775007,0.775589
17.64348,0.7513275
17.408949,0.7569046
18.639816,
15.942852,1.0759659
18.643003,0.8804188
18.876621,0.957983
17.982758,
18.668903,0.8797779
17.64162,0.7684517
19.246506,1.0100288
17.18016,0.79606056
17.987368,0.7542381
19.204884,1.0700436
17.083664,0.81677055
17.682709,
17.918379,
18.416466,0.88887787
18.020006,0.7619648
18.183237,0.7490654
15.679972,1.0511236
17.089272,0.81996727
16.664675,1.0058651
18.880981,1.0202732
18.140488,0.7672596
19.739014,1.2623405
17.271214,0.78474045
19.430046,1.0686188
13.851519,1.0485849
18.329058,0.83999634
18.984001,
17.541706,0.79419327
19.724367,
17.042624,0.8739052
15.619437,1.0337305
17.42112,0.99513435
15.358791,1.065094
17.27931,0.78406525
18.224413,0.7929859
17.872744,
17.064537,0.94127846
18.303843,
18.763868,0.8948307
18.461403,0.8787346
17.982904,0.7553787
19.038198,1.247055
17.567293,
16.31201,1.0345707
15.277603,1.0814447
17.834251,0.8093071
18.521368,0.62937737
17.793371,0.6244068
18.883564,1.0136414
19.440617,0.80643654
15.830192,1.0428133
13.3928585,1.2851944
17.985975,0.89611244
15.196797,1.0264416
17.49437,0.74077415
12.231627,1.5016975
15.865788,1.0339079
18.453424,0.9349632
16.261795,1.0243769
14.861982,1.1005554
16.32147,1.0294552
17.479746,0.78050804
12.898342,1.2202883
18.450785,0.8516998
19.131908,1.1694527
19.503601,1.2325611
16.346485,1.0329018
18.32649,0.79055023
16.18515,1.023284
16.781818,1.0101795
19.547895,1.1701889
19.352327,
15.626296,1.053546
17.175007,0.7968521
17.885332,0.7658119
18.101631,0.85281754
18.276443,0.92074585
18.072453,0.8253155
17.194868,0.7985954
17.450855,0.724823
17.037071,0.87013054
19.062786,0.916029
17.424028,0.76244354
17.038294,0.8462734
18.11884,0.79205704
19.496944,0.9835949
18.077635,0.8255482
18.300362,0.8310337
17.422071,0.7851238
15.6998825,1.0669737
17.527746,0.78029823
17.37169,0.7843723
18.34167,0.7957878
19.123327,0.9739952
15.4073305,1.0693283
19.083742,0.95877075
19.347164,
18.358837,0.903265
19.510246,
16.665726,1.0012503
13.876771,1.0333462
17.517164,0.7480202
17.211813,0.7993736
12.868884,1.3751574
17.977573,0.77529144
19.499046,
17.92311,0.859766
18.13918,0.7869892
19.10245,0.94395256
17.150993,0.82705116
18.277866,
19.306982,1.0367794
17.986248,0.8641262
15.293185,1.0882874
18.995441,
17.370401,0.8304138
17.288378,0.83083344
16.32187,1.0184679
17.101156,0.981657
17.591545,0.753252
17.164484,
15.443384,1.0691767
18.34628,0.8148556
17.243225,0.74373055
17.978155,0.5530281
18.831198,
18.276716,0.7751808
16.511404,0.986413
18.129715,0.72593117
18.045061,0.96512985
17.024384,
19.091015,0.9148407
19.320862,1.162468
17.958103,0.7854252
16.964737,0.9213352
19.147406,1.4124336
19.192163,0.84469223
19.804947,0.7194805
17.180576,0.80156326
18.285069,0.84773445
19.153107,0.9917202
18.913336,
19.125647,0.8076439
19.061941,1.0099964
18.002134,0.76704407
18.20973,0.78554153
17.946823,0.76951027
18.289444,0.878376
19.221674,0.94148636
17.235226,0.7842407
19.763126,
17.436172,0.74178886
17.811777,0.8430233
14.359024,1.1725988
17.209278,0.8188381
19.010725,1.034153
17.100674,0.8156929
18.02954,0.84594536
17.940533,0.7987995
19.770327,1.0601215
17.720098,0.76983833
19.327963,1.1695042
17.563597,0.77062416
17.055202,0.8710995
19.407618,1.0577183
19.909203,
19.14151,0.90847397
16.674494,1.004116
19.734894,1.097496
17.08156,0.8203945
16.713276,1.0012646
17.609905,0.83299446
18.374104,0.87988853
18.96918,0.96728134
18.086176,0.78344727
18.858507,0.8993244
13.890038,1.0346203
19.846945,1.2307129
17.990349,0.7889805
19.573305,1.045147
16.856192,0.9900532
17.93649,0.7975807
18.809269,0.6262684
17.604334,
18.046198,0.7942848
14.634002,1.1486473
18.103043,0.79060745
13.885999,1.1995096
16.004871,1.0293312
19.2151,0.9643192
17.335987,0.78287125
18.515371,0.94693756
19.242395,1.0594883
18.45473,0.81651497
17.039936,0.8447647
19.019249,1.0041504
17.198362,0.809494
17.276236,0.80023
19.576681,1.2250862
13.874473,1.0656023
19.026953,0.96816444
19.311182,0.97140694
18.04347,0.75753593
18.11997,0.82225037
18.392126,0.8528652
17.631565,0.7771759
18.388021,0.8679466
16.597921,1.0015182
18.544027,0.8422165
19.332443,1.0323849
19.342583,0.8963604
18.16104,0.8164654
19.938295,1.1978874
17.141417,0.80898094
16.377098,1.036622
16.237463,1.0433884
19.360207,1.019207
17.054972,0.8670616
18.330513,0.84999466
17.932455,0.7932625
17.752665,0.78401756
15.801092,1.0505171
18.739021,1.1407604
18.554596,0.86652756
18.949558,0.9266491
18.389841,0.8037834
17.387424,0.77842903
19.372505,1.1770306
14.29957,1.1737938
18.728994,0.91804695
18.131023,0.73921585
17.384914,0.7771263
18.904554,0.8898411
17.2912,0.797678
19.144747,0.954649
18.21708,0.79240227
17.066265,0.8256817
18.724964,0.86891747
18.40732,0.79883194
18.663404,0.86128044
17.497902,0.80399895
18.094305,0.8026409
18.026068,0.77197075
18.67057,0.8538914
17.559145,0.8047142
18.821255,0.94098663
17.895357,0.7434921
15.484712,1.0886726
18.946383,0.94950676
17.937368,0.7867794
17.477468,0.77911377
18.926844,1.0106373
18.77551,0.9070244
18.423788,0.8430691
12.610027,1.4083033
17.16774,0.7847576
19.05563,0.9455757
19.629145,1.0336094
18.51475,0.86982155
19.62031,0.98944855
18.435442,0.8086567
19.14141,0.90836525
18.60068,0.90802956
19.793541,1.033678
13.808848,1.0564499
19.922016,1.180315
17.553812,0.761343
19.094263,0.93696594
17.390696,0.8043442
17.468359,0.76929665
18.490963,0.86169815
18.184385,0.8246708
18.518892,0.8276081
18.794886,0.9606228
19.099075,0.9389515
17.29804,0.78539085
18.622662,0.93974686
17.969587,0.7895775
18.556654,0.8143482
19.202534,0.95898056
18.960976,0.93911934
17.338968,0.8089771
17.469955,0.78209877
17.94975,0.77923393
19.893452,1.1032009
17.385498,0.7533264
16.545788,1.0246859
18.898304,0.99596405
18.983788,0.9241657
18.816538,
19.564165,1.0272961
16.335844,0.48799896
19.134115,0.9804611
19.962826,1.0443459
17.563654,
17.935432,0.9902096
18.405933,0.9037781
18.699005,0.8447666
17.383125,0.77952766
18.849993,0.8624973
16.946169,0.9534302
17.48404,0.76737976
19.318884,
17.224943,0.7880955
17.695341,0.775177
17.958382,
18.654833,1.1090374
17.403852,0.77724457
17.356045,0.43175125
17.917591,0.80337524
18.763731,
19.474106,1.0244732
19.734318,1.1286201
19.574852,1.0537262
17.40098,0.7885933
16.302298,1.0490055
18.572876,-0.050642014
17.616049,0.7927704
18.928568,0.97125435
14.614668,1.1403084
18.179277,0.8326359
18.640942,
17.136375,0.8224182
19.611225,0.9996929
19.839201,1.2312717
18.52107,0.83169174
19.657675,1.0513077
18.947266,0.88272476
17.229965,0.785553
19.226612,0.9859772
18.220642,0.8348217
17.42386,0.77196884
18.402365,
17.15702,0.78697205
18.515018,0.85352135
19.147017,1.3061275
17.677818,0.77508163
19.739567,1.232708
17.09603,0.8360958
18.55817,0.83452225
16.950457,0.9523506
18.618116,0.85259056
18.04255,0.8005371
18.997677,
17.15742,0.81014824
11.001295,2.8505926
18.299345,
17.436798,0.7624817
17.450699,0.7513561
17.081213,1.2026739
14.493933,1.0809574
17.77542,0.76316833
18.290524,
17.456676,0.79240227
19.61513,0.8274574
19.701637,
17.489851,0.7688618
18.060717,0.9182167
18.388533,0.8434448
16.517866,1.0220528
17.660835,0.7755871
17.098663,0.81941605
19.402077,1.2773132
19.950125,1.0127544
19.104118,0.9787941
18.794342,0.9099083
16.667423,0.9947338
16.407804,1.0101776
15.36278,1.0095186
18.487314,0.8268986
18.127777,0.7819042
19.181046,
17.602352,0.77366066
17.62533,0.7322407
19.38284,
13.868558,1.0015678
16.98869,0.8137665
18.991041,
18.812405,0.8307667
15.344681,1.0630264
16.070152,1.0255756
17.03238,0.88311195
16.830515,0.8947153
12.544177,1.4250002
17.59839,0.7587452
18.087849,0.6880264
17.177902,0.7632046
17.58255,0.7369232
18.147635,0.80291176
16.904795,0.9425411
17.403301,
16.861897,0.91540146
13.8599205,1.0213137
17.382149,0.7558861
17.098852,0.7782564
13.8901,1.1975317
17.723213,
17.559912,0.8364029
18.730314,
17.665295,0.74744606
18.415413,0.76618004
18.753273,0.54961777
18.412045,
17.358559,0.8019161
18.108797,0.9530258
18.569494,0.8251152
15.526552,1.0716143
17.651598,0.8024998
15.975139,1.0368547
18.328968,0.77348137
18.272097,0.779974
13.01291,1.3462791
17.199156,0.80101776
16.618597,1.0325375
18.077265,0.77778625
14.7479725,1.1211681
17.711323,0.76404
18.74731,0.8335724
16.998245,0.9185581
19.515923,0.9410286
19.546358,1.0311756
15.666266,1.0541534
16.952345,0.9258537
19.724203,1.1649895
18.859314,0.9622288
17.929237,0.794981
13.898151,1.0266514
17.699474,0.77796745
18.401089,0.8263054
17.686724,0.8316498
18.641558,0.8936386
18.295528,
18.571526,0.9070778
17.95711,0.8727417
17.21709,0.8099308
17.066328,0.8213024
17.71724,
18.495096,
17.067797,0.84571075
18.678692,0.9706173
17.819305,0.7860184
16.969486,0.92980576
16.49486,1.0119104
17.47334,0.76976776
18.051725,0.8536701
17.437416,0.7922306
19.918549,1.1426525
18.665764,0.8886547
17.733513,0.8048725
16.99141,0.87010765
19.326967,0.8006134
19.231863,0.8509922
17.768251,0.78308105
18.145092,
17.016733,0.86309814
18.616688,
16.40329,1.0641937
13.874866,1.0129414
14.102121,1.1748152
14.884608,1.0899715
18.395433,
17.814358,
14.954122,1.1011133
17.154692,0.8307705
17.48018,0.721653
18.03508,0.73770905
19.350817,1.2925682
18.726166,1.1263943
17.045807,0.82263374
17.891153,0.80166817
19.273338,1.1305752
17.636463,0.7673168
18.190847,
15.539146,1.0574493
18.930908,
17.830303,0.7924347
18.263096,0.8643608
19.806007,1.024847
17.028242,0.8558464
19.534607,
18.658962,0.8867645
17.725946,
17.252031,0.77840805
18.486166,0.8740673
18.25004,0.8489399
18.629843,0.9985733
17.229921,0.8090782
18.351576,0.85544395
17.301617,0.79356384
17.186743,0.7945156
19.285326,1.0876617
17.026009,0.84181213
17.082375,0.8483772
16.648476,1.0290298
19.040682,
19.240992,0.97406197
18.48801,0.8290653
18.678253,0.94705963
17.033861,0.8566685
18.695179,0.9231968
17.630507,0.748724
18.815063,0.88588905
18.828924,0.93787575
17.909126,0.79997444
19.048437,
19.067345,1.0551033
15.794981,0.9509411
17.210796,0.9351673
17.307932,0.6983566
13.789042,1.0157652
18.131697,0.758852
17.77298,
18.370016,0.8670654
18.266394,0.8346214
17.251596,0.81067085
17.070272,0.84568214
16.953175,0.9581108
17.346855,0.7669716
15.80238,1.0724211
17.200653,0.8113632
18.706905,0.9068012
16.221724,1.0429411
17.24344,
18.242157,0.8786297
18.165874,0.86486626
17.068972,0.92256737
18.084976,0.7963314
15.707011,1.063405
18.760592,0.87524223
17.066292,0.84812546
18.992298,0.9829159
17.800514,0.77586174
17.213202,0.85702133
18.705938,
18.51154,
17.646013,0.7982063
16.979956,0.9212837
18.900024,0.8724537
17.493868,0.7649765
17.690557,0.78408813
17.563192,0.82583046
18.36253,0.89616203
18.550728,0.8853798
17.289722,0.77129173
19.173399,
17.261456,0.7742481
18.75601,
18.426226,0.9660778
18.393965,0.9346771
19.659819,0.9328041
17.585436,0.6903763
18.474953,
18.606697,0.9457588
18.580883,0.8275795
17.221043,0.7933636
16.950237,0.9377899
17.638212,0.7941303
18.736273,0.88129616
17.829878,0.75123596
19.291525,0.9489441
18.321106,0.8125744
18.31619,0.88902473
18.247993,
18.307291,
19.277187,2.5844574
18.71961,0.83353424
18.603231,0.8810215
17.54166,0.7506676
18.014864,0.8224602
19.235847,0.9978428
17.950106,0.87210655
18.755032,0.9637394
17.913427,0.8109093
18.025543,0.7605629
18.905727,1.0752449
19.553352,0.996418
17.920086,0.82610893
17.861174,0.7587452
15.803359,1.0441504
18.758774,0.8493595
19.086374,0.96146584
17.655052,0.7943382
17.621393,0.7936802
15.812099,1.050683
18.205854,0.78110504
18.21244,0.7907429
18.435396,0.8959122
18.6212,0.8223324
17.05059,0.8891487
19.410536,1.1135578
18.78393,0.9689865
18.351679,0.8337822
17.579128,0.80924034
17.193794,0.9883213
18.502327,0.90906525
17.970018,0.8058281
16.42649,0.8782921
17.684929,0.6531143
18.849709,0.8990135
19.492289,1.0701027
16.913404,0.97766304
18.072311,0.7769661
17.911589,0.80065346
19.87553,1.135107
18.797504,1.0045071
18.588478,0.8909683
13.827349,0.9004755
19.240799,1.019289
19.970448,1.0761871
17.820553,0.77080345
19.212927,0.984354
17.399942,0.77295494
18.80011,0.9027462
19.37697,1.0360374
18.627478,0.88815117
17.288118,0.77205276
17.091225,0.86104774
18.38469,0.8557148
18.753475,0.8984642
17.73511,0.7865963
16.94422,0.9397793
19.108898,1.0136719
18.73386,1.1123447
17.280748,0.8927593
17.779976,0.7871151
17.502262,0.7814617
17.48682,0.74765015
13.292218,1.2908411
18.434738,0.85155296
17.964334,0.7965698
19.756506,0.92263985
18.943968,0.9272728
18.993729,0.96290207
19.678946,1.087265
17.406025,0.77425957
18.812696,0.91555977
18.375769,0.9497547
17.505102,0.7715206
17.69533,0.78011703
16.994694,0.9238453
17.518633,0.74497414
17.523262,0.79696083
18.415712,0.80368996
18.061333,0.8034954
18.383799,0.8340168
19.73688,0.9991741
15.849659,1.0382032
17.980656,0.7717762
18.254131,0.8016834
17.126179,0.82530594
18.634706,0.89219856
19.221748,1.105259
19.04044,1.0059242
17.09796,0.809803
18.154333,0.8105049
18.145115,0.8225441
19.892378,1.1935539
18.62968,0.86242294
18.6557,0.8770027
19.013983,0.9539299
17.50769,0.79873276
19.612995,1.180357
19.393284,1.025423
17.068893,0.83467484
17.954708,0.782362
19.264744,0.9060917
18.884266,0.9600296
14.258727,1.1669493
19.26995,0.9780369
17.79141,0.78186035
18.24177,0.85012245
19.12425,0.9965477
19.293936,1.0295124
19.503939,1.1701317
17.302578,0.78113747
14.277282,1.1632147
19.898863,1.1966724
18.441412,0.84848213
15.920684,1.0727482
19.104689,0.9282398
19.051224,0.9718895
18.25652,0.82883835
18.12382,0.77773666
15.998887,1.0216513
16.987127,0.9085617
19.549725,1.012455
19.71275,0.9598179
18.790167,0.8807812
19.670868,1.1297188
18.957632,0.9309902
19.525663,1.1295166
17.310152,0.79206467
17.93349,0.82283974
17.070555,0.81088257
18.568222,0.92461777
19.914352,1.185379
17.340786,0.7658119
18.247112,0.82208824
18.55945,0.86273766
17.045532,0.6443882
18.560236,0.8744564
17.634611,0.79917526
19.42151,1.0410042
17.555143,0.75955963
16.999357,0.89253235
18.227251,0.8206005
18.12236,0.8242054
17.818346,
16.910534,0.9776535
18.953396,
17.592062,0.7657871
18.746002,0.88726425
17.165741,0.7979679
18.552448,0.7663555
17.197765,0.791172
17.49192,0.78988266
17.98701,0.79979897
17.613718,0.760458
19.914421,1.1751194
18.23938,0.81179047
17.010048,0.9014969
17.97862,0.8180332
17.723825,0.7056465
15.624391,1.0739851
18.84143,
17.556086,0.7856579
18.363024,0.80677795
18.364729,0.8548889
18.86714,
19.01574,0.9575615
18.33322,0.87696075
18.07427,0.80446434
17.589348,0.81308746
15.224628,1.0825052
17.498903,0.7557049
19.131744,0.99033356
18.546541,
17.653763,0.769825
19.52627,0.8709736
17.455488,0.7928257
16.513771,1.0094585
17.668385,0.8401718
13.897518,1.0553885
11.658624,1.5717955
14.823195,1.0860596
14.288871,1.1575613
15.363161,1.0738115
17.283659,0.78338814
18.33916,0.86372566
14.81546,1.103198
17.035069,0.9829292
17.299877,0.7740879
17.764292,
17.542673,0.79916
13.866384,1.0565186
17.812523,0.8123703
17.251907,0.8017082
19.461416,1.5057583
17.033485,
16.924324,0.9544296
17.627525,0.70583916
17.060595,0.79688835
18.177198,0.8895416
17.91682,0.7963066
18.040403,0.76706123
13.181978,1.2977295
18.838121,0.9161396
19.420525,1.0962276
11.954928,1.5762033
16.099428,1.0659313
18.34326,0.88850975
17.913778,0.8388481
14.227433,1.1678562
17.255482,0.8539829
17.13009,0.8028164
19.645119,1.0817394
17.728655,0.72159195
17.735865,0.7848568
19.460384,
18.561342,0.80231476
19.784472,1.1337547
17.236355,0.7916641
17.812227,0.8054962
19.670874,
17.839624,0.78175163
18.157831,0.7470207
18.662971,0.84166145
17.987648,0.823122
19.461008,1.1855145
18.817106,0.88739395
18.326422,
17.365755,0.77142525
18.470455,0.8083401
19.133411,0.886776
17.341795,0.8562336
19.157793,1.0776577
17.534016,0.7497368
18.091455,0.6814823
19.500097,1.058073
17.342487,0.7877102
19.313637,1.0777473
13.802322,0.96474075
17.327532,0.7654972
19.36218,1.3785801
18.543766,0.874609
17.48981,0.7587204
18.437666,0.8446522
19.426151,
17.62339,0.7710304
18.147682,0.77298355
16.366785,1.0268421
13.872022,1.0219412
17.849222,0.828392
17.133528,0.8026638
18.008802,0.81175995
18.65071,
19.13467,1.0477238
16.12018,1.0468445
17.403526,0.7980919
18.06134,0.8634453
14.003423,1.18503
17.606003,
13.788915,0.98075676
17.498009,0.7917347
17.038897,0.87970924
15.745676,1.0311079
17.19059,
17.891521,0.7751541
19.161213,
17.150007,
17.100414,0.79925156
17.075005,0.82287216
17.177029,0.8143139
18.725965,
17.151642,0.7911701
17.280863,0.8203449
17.876308,0.7669964
17.222754,0.85927963
19.39277,1.0522022
16.988644,0.8830776
18.209116,
17.571869,0.79418945
16.900408,0.89743996
13.873419,1.0475492
17.880129,0.847641
14.066747,1.1843452
18.158121,0.7586689
18.737036,0.94142723
17.755028,0.72491455
16.526321,1.0275621
18.506445,0.8767433
13.888962,1.0841646
18.392145,0.8540516
17.868235,0.77759933
17.12122,0.83711433
19.284153,0.98301697
17.731497,0.7752266
18.154785,1.033947
19.188387,1.321867
18.59342,
18.913599,0.9886646
18.66961,0.9118881
17.282255,0.8296585
16.847338,0.98755074
17.672743,0.7703018
18.622406,0.8477936
13.874971,1.0039234
19.44499,1.0290031
18.61129,0.87299156
19.671171,0.9380989
16.444305,1.000412
17.750132,0.77308273
16.005608,1.0342779
17.308914,0.8138218
17.343838,0.7771206
18.208086,0.80358315
17.493294,0.75320244
19.958868,1.1979523
17.397196,0.7745514
16.053745,1.0385342
17.595722,0.76351166
18.585808,0.9272938
17.406229,0.7929573
17.823534,0.7923317
18.732609,0.894022
17.415121,0.80708694
18.515575,0.2901249
18.275408,
18.349386,
17.390835,0.75901985
16.810053,0.98402214
17.04247,0.8548908
17.153233,0.8135624
19.001308,0.9180851
18.094126,0.82162285
17.680428,0.8162384
17.836075,0.7760105
17.76027,0.77495956
18.411068,0.82229424
17.738659,0.72805023
19.74308,
18.250694,
18.742594,
17.140564,0.64764214
19.642624,1.5759182
18.271423,0.71209335
18.281284,
17.55888,
14.954307,1.0982399
16.721352,1.0026321
18.721983,0.9290352
18.668158,0.97576714
18.279173,0.82283974
14.237858,1.1634684
17.95076,0.86561966
18.7064,0.97912216
18.337046,0.8939934
17.702078,0.76428413
19.018208,0.98727226
17.598164,0.83322334
18.71918,
18.598963,0.8363056
16.25174,-0.07852745
19.559736,1.1560898
17.255774,0.8257389
18.120342,0.7870159
17.629013,0.76003075
18.776274,0.8724098
18.085533,0.7587509
19.368631,1.057251
19.575438,1.2821922
19.90705,1.3273048
17.553158,0.7525406
17.381224,0.7486744
18.777475,0.96698
19.214714,1.0868797
18.61742,0.82881355
18.261038,
15.075739,1.0986166
17.73271,0.78512
17.447205,0.78352356
19.071562,0.9800453
19.160683,0.7727623
17.31743,0.7801838
19.718197,1.1716137
17.983679,0.792675
17.210861,0.8181019
17.350208,0.8230953
17.349283,0.77030754
18.33523,0.81861687
17.832745,0.76987267
18.005156,0.8063526
19.896484,
16.197657,1.0454712
19.131985,0.93971634
17.574802,0.7761688
17.322365,0.7901535
19.257074,0.9690418
19.296246,1.0654831
19.003645,1.0163879
18.169506,0.77547264
17.95563,0.8058624
19.698757,1.0485764
17.093946,0.82728195
14.290689,1.174016
19.324385,0.98179626
16.646917,1.023016
18.183256,0.8361244
18.116331,0.82954407
18.871979,0.94547653
19.568644,
15.643913,0.9933243
18.543882,0.8511944
13.700556,1.0493908
18.00783,0.78761864
17.009428,0.86364555
19.831223,1.0813618
19.778997,1.2134132
18.42341,0.8255043
17.375143,1.017849
19.27949,1.1438789
17.747778,0.80249405
17.40096,0.7630558
13.90242,1.0638552
17.430607,0.78370667
18.84175,0.8959198
19.26385,
17.349459,0.7784195
17.05582,0.8348961
17.399408,0.78172684
19.271433,1.0064621
18.61743,0.84963036
18.03076,0.7920246
19.302761,1.1029015
16.748468,0.97924995
17.939531,0.78720856
17.483042,0.78204346
17.407526,0.76034164
17.000835,0.9228611
17.224724,0.8166256
19.72449,1.1882362
17.499218,0.76955605
17.371819,0.7587719
18.616924,0.89372826
17.11563,0.8158226
17.95741,0.80570984
18.19326,0.84646034
19.68678,1.224966
16.98595,
18.098927,0.7827263
17.76021,0.7993469
17.84089,0.7745609
19.484224,1.0352821
17.562899,0.77716637
18.10762,0.80670357
18.071484,0.7973175
18.873762,0.8756695
18.972578,0.8705025
19.836174,1.0693302
18.87125,0.71022034
18.460484,0.83794785
16.994528,0.9391041
18.770588,0.91337395
16.936209,0.6952648
19.888111,1.1298695
19.228651,1.0609512
17.715101,0.78513336
19.534546,1.1394138
17.722933,0.8041725
18.597761,0.9386101
17.420767,0.7849598
18.200575,0.81752205
19.822618,1.2263756
17.695694,0.77628326
19.227673,1.0493641
19.54436,1.1177368
18.38987,0.8598099
16.965618,0.87272644
19.31031,
17.659575,0.7818947
18.76332,0.8847885
17.391216,0.7636852
17.387674,0.7828522
19.694824,1.2354374
17.56195,0.8229389
16.740803,1.031353
18.15041,0.78333664
19.37917,0.97273827
17.287642,0.773407
18.235407,
17.845715,0.8125
18.93062,0.9537926
18.823292,0.87696266
18.840246,0.8800392
17.683537,0.7804146
17.78918,0.76426506
17.742876,0.7690315
19.43117,0.90029716
14.213564,1.1811905
18.467213,1.0164375
19.78046,1.0078506
19.623774,1.0594044
19.563711,0.96902084
17.297567,0.78892136
19.38483,1.014101
17.973532,0.7413521
18.475769,0.87338257
18.0769,0.80342674
17.19205,0.80223083
18.245901,0.83411026
19.583735,1.1459637
18.05741,0.8425789
18.052576,0.8040638
17.046656,0.83989906
18.09162,
18.230501,0.8182335
12.167816,1.5164928
18.219303,0.80267143
17.088465,0.88121223
17.443066,0.80266
19.942984,1.2940941
17.09182,0.833683
18.549704,0.94977
17.776617,0.8587284
17.507202,0.7633972
17.080954,0.8407612
18.219753,0.8173218
13.83937,1.0618305
16.803349,0.98628044
17.168724,0.8030567
17.208172,0.79815865
17.439707,0.7816944
18.612263,0.91937256
18.770342,0.8399029
16.572216,1.0376663
13.779119,1.0470448
17.940006,0.8043575
13.852175,1.202343
16.814764,0.9644613
19.013083,
18.132095,0.7415676
19.673073,
17.920527,0.8810482
17.911457,0.8485508
19.65051,
19.165674,1.1716309
16.960512,0.92756844
17.801044,0.7785568
19.462328,1.0085926
17.317148,0.7463913
11.388987,1.7780285
13.88087,1.007103
16.742516,0.96145344
14.080162,1.1526566
16.61869,1.1397095
17.235159,0.8052654
18.308084,0.83826256
15.874421,1.003109
18.112661,
17.721466,0.8098068
18.741877,
17.01661,0.83232117
18.155424,0.77874756
17.40181,0.72999
17.230717,0.7979069
18.982882,
18.132507,0.79389
17.226057,
17.303307,0.80425453
17.043106,0.84348106
14.2792015,1.149786
18.59416,0.827755
14.163435,1.1852865
17.480919,0.74723816
18.558928,0.6851921
18.618986,
18.91486,
13.869632,1.0444498
18.269873,
17.398848,0.83843994
15.5298605,1.054327
13.951044,1.2228851
18.884323,
19.159475,
14.866789,1.1145344
17.473114,0.7951126
19.473635,1.1610622
14.137269,1.1771336
17.961906,0.8311138
13.873212,0.9855089
14.49616,1.1285124
17.378265,0.79273224
13.895997,1.1435041
17.568888,0.79998016
17.47059,0.743557
17.52304,0.75211906
17.585438,0.77893066
18.090462,0.8115673
19.770514,1.2128601
18.84722,0.7808876
19.747204,
18.50873,0.9144058
19.81246,
17.601055,0.82492447
18.10098,0.77269363
18.66857,0.91459846
18.105967,0.766037
16.982641,0.925436
17.301159,0.7954922
18.485188,0.91412735
18.351742,0.829216
19.678871,
17.40575,0.767683
14.319949,1.1743231
18.014359,
17.427223,0.753006
19.966587,1.305357
18.484741,0.79110336
17.770895,0.7890377
17.074188,0.8465195
17.24566,
17.005127,0.87900925
16.6178,0.61242104
19.107891,1.2194462
13.877719,1.019742
17.443056,0.8322487
17.763515,0.8143368
18.88071,
17.696667,0.81668854
17.411167,0.76903534
18.872427,0.88209534
19.960602,
18.880165,
17.2878,0.81233597
18.063873,0.79154205
17.664988,0.78583336
17.310343,0.785923
18.28691,0.7017803
18.697092,0.92887306
18.871664,
19.233768,
18.111017,0.7781906
17.7457,0.6963234
17.798862,
16.145786,1.0383587
17.932568,0.87184334
17.55279,0.80628204
19.996058,0.6318588
19.072233,
18.070164,0.73844147
18.60793,
19.002298,0.93008614
17.31866,0.7596054
18.039265,0.9204178
16.36105,1.0241728
18.270468,0.892149
19.232944,
18.697645,
18.611605,0.9105549
18.50846,
17.18929,0.8006134
18.735735,0.83776283
17.60432,0.7713375
19.193209,0.88487434
18.479858,0.8332634
18.969254,0.97836304
18.568647,0.9114933
18.179482,0.88549805
16.728188,1.0307522
18.382145,0.8867531
19.297703,0.974205
18.465572,0.89398956
19.279993,
17.318077,0.7720108
19.610573,1.1126823
17.137491,0.8329582
18.58536,0.8650074
16.87583,0.9736347
14.30058,1.1669931
18.841194,
17.579903,0.7769737
19.275162,0.9646473
18.062807,0.8258705
18.436378,0.91921234
18.984547,
16.509342,1.0024462
17.88627,0.7777691
18.444918,0.81871796
18.769606,0.8862648
18.856773,0.8107147
18.466394,0.87737465
18.657797,0.8857002
19.062498,0.7678356
15.742379,1.0431404
19.083122,1.0152473
18.499506,
17.968912,0.7833195
18.496632,0.78954315
17.833122,0.78211784
19.501837,1.0161667
17.0839,0.81280136
17.939554,0.77002144
19.516552,
18.208721,0.7481899
18.386034,0.7420654
17.383297,0.82258224
17.828478,0.82629395
17.946123,0.83257866
16.985947,0.92674446
18.514238,0.7629852
18.579918,0.973402
18.747517,
17.727203,0.79374886
18.744814,0.9071598
18.116228,0.8290787
16.00271,1.0673552
16.892725,0.9678688
17.142794,0.7879276
18.402065,
19.385143,
17.408644,0.7782955
18.08657,0.86224365
17.613754,0.7701187
17.672894,0.75683594
19.12539,0.9401436
16.706816,1.005537
18.78419,0.9743042
19.188679,0.91711044
18.05001,0.79094696
18.910181,0.90296364
16.937502,0.9464531
17.942719,0.7944279
17.601482,0.76877594
17.904524,0.7731037
19.483564,
16.068527,0.84955025
17.557068,0.76194763
17.789665,0.78643227
18.332907,0.84179306
16.648996,1.0154934
17.566431,0.7883167
18.223335,
18.758457,0.8903065
17.68112,0.8755474
18.52117,0.9118099
18.795185,0.95638466
18.428787,0.8687706
18.20925,0.8051071
18.101444,0.7940521
17.456255,0.8163891
18.708858,0.913887
18.093594,0.82040405
19.167063,1.0601578
17.21294,0.7868805
17.813997,0.87418747
16.368717,1.0295439
19.875168,1.0089703
18.43155,0.82006454
18.510986,0.92850685
17.82837,0.80617905
19.172977,0.8653889
19.30829,0.9825592
16.997095,0.946146
19.071507,1.0087547
17.919033,0.79494286
19.349686,
16.942247,0.9873924
18.960947,0.9255886
17.102726,0.80739594
17.446363,0.778183
11.052905,1.8028135
18.490204,0.87947845
17.570738,0.78196716
18.454416,0.8339462
17.0189,0.8788624
19.910625,1.2200165
14.825781,1.1375837
17.215025,0.7951603
19.821943,1.1912346
19.391298,1.1061878
19.104439,0.9864979
19.967747,1.1615677
18.013521,0.8111
17.067741,0.83636093
18.427464,0.9012375
19.995012,1.2623901
18.944717,1.3390942
18.024473,0.7982979
19.013365,
17.392149,0.8004322
19.678877,
17.709532,0.77845764
13.86271,1.0465994
17.411377,0.7616749
18.956512,0.95907974
18.293898,0.81121063
17.81266,0.7798481
18.340845,0.8304825
19.637753,1.1379681
17.2994,0.76955605
18.45198,0.83085823
16.872828,0.9906292
18.332485,0.7932892
18.773603,0.8941097
17.906012,0.81261826
17.08697,0.8178158
16.561096,1.0305882
18.828415,0.93774986
17.179817,0.79909897
18.323824,0.88082695
18.240532,0.82180595
17.382713,0.78012085
16.347822,1.0510769
19.583138,1.1989098
17.405663,0.7670288
19.03576,0.98740387
18.26738,0.85344315
12.900876,1.2799644
18.501873,0.8616371
19.454493,0.9305172
17.746653,0.7837925
18.729845,0.89198875
17.354504,0.7815323
18.215464,0.8052311
19.006693,1.058754
18.947702,0.94976425
19.518002,1.1013031
17.525782,0.80176353
17.820086,0.7793884
19.344782,1.1083717
18.943691,0.9430237
17.304052,0.7865181
16.787502,1.0189247
18.523314,0.85969925
19.545874,1.0466251
17.778864,0.76252174
18.446026,0.8730507
19.237473,0.9781437
19.11296,0.9819374
18.138924,0.81101036
18.77959,0.9075222
18.621655,0.81604004
17.820974,0.77428436
19.07171,0.9866066
19.356771,1.0841675
16.370323,1.0357141
18.93247,0.899271
16.897182,0.99560547
18.941397,0.90055084
18.012632,0.76223946
13.856896,1.0003204
17.540543,0.7847595
16.749737,1.0096569
18.98118,0.941206
17.42552,0.7702923
19.233765,0.9659443
18.95563,0.9639206
19.184631,1.0121994
19.855667,1.206583
16.584774,1.0251474
14.867573,-0.10810661
18.239174,0.8113594
19.025,0.9496784
17.668737,0.77381325
18.037722,0.81583595
18.06482,0.80820656
19.301092,1.0382233
18.567667,0.88438416
18.476559,0.8456936
19.593573,1.1121197
18.67512,0.9176464
18.156696,0.8563118
18.548355,0.8412361
17.751713,0.7608566
17.925463,0.76932716
17.1443,0.82845306
17.90916,0.79533386
17.041746,0.86416245
18.77802,0.91313744
17.491613,0.7882767
18.07977,0.87051773
17.690495,0.7731533
18.556173,0.8647976
18.187809,0.8461132
17.089136,0.83296967
17.897778,0.7541218
17.775705,0.78941154
18.075438,0.82224274
17.962616,0.7513714
17.528486,0.7890053
19.488276,1.0252991
18.33157,0.8899746
18.421198,0.81980705
18.71405,0.92450523
18.453524,0.82891273
17.92253,0.8261776
18.492762,1.3636837
17.803556,0.76358795
19.737614,1.2332916
17.104483,0.81850624
19.295261,1.0578537
17.521605,0.7639847
17.780424,0.7941952
17.054565,0.8577843
18.424728,0.8043442
19.046307,0.9694805
17.824604,
17.807571,0.7898636
14.497524,1.172307
17.103495,0.8104744
17.827583,0.78866386
18.088596,0.7782364
17.570135,0.7740555
16.879173,0.8777714
17.147667,1.115695
17.32277,
13.76692,1.0699682
12.227101,1.5301924
12.92074,1.3602095
19.258268,
16.236052,1.0205908
12.656681,1.4215708
17.30302,0.72537994
17.783329,0.7588062
13.855635,1.0013523
17.534002,0.8603821
17.394302,0.9245348
17.050316,0.8032322
15.617547,1.0137968
17.402618,0.7426338
17.508163,0.7089882
17.315102,0.7749615
17.519669,
17.31693,
18.173756,0.81635666
18.221327,0.80651665
18.691586,0.79937744
16.956112,0.90584373
18.536514,
16.452276,1.0057039
17.069693,0.8373356
17.600014,0.7389984
18.00638,0.75019455
17.427284,0.77827454
14.344277,1.1454029
18.500858,0.810894
19.375687,0.91851807
17.709751,
18.68436,0.88116264
18.250353,
18.451231,0.90823746
17.218855,0.7954769
19.345522,1.2120209
17.94927,0.8096504
17.993542,0.79452515
17.344242,0.7694206
14.228337,1.1660595
19.935572,1.3157349
17.2402,0.7561035
18.996017,0.90309525
14.103173,1.1988697
18.480465,
19.589159,
17.675194,0.7810726
17.841417,
19.296677,1.0118942
19.032473,
18.092329,0.81837463
18.246387,0.86291504
16.990723,0.858202
14.910411,1.1049805
18.278414,0.87576294
16.98795,0.9547119
16.861116,0.94103813
18.96749,0.68525314
19.751564,3.8238697
18.40947,0.6927452
16.97344,0.9623852
18.317772,0.7827263
16.389462,1.0337696
18.240099,
16.105045,1.027709
17.884834,0.8417816
18.14408,0.8499317
18.23354,0.82847023
14.7410555,1.1222572
16.639004,0.9784508
17.512396,0.57232475
16.927704,0.95956993
15.333324,1.0790768
16.71298,0.98357964
17.177767,0.7919388
17.80155,0.6726723
18.457663,0.91132927
18.88324,1.2622414
18.32132,
12.694642,1.3995543
17.939533,0.82401466
14.893783,1.1090994
17.340868,0.7462292
19.0041,0.70508575
18.558641,0.8202667
18.550858,0.7263565
17.015629,0.9101429
19.444267,
18.27766,0.68538857
17.128492,0.8094082
17.479061,0.743845
19.282005,
17.70627,0.79852295
17.144585,0.7983246
17.981499,0.8450947
19.124311,1.0212898
16.994452,0.9349556
18.553703,0.8659191
17.855745,0.77861786
18.849363,
18.919483,
18.27713,0.8486233
17.907595,0.817873
18.832487,0.90174675
19.614258,1.0728226
16.049274,1.0396147
18.091736,0.82112885
17.727531,0.78591156
18.839386,0.78281593
19.508081,1.061554
19.884356,1.2709332
19.838991,1.2882214
18.477173,0.8651905
13.822106,1.0281668
17.58734,0.8613739
17.907871,0.788641
17.783873,0.775898
17.63171,0.7983284
18.23937,0.8320465
17.345333,
19.5462,0.3565197
19.753588,1.2994328
18.169142,0.8608856
18.011852,0.8374672
17.265556,0.8554096
19.71476,1.1337986
17.586348,0.7512512
14.251516,1.1682396
17.833273,0.77394295
18.270803,0.8340435
18.778162,0.91101265
13.490246,1.1044769
18.525661,0.8806038
18.429394,0.68385696
17.663992,0.789835
17.944916,0.8489609
18.42661,0.6843815
17.95859,
18.340466,0.86096764
18.540384,0.9073181
17.618345,0.80126953
16.504902,1.1190863
19.058977,0.75372124
17.352732,0.78970337
17.641672,0.78260803
14.610746,1.1149521
18.043846,0.72455025
19.108896,2.6383266
15.687142,1.054184
17.908207,0.8025818
19.00413,1.1618557
18.708408,1.398201
18.703785,
17.541967,0.75086784
17.566956,0.8165455
17.67186,0.75408363
19.182806,
17.55218,0.77584076
18.242067,0.9337044
17.766169,
17.368307,0.66726875
11.71744,1.5814075
17.625555,0.74284744
17.058134,0.88394356
17.794556,0.758688
18.84234,0.9210415
17.499882,0.84832954
19.852905,
18.143898,0.85326385
18.227741,0.8369808
18.068193,0.72315407
16.97061,0.92071724
17.631493,0.84176636
19.202375,1.0125389
18.937756,
17.937141,0.8006363
18.635609,0.8515625
18.586994,0.7883339
17.689594,0.7639141
15.00243,1.1400385
17.29085,0.7713413
18.32225,0.8576374
17.345577,0.7653446
17.066301,0.8179207
16.937061,0.9463501
18.372139,0.8702736
19.153814,0.88583183
18.59083,0.90963554
17.469303,0.7954712
18.673811,0.882782
18.001232,0.79219246
13.459941,1.2899895
16.38989,1.0374928
18.2912,0.87231827
18.944944,0.9884815
18.293678,0.79143524
17.069115,0.82652664
18.651112,0.83283424
17.89879,0.78715706
17.192062,1.1840363
19.207272,1.0028095
19.771912,1.1832943
19.074186,0.9387512
18.261635,0.82473755
19.282,1.0080128
19.289297,0.98931503
18.650072,0.88744926
17.989794,0.80810356
18.378794,0.86032104
17.654964,0.77464485
17.491472,0.7671604
16.965601,0.9343529
13.886434,1.0418043
18.240934,0.7867241
17.11568,0.82346535
18.765411,0.87958145
13.917701,1.0699949
16.668467,0.98797417
19.038076,0.94223213
16.949072,0.95710945
18.848505,1.0769844
17.506943,0.79034424
18.629156,0.860569
18.777216,0.89868927
18.343,0.8434086
18.655155,0.88602066
19.647985,1.1325722
19.387213,0.9582157
17.725973,0.74943733
18.351845,0.9233608
18.032269,0.78100586
17.571749,0.7946472
15.562613,1.0703621
18.380613,0.83419037
17.713728,0.779829
19.369589,0.8932209
18.216167,0.79925346
18.014473,0.80358696
18.150084,0.825325
17.812767,0.8126869
18.783388,0.883728
18.394722,0.900383
19.254501,1.0444889
18.822601,0.8252392
16.990337,0.90527725
17.4954,0.7527237
18.428514,0.84755707
18.346987,0.8138714
17.224882,0.81796074
19.671015,1.0654964
17.83512,0.8040638
17.959581,0.79849434
18.369678,0.87667847
17.809412,0.85165215
17.7587,0.7645817
17.295637,0.7783661
18.284216,0.86008835
18.34873,0.83732605
18.79581,0.9471817
18.628117,0.8941021
18.840614,
17.713623,0.79626083
18.818422,0.8105259
18.094778,0.7680359
19.966005,1.4100399
19.51234,1.0429077
18.63765,0.9248581
17.723238,0.7586956
17.17376,0.7891464
13.504401,1.2381067
19.373236,1.0864811
17.95,0.7684078
18.601004,0.8679161
18.729105,0.9074745
18.059397,0.79102325
17.4459,0.7644825
19.15389,1.0096378
16.721167,0.9960003
18.03477,0.800848
18.476496,0.80462265
18.125118,0.8261986
17.551334,0.76205444
18.502747,0.83410263
18.453547,0.8432789
17.777826,0.790905
18.477556,0.8918953
17.445757,0.75105476
16.523212,1.0420876
18.04262,0.811121
17.497677,0.77458954
19.836834,0.9715519
18.915577,0.96816444
19.630825,1.0924053
18.850618,0.9748421
17.892128,0.7977638
18.94079,0.9457512
18.430012,0.8625698
17.886187,0.8014641
19.067234,0.9256954
18.870441,0.8968582
17.254301,0.81780434
18.532148,0.869442
17.241295,0.8246803
18.27892,0.8913822
17.042793,0.86263466
17.486149,0.7702179
18.867647,0.88674164
13.679039,1.2289925
19.834684,1.2258472
18.93242,0.9672222
18.108217,0.7820816
16.650019,1.0108795
18.393827,0.8079357
17.75205,0.79781914
18.949516,0.97076035
19.35165,1.1101227
18.365316,0.8584137
14.755175,1.1484175
18.617079,0.7772751
15.764347,1.0595798
19.247715,0.9441185
17.725489,
19.785555,1.2197952
14.873703,1.1310482
18.455946,0.86899567
19.613417,0.9734211
18.3385,0.83709145
19.545448,1.1167679
16.231297,1.0415106
18.36071,0.8390846
13.878609,1.0414381
18.027662,0.7944412
17.679989,0.7762909
18.140028,0.8155651
19.170979,0.99866676
17.257807,0.77469444
17.437895,0.77129745
17.536095,0.7729435
19.611485,
18.385618,0.8367729
19.165821,1.0424404
16.941954,0.6024208
17.929352,0.7803135
18.95989,0.99061966
18.334131,0.91415024
19.965456,1.2300148
18.98344,0.9251175
18.576437,0.86981964
17.570866,0.7706814
18.062347,0.79096794
19.831919,1.3059406
17.105701,0.8265457
13.89194,1.2122927
17.792267,0.78061867
17.042738,0.8281574
17.209028,0.79743767
17.675798,0.7720852
17.421692,0.78590584
19.237814,1.0684147
18.707563,0.8585205
19.561697,1.1043148
17.993732,0.8136692
17.78732,0.7905083
19.454632,1.0018463
17.132135,0.81606865
17.79761,0.80716133
16.983294,0.9580078
18.389763,0.8687191
17.01436,0.84957314
18.093565,0.82626724
17.223314,0.79644775
18.702648,0.8901825
18.825079,0.9751034
16.768646,1.0174522
17.087816,0.8297539
19.097748,0.92238617
19.647646,0.884161
17.30224,0.814991
17.965708,0.79800224
18.360924,0.8830662
19.029228,0.97465515
17.87424,0.8298149
17.359678,0.77113533
16.963556,0.9678116
16.348177,1.032217
18.159168,
17.453758,0.7435875
17.42977,0.77314377
19.399984,1.1372223
17.79603,0.76483154
17.844543,0.80034256
17.455414,0.7767563
19.020277,0.8445873
18.814465,0.872303
17.93248,0.77703476
19.327969,1.12426
17.610638,0.7927513
19.061636,1.0288773
19.453182,1.0170059
18.296202,0.80584717
16.968397,0.90984917
18.717543,0.8204117
19.30049,
18.764013,0.89525986
19.661482,1.0979652
17.851805,0.7872524
16.02207,1.0376902
19.253965,0.9457512
19.293602,0.95598793
18.99586,0.91573334
19.48319,0.9992447
17.82606,0.8580208
17.338257,0.76891136
17.272833,0.76498795
17.785368,0.7860279
18.196144,0.8007946
16.999847,0.86250305
13.563649,1.1979456
17.591711,0.75222206
18.840925,0.919714
18.68002,0.8645973
19.048939,0.94522476
19.915142,1.3512344
18.486145,0.8369446
17.059408,0.8594723
17.990734,0.8586235
18.893942,1.020628
16.97287,0.9298496
17.355738,0.8013897
17.146002,0.83146477
17.077612,0.82328033
17.664019,0.7555256
18.155306,0.79912376
16.656616,1.0146961
18.508747,0.8765068
18.873108,0.89370346
18.968128,1.0410938
17.975525,0.765625
18.301937,0.8409405
19.072062,0.93322945
18.316093,0.81552505
19.86763,1.1169853
17.155434,0.80340576
19.441334,1.0139465
18.2293,0.8395214
15.154414,1.1009235
19.580555,1.1482143
18.449635,0.80508804
16.32708,1.0408268
19.089872,0.9109783
13.170855,1.3312111
18.973537,0.92671776
19.810825,1.0924606
19.565746,1.1215572
18.561493,0.92886543
18.650043,0.84243965
17.39898,0.81220436
18.61487,0.8155422
17.962227,0.8220215
18.35532,0.813385
19.241863,1.0029316
17.14307,0.8079548
15.906098,1.0362692
18.18191,0.80329514
18.977705,0.93805504
19.068926,0.96551895
18.679863,
18.67504,0.9179878
18.09242,0.9053116
19.382408,0.95993996
13.890009,1.0451565
18.007627,0.7650833
17.479254,0.7793598
17.274532,0.7649307
18.202065,1.0674458
18.449623,0.88521385
17.225601,0.77936745
15.620844,1.0402193
17.557505,0.7812443
19.702843,
17.827547,0.7827015
17.044611,0.8224468
15.427356,1.0792923
18.517311,0.88155365
18.65729,0.92132187
19.542376,0.89146805
19.642187,
18.880014,0.9483719
19.527977,0.90135765
17.252672,0.78554916
18.284374,0.8240719
18.707409,
18.29538,0.8261719
18.574598,0.8661041
18.112677,0.8788185
19.17927,0.9337063
18.83704,
16.785711,1.1085987
13.500296,1.2577028
18.762053,1.0036755
19.906641,1.1699581
14.344344,1.1717262
17.618988,0.76148224
18.83667,0.8695164
18.541693,
16.930042,0.9449558
16.81507,0.59643745
17.58761,0.7939472
19.939856,
17.737167,0.7605877
18.782911,
17.001314,0.92087746
14.392133,1.1630354
16.925003,0.9809532
18.484776,0.8435993
16.718004,0.9995661
19.147749,0.9804821
17.963083,0.8158245
16.065063,1.048768
19.21002,1.054699
17.872135,0.7863693
18.191801,0.7854557
19.16305,0.99547386
17.875668,0.7927227
19.349775,
17.122183,0.82678604
17.644854,
17.728647,0.77586746
16.95928,0.8996544
14.299048,1.1566963
18.214182,
18.630993,
17.328348,0.7985821
17.172226,0.85453224
14.242352,1.148468
17.50947,0.8052521
15.466456,1.0868511
17.568193,0.7732887
18.797882,
14.585862,1.1329918
17.573149,0.8417835
14.896539,1.1038322
17.327728,0.75418663
17.759459,0.825058
17.318113,0.75553894
19.025871,0.86327744
16.808466,0.9953041
17.187521,0.7941036
18.520035,1.0502262
18.27205,
18.309376,0.8771763
16.172182,
17.581707,0.36224556
19.409397,
16.311848,1.0183945
19.30106,
17.907322,
17.104176,0.7849674
17.171585,0.8191109
19.27956,1.0070324
19.737806,
19.672874,1.002594
19.924734,3.195654
18.952293,0.97704506
19.371939,
18.64377,0.9362736
19.617752,1.011055
19.052382,0.9682312
18.052586,0.88485336
14.257326,1.1593761
17.68075,0.70259094
18.968653,0.895525
19.276806,1.0380306
18.4655,0.94794655
18.046785,
16.76507,0.9996071
18.397211,0.8854084
17.117584,0.90912247
17.183645,0.7794609
17.652851,0.7666893
19.002302,0.9339371
17.96353,0.85645103
18.580786,0.8611336
18.825905,0.97610474
19.695312,0.8831234
19.770649,1.1979485
17.732954,0.77421
18.91767,0.92923355
15.082947,1.0873928
19.444315,1.0108109
13.892573,1.0593987
17.439219,0.7855778
18.277761,0.7880516
17.2839,0.76488304
18.871408,
19.21259,1.0643463
18.600554,0.79200554
17.164667,0.775795
18.981194,0.9395828
17.746002,0.78188705
18.13669,
17.703772,0.8223133
17.201008,0.7747135
18.902351,
18.169765,
18.452267,0.844347
16.154291,1.0315142
18.067314,
15.880393,1.0406332
17.72345,0.82398605
19.6298,
17.308836,0.80682945
17.477085,0.8382263
18.111677,0.7968292
19.368254,1.0388184
18.82727,0.8962593
19.680626,0.9692955
16.678799,1.0198975
17.919872,0.61777115
17.983564,0.77378845
17.67423,0.7427139
17.128462,0.8163223
12.128537,1.5212431
18.087168,1.058445
18.89627,0.71665764
17.17147,0.7999592
17.25086,0.7901554
18.003761,0.8456001
19.245417,1.033699
17.94233,0.74710846
17.114025,0.8078613
17.149399,0.71489525
17.23202,0.82629204
18.165134,0.88591766
16.845655,0.9801445
18.774405,0.9184933
18.202812,0.8019104
18.463745,
17.23382,0.7526722
17.663849,0.76727676
18.13251,
17.966768,
17.22574,0.7921505
17.24053,0.7987671
18.58438,0.8174095
17.413477,0.81565475
17.938538,0.7497711
17.294893,0.7579918
18.141956,0.9284458
18.878038,
17.069618,0.84409714
18.10541,0.8172569
18.382303,0.8102379
18.946047,0.96603966
18.812511,0.77661705
13.632718,1.0814447
18.363417,0.7963486
19.136358,0.9304638
13.636975,1.2248449
13.823902,1.0386839
19.457102,
18.716383,0.88511467
18.115911,0.7806816
18.710686,0.8560333
15.276954,1.0799627
19.630684,1.1376762
16.799135,0.9818363
18.855879,0.937521
15.440806,1.0720997
18.279245,0.82450104
17.071121,0.84293556
19.822111,1.1471348
18.253956,0.8621521
19.915869,1.553791
19.477654,1.0039082
18.499498,0.92038536
18.035915,0.7804146
17.917511,0.810442
18.1895,0.8404999
18.685287,
16.131771,1.0725832
17.02016,0.8661957
17.830263,0.7830143
17.039928,0.82375336
19.513008,1.1350937
17.004656,0.8850212
16.521954,1.0417805
18.422993,0.79969025
19.067322,0.8317833
17.299793,0.79403305
18.350348,0.8044739
17.600883,0.76241493
18.143982,0.8090553
13.856158,1.073307
17.163168,0.8052025
16.313147,1.0576534
18.439611,0.8437977
19.93172,1.2835922
15.6880455,0.76750374
16.197723,1.0267754
13.531878,1.1080818
19.53612,1.0931606
17.564447,0.7763653
14.851664,1.1109114
18.741055,0.9139557
17.169786,0.7736454
18.941305,0.9510288
19.437141,0.7972679
17.169392,0.7977505
18.475075,
18.924976,0.8629627
18.26405,0.8176155
17.996325,0.7533531
15.645109,
17.910145,0.77680206
17.867626,0.7972851
18.046469,0.83073235
16.415514,1.0426579
18.554861,0.89047813
18.255209,0.90385437
13.9061,1.2014723
18.444069,0.86013603
18.709358,0.91459465
15.095347,1.1201801
19.66152,1.228838
18.800346,0.939785
18.802227,0.8647499
17.943243,0.79138374
16.63454,1.0135574
17.475786,0.7861805
19.569714,0.93055344
16.93836,0.9924412
14.883508,1.0320368
17.67259,0.7940979
17.266323,0.79442215
17.80588,0.763607
17.109993,0.79886436
18.86108,0.9041271
19.77485,1.0758743
18.301859,0.8104248
18.98661,0.9153614
17.594482,0.8065815
19.503424,1.0460377
19.052763,0.98059464
18.88814,0.9366646
17.412258,0.7651901
18.213661,0.819088
19.857172,1.1990128
18.796247,0.9110508
16.30759,0.59933376
16.568827,1.0266275
18.17568,0.8193188
18.126333,0.839241
18.40092,
18.790722,0.9481869
18.096241,0.7675972
17.237484,0.8064804
19.774015,1.1262188
19.996197,
18.029354,0.8174248
18.6581,0.8855972
18.704409,0.9205475
17.522594,0.7959442
18.427086,0.8508148
19.223164,0.9585266
17.720833,0.7808151
18.349228,0.85058594
17.132679,0.7890701
18.697252,0.8532257
15.865339,1.0589647
17.879513,0.7688904
17.502485,0.7933922
16.936932,0.9362869
18.239174,0.84539604
15.665773,1.0566797
18.929417,
17.092152,0.8275089
17.306566,0.76592827
18.966085,0.92967224
16.363832,0.60102177
17.596777,0.749815
18.874184,0.9033146
18.39653,0.79766655
18.89799,0.9263096
17.377321,0.7795353
18.339224,0.825634
19.21869,0.94412804
17.862497,0.80179214
17.733908,0.7787514
19.405119,0.97621727
17.65163,0.77715683
18.921494,0.941761
17.453281,0.7583332
17.758173,0.7758961
17.315638,0.7821274
19.718094,1.0854588
17.268621,0.79958725
17.594433,0.7805729
17.51565,0.7348099
18.752373,0.9808388
17.8291,0.73448944
17.418737,0.7578888
19.387897,0.97016335
19.94604,1.4349613
19.128983,1.0263634
18.721302,0.91462517
16.990236,0.88440895
18.250479,0.8331299
17.846186,0.8068371
17.715683,0.78299904
18.713575,0.9140873
17.91633,0.79073715
17.85001,0.82123566
17.474823,0.8098316
13.8524685,1.0245476
17.962234,0.7691517
17.498556,0.77928925
19.299236,0.9029083
18.779514,0.89149666
17.920261,0.792429
18.13426,0.8118057
18.082327,0.75660515
17.792326,0.80438614
18.636337,0.8800583
18.917349,0.85806084
18.505491,0.88913155
19.426819,1.1312275
19.034676,0.9308281
17.829319,
16.799706,0.9631157
18.451529,0.8602543
18.128815,0.7563057
18.92697,0.93553543
15.538675,1.0546923
16.87373,0.5799923
18.730066,1.045126
17.171316,0.80542374
17.802168,0.8106842
17.916752,0.8162327
17.362528,0.7905712
16.676105,1.0092144
18.599312,0.88550186
14.135401,1.1609459
18.85678,0.8502884
17.811024,0.73204994
15.055838,1.1036854
17.070847,0.83558846
13.9167385,1.1921644
17.700785,0.80994606
17.03461,0.8358059
19.049976,0.9956417
17.847393,0.8251686
17.810528,0.79019165
17.999216,0.7924881
11.90281,1.5895386
11.736314,1.5371218
15.745181,1.2581406
17.019796,0.8869486
13.885977,1.0345287
13.875022,1.0129099
13.822767,0.99786377
17.205156,1.0129986
17.818594,0.7102661
17.548021,0.7682457
17.541906,0.78378487
15.409711,1.0477695
12.667361,1.3750248
13.832051,1.0219536
13.824364,1.0066805
16.952507,0.9762678
18.361866,
16.342089,1.0052404
16.563496,0.997715
17.657026,0.76717377
14.077859,1.1856623
18.722048,
17.820143,0.7369766
18.599747,0.75953674
18.00431,0.79889107
17.59267,0.81456184
18.151537,0.895771
18.014763,0.7355213
18.760197,
19.073107,
15.840351,1.0206261
18.994139,0.7759094
18.981968,1.0074959
16.870794,0.9636612
15.206658,1.0509024
18.588829,1.1674824
17.035433,0.8315735
16.126904,1.0329037
14.307102,1.1619635
16.433481,1.0478468
18.593987,0.8974037
17.669989,0.7264805
18.383226,0.8582039
17.420153,0.80205536
18.924232,
18.712027,0.80353737
18.598854,0.87202454
17.574064,
18.193615,0.8275223
17.681005,0.7560139
17.690308,0.8057842
17.846012,0.57063293
18.950489,0.7594204
17.690601,0.74180794
17.978006,0.8001194
19.31554,1.0778675
17.250029,0.76895523
17.84462,0.80127335
17.09434,0.83821297
17.43366,0.79509354
18.540808,0.8016491
18.437967,0.8888931
16.984425,0.8574047
17.92158,0.8006687
17.892807,0.82439995
19.055235,0.9950428
17.086655,0.8357239
18.465405,0.90053177
18.800737,
17.073677,0.7861805
18.509775,0.8357334
17.491177,0.7486439
18.59154,0.8973484
18.643658,0.9098282
19.626993,1.2037716
13.233645,1.3221893
19.224096,1.0480728
16.96317,0.88895607
16.291021,0.99329376
17.434507,0.77619743
17.24733,0.8072643
12.871837,1.2997179
18.133799,
17.762127,0.80999565
18.572727,
18.074108,0.84165
17.751307,0.74536896
18.218943,
19.834188,
17.752304,0.82572556
17.902409,0.89466476
13.55882,1.2416611
17.531542,0.7833061
18.4086,0.7360344
17.924475,
16.116968,0.99542236
16.507412,0.9880028
13.694532,1.2302437
16.946049,0.97032547
17.149284,0.84119415
17.04584,0.85902405
15.044525,1.1014223
18.358587,
11.36005,1.7493773
18.476757,0.8729267
17.114141,0.90475273
16.519093,1.0049486
13.66396,1.0612335
17.371525,0.7949619
15.244816,1.0874414
18.028221,0.8399677
17.668474,0.7722645
18.56846,0.84459686
17.02394,0.8878002
17.136152,0.8190918
17.671974,0.7803955
16.809679,1.0228252
19.47708,1.1504593
17.136625,0.8611679
17.145416,0.8055172
16.711018,1.0093021
19.074026,1.032114
17.390516,0.826025
15.112019,1.1038342
14.257455,1.1675186
19.900011,1.2241898
18.083023,0.7957535
18.401798,0.84355736
18.046211,0.82722855
19.19299,0.9928036
17.116161,0.83522224
18.679506,
18.03085,0.80239105
19.391407,
17.846449,0.7950344
19.130207,
19.002514,1.0607281
17.169432,0.85528374
17.025595,0.8671932
19.029497,0.95565224
17.767569,0.8113022
17.508173,
18.379864,0.8379059
17.140205,0.80181694
17.02064,0.89278793
13.901935,1.0416222
19.53481,1.0232468
18.959927,0.95121
19.477877,
17.959795,0.8389263
19.862644,1.268383
17.349384,0.83732796
19.915024,0.8283367
18.377535,0.78928757
19.052156,
18.82444,0.97719765
18.402868,
17.049894,0.83014107
17.528807,0.7881527
18.292171,0.8038597
18.38129,0.8343792
17.214893,
17.653242,0.76000214
17.808857,0.71699905
17.52228,0.8057308
15.451386,1.0863934
18.450071,
18.815077,1.2884235
19.699654,1.0229816
16.216982,1.04002
17.18297,0.7818451
16.510454,0.9973011
18.308996,0.9293728
17.086727,0.76514053
17.771288,0.7408676
17.532492,0.79044914
18.850908,
18.311943,0.852232
18.790056,
17.937918,0.7772827
15.892803,1.0444555
19.646175,1.1062546
19.437841,
18.325405,0.9579468
19.718225,1.1081161
17.684986,0.7818966
19.739834,
19.1026,1.0294647
18.634512,1.0113392
18.710598,0.95181847
17.65355,0.77189636
17.869991,0.8070183
19.868113,1.4591942
18.27364,0.84451294
18.053225,0.8685818
18.79396,0.88157654
18.223942,0.79789543
19.576067,0.93242264
19.545305,1.0406361
17.258581,0.80407524
16.509476,0.746027
18.845278,0.89478874
17.60122,0.7877922
17.585823,0.77189064
19.378859,1.066431
17.030588,0.86073494
18.424057,
18.872124,0.91503906
18.01874,0.7174816
14.059696,0.836071
19.270786,1.2378483
17.912838,0.7756481
11.433634,1.7697535
13.855536,1.0430136
17.889511,0.7810116
18.00225,0.7714939
18.778437,0.861269
16.761646,0.9925213
17.852932,0.77201843
16.607117,1.0165148
17.259775,0.77332115
19.069956,0.85232544
19.433739,
18.686747,0.8315277
18.91404,0.89079094
18.880241,1.0283012
16.824787,0.9751358
17.496819,0.7745285
17.406784,0.77991486
17.855171,0.83083534
18.521967,0.89862823
18.867619,0.88843155
17.783268,0.7850456
18.800333,0.8864517
18.247229,0.8088169
16.004505,1.0318079
18.532732,0.8546467
17.14522,0.8018036
18.225212,0.81391144
17.240788,0.80051804
17.892311,0.7982998
18.858358,0.93969727
16.41356,1.0261106
18.089685,0.78445816
18.355309,0.88549805
18.083553,0.8511257
17.408459,0.6260414
16.990479,0.9425125
17.820723,0.7629223
16.37419,0.7703533
19.769241,0.9890423
17.594896,0.7854271
18.364227,0.8377838
17.51492,0.78899384
17.709332,0.7810898
18.009937,0.803566
17.450222,0.7694588
18.079752,0.83213615
19.255972,1.0076447
17.43866,0.77703667
14.206335,1.1722994
19.549747,1.1565571
17.922379,0.77661705
17.92476,1.0010262
19.395746,0.963274
17.955954,0.7760811
19.024849,0.8534298
18.05462,0.81749153
17.244347,0.7729931
18.10442,0.82229805
17.633968,0.77905273
16.785921,1.0200462
19.250559,1.0332794
19.29081,1.1157646
18.923532,0.8019638
18.774303,0.95282936
18.77786,0.9293289
17.955357,0.80742645
16.169046,1.024889
18.359283,0.8173332
17.389677,0.77916336
18.913843,0.8860836
17.388765,0.77513504
17.717278,0.7837086
19.694324,1.1280193
18.69023,0.87553215
18.85069,0.8802929
17.15455,0.7627964
18.243929,0.8137016
18.840155,
17.888481,0.78082275
16.75884,1.0054893
15.703364,1.0581837
18.044786,0.78178215
19.582716,1.0111828
18.290297,0.75847626
17.753572,0.8040352
18.53962,0.87833977
16.923065,0.9939041
19.178307,1.0477695
18.816315,0.8199978
17.303978,0.7800751
17.094238,0.79094124
18.085047,0.8206959
18.850203,0.89585686
17.975504,0.8247986
17.0898,0.8202381
17.194324,0.79073143
17.642553,0.774807
17.260485,0.7959137
17.59073,0.7704811
17.198933,0.790493
18.112152,0.83849144
17.28654,0.819437
13.8859825,1.2094784
16.650738,0.99619484
18.603754,0.87046623
17.567446,0.78048515
17.544863,0.78541183
16.86552,0.99477005
17.661306,0.80599594
18.966467,0.8692093
18.676826,0.8787441
17.00693,0.9139347
18.040096,0.80286026
17.455206,0.7791157
18.384882,0.8273239
18.084957,0.82803345
18.415724,0.87402534
14.819366,1.1366968
18.414864,0.93255615
17.01594,0.819849
17.44701,0.7711563
17.934845,0.7726898
18.632269,0.8580055
17.074339,0.8359852
16.951193,0.9483242
18.158283,0.8104229
17.951937,0.8175354
19.094507,0.9467468
18.858086,0.89294624
17.519398,0.7699871
13.820861,0.9788141
17.474895,0.76202774
19.730648,0.9551258
18.697361,0.8990402
18.408922,0.85302544
13.865603,0.99988174
17.751337,0.7716446
17.137224,0.7994995
17.473623,0.76447296
19.193144,0.9329376
17.832216,0.77106476
16.297878,1.0347776
18.467556,0.8795185
19.580986,1.0015335
17.159334,0.78928566
13.807118,1.0503464
17.788181,0.81036186
16.904573,0.96063423
17.065552,0.88394356
17.384466,0.78318214
13.454586,1.1733809
12.783443,1.2001019
13.843935,0.98396873
11.346143,1.7592106
12.293056,1.3044643
13.862575,1.0426302
17.58632,1.0590153
18.271698,
12.60451,1.3224354
13.848018,1.0075426
15.441432,1.0515547
13.313372,1.2499495
14.2704935,1.152256
16.95987,0.941906
13.486714,1.1112509
17.32377,0.77550507
17.252268,0.81848145
17.483168,0.83851814
17.422142,0.7992668
17.33444,0.74274445
18.749207,0.8562527
17.268156,0.82497215
17.182346,0.82834816
18.428522,0.94067574
19.029224,0.93743324
15.734664,1.0515947
18.4145,0.8711891
19.211891,
18.155931,
13.689576,1.0596237
16.975683,0.79130554
18.507473,0.903595
13.7939005,1.0463047
17.009565,0.8468628
16.49951,1.0066032
18.659702,0.9503689
17.868177,0.8063793
19.356474,
18.57631,0.8848095
17.100634,0.87952614
16.993425,0.92043304
19.28842,1.0097427
14.362215,1.157321
19.105486,
15.630264,1.0344458
13.789771,0.99100876
17.499413,0.7177105
14.839917,1.0794907
17.18885,0.9218645
16.972065,0.9762058
16.014809,1.054699
16.837584,1.015028
14.27568,1.1591358
16.700182,0.99050903
18.076685,
16.771404,
17.270264,0.7539253
13.842716,0.9777765
17.120544,0.8221798
17.944206,
17.351673,0.8124542
17.336885,0.6977253
18.348288,0.80407715
17.774086,0.8237152
18.819685,
16.231342,1.048109
18.032461,0.7884407
17.310925,0.8162403
18.747387,0.91280746
13.847513,1.0356646
13.883485,1.0163813
18.620865,0.9531479
19.245728,
17.065237,0.8139572
17.911968,0.85723877
17.863043,0.7547531
17.752472,0.75187874
18.32407,0.8700371
19.561527,
18.987776,0.95819664
17.096972,0.8116493
19.675694,1.2391376
18.564173,
18.858393,0.8948326
19.691252,
15.801305,1.0537701
18.615158,0.8883419
16.630959,1.0214977
17.609875,0.7474308
17.499224,0.76208115
19.964544,1.1033497
18.595669,0.8387623
18.998276,0.96959877
18.380491,0.8149605
18.276249,0.87436485
19.228992,1.1269398
19.26053,
16.155428,1.0590029
18.618729,0.87994194
18.846037,0.8713188
18.12824,0.8065834
19.422884,1.0607738
18.294027,0.92196655
17.198578,0.8156986
18.056883,0.7739792
18.121605,
17.659279,
16.189888,1.0357828
18.47722,0.7991314
17.618948,0.81184006
17.037127,0.85894585
14.249582,1.1524935
18.941095,1.0671597
18.362856,0.81245804
19.70377,
18.397118,0.8743744
18.53747,0.8117657
18.124838,0.7762222
18.547451,0.9352951
18.154076,0.8428211
18.621199,0.8693466
19.495977,1.0504608
17.58407,0.74189377
14.297327,1.1805382
18.595057,0.8846264
17.45171,0.84423065
17.541233,0.7934704
16.592493,1.0021095
15.677242,1.0808163
18.421228,0.7927704
18.077143,0.725193
17.691944,0.8553295
17.999523,0.8332119
17.81263,0.7686882
17.752914,
17.53546,0.8080101
17.66515,0.84225845
18.46134,0.7658024
17.986612,
17.709274,0.7179184
15.864235,1.0265226
13.848555,1.0183563
17.375027,0.75063133
18.9252,1.1652622
17.7767,0.80182266
15.905131,1.0476446
17.214476,0.7973881
18.532986,0.84026337
17.736183,
18.82087,
17.472893,0.769701
17.515886,0.8008194
16.078499,1.051631
17.487225,0.74142647
19.412767,1.0547466
17.33287,0.77749825
17.563572,0.7642517
18.09269,0.7858696
18.17455,0.7941971
17.653292,0.9081745
15.797136,1.0437117
11.248088,1.8982115
17.770742,0.85881233
17.566715,0.7695408
18.54152,0.88908005
19.545967,1.1142254
17.78,0.78331375
18.238802,0.89419556
18.365097,0.8183441
19.194859,0.9879494
16.821737,0.9991913
19.267721,0.9724541
17.738794,0.7605648
13.928418,0.98761845
16.896719,0.9682064
18.84343,0.90753555
19.158436,1.0747967
17.010029,0.9513321
17.426525,0.78901863
17.868395,0.8410702
19.391403,
17.766542,0.7937565
17.57801,0.82536316
18.48523,0.92928505
18.659073,0.8946438
15.915876,1.0633221
19.25724,0.9907589
18.979261,0.7070389
18.774492,0.88941
18.97647,
16.462597,1.0280209
18.02803,0.79455185
16.14773,1.0636148
17.487698,0.7683487
19.13291,0.947443
19.961292,
18.32552,0.9614315
18.847445,0.99730873
18.364998,0.81365395
17.396902,0.7803173
18.44798,0.8087387
18.063702,0.8264885
18.090296,0.73451424
17.495348,0.82039833
17.155169,0.81243515
19.39061,
14.85915,1.1168547
13.659025,1.0823355
13.819173,1.0414762
16.32404,0.9939909
17.4217,0.7901325
18.48126,0.9202347
13.86222,1.0415401
19.019156,1.0707493
16.78621,0.99485016
17.20353,0.80970955
17.533857,0.78164864
13.115644,1.3212814
17.190416,0.84775925
19.832329,
12.931912,1.3428984
18.731749,0.8878155
17.347078,0.804327
13.897765,1.0240059
17.915428,
18.547916,
19.253973,
18.43216,
18.657606,1.0416527
13.169856,1.2974329
12.789617,1.3743601
16.363728,1.0402565
18.08741,0.79735756
16.977615,0.90644646
16.837551,0.97984314
18.46323,
15.921312,1.0715361
19.71975,
17.052153,
17.17483,0.7911434
18.658598,0.90867996
19.795256,1.2301731
17.141045,0.81386375
17.867302,0.8116703
18.450384,0.7554779
18.728127,0.9466686
18.737371,0.87503624
17.63162,0.8123913
19.188599,0.8803215
16.670786,1.022644
17.459885,0.7630825
19.388693,1.0474167
19.401712,1.0338078
17.002794,0.9127865
18.829496,0.9543743
17.88562,0.8044281
15.056495,1.102087
17.324701,0.81690407
19.563267,1.0885353
19.275648,1.1225052
19.512482,1.0503292
18.481392,0.86476326
18.51137,0.8249359
16.591974,1.0375023
19.21819,0.8803768
17.275412,0.77223206
19.743135,
19.18493,1.0220528
19.046177,1.0814972
18.68213,0.81194687
18.683094,0.9528713
18.125156,0.83826256
17.533434,0.7459984
17.881792,0.79758644
19.148731,1.054615
17.045727,0.8290806
17.590578,0.77843094
13.883758,1.0523233
13.804618,1.0579939
19.124567,0.9049854
17.335108,0.7723236
17.486368,0.7796078
18.825983,0.8870373
17.64974,0.7737675
19.28511,0.94307137
15.38929,1.0789986
17.032269,0.82375526
19.515846,1.1178703
16.985445,0.9334717
14.121058,1.1825638
18.94157,0.9575424
18.444382,0.819685
18.94162,0.90834236
17.684422,0.76947975
16.464872,1.0280752
18.42713,0.94000244
19.689558,
17.752987,0.7428131
15.246044,1.1066742
17.054743,0.8547306
18.5545,0.89665985
16.819902,0.984787
17.93953,0.77723503
19.788124,1.2487106
18.02381,0.79670143
18.303127,0.8184109
18.88807,0.91420937
18.179329,0.8388481
16.167614,1.039774
17.5741,0.8650799
17.264494,0.7975178
16.886433,0.97816086
17.907055,
17.970596,0.7997799
17.200424,0.8067341
17.679474,0.7829361
18.28874,0.8587589
17.436872,0.77487755
19.2865,1.069027
13.418855,1.2729015
18.074972,0.8260784
18.482668,0.8891201
19.085653,1.0279865
17.952148,0.78053284
17.867096,0.7959862
15.554602,1.0692167
18.174026,0.77134705
17.158396,0.8153801
17.320316,0.78800774
18.746256,0.9574261
19.649897,1.1053505
18.363401,0.8383522
18.30669,0.83765984
17.841373,0.7977543
18.16209,0.82417107
18.407612,0.85497665
17.11998,0.79221535
17.305948,0.7703686
17.704205,0.78430367
18.20523,0.8036251
19.192587,0.9232807
17.392406,0.8079548
17.887053,0.8143368
18.904741,0.9221039
17.014706,0.8612366
19.693195,1.0674343
18.683071,0.87784576
18.755608,0.9424095
19.849815,1.2865124
18.420885,0.8329716
17.836208,0.75930405
18.424425,0.84631157
18.96252,0.92721176
19.555235,1.072031
19.242294,0.9000206
19.823238,1.0157909
18.25114,0.8445034
19.675644,0.8604717
18.219627,0.8260803
18.755709,0.9537792
19.986675,1.1299915
13.896201,1.0321207
18.383608,0.846241
17.321955,
18.958729,0.9029465
17.802067,0.7848892
18.296576,0.84558296
18.240068,0.7630539
18.797447,0.9168911
15.505827,1.0892954
19.806746,1.2388039
18.910501,0.95667076
17.406979,0.7700596
17.766775,0.7599678
18.011412,0.80545044
19.899754,1.2441006
18.615116,0.89198303
17.839308,0.8099556
17.973629,0.80688477
17.844547,0.7941818
17.523962,0.7718811
16.597313,0.981493
16.47106,1.0298443
17.799963,0.7784996
18.54326,0.81246567
18.644667,0.9093132
19.731033,
14.6101055,
19.580944,1.0710049
19.060436,1.1176167
19.608322,
15.690774,1.0464277
19.702322,1.3145752
19.334549,
18.538683,0.93997383
18.980978,0.989727
12.132359,1.4888649
18.741734,0.8622017
19.188623,1.0375443
18.138063,0.78134346
18.796719,0.89125633
18.683155,0.95210075
17.70921,0.78170395
18.616142,0.870348
19.5278,0.8929882
16.766655,1.0131664
18.52776,0.8066673
18.691057,0.73895836
13.726429,0.9574585
18.739075,0.97480583
17.065224,0.8451481
17.083817,0.8573437
17.04701,0.82173157
19.135641,0.9952183
17.57409,0.774086
19.01813,0.9580269
19.513884,
17.577219,0.74775314
19.355314,1.0810013
18.754778,0.93055725
19.330032,1.0730133
18.283998,0.7848377
18.532782,0.8466759
19.320566,0.9445877
17.013783,0.8632145
17.699091,0.7650337
18.217049,0.778038
18.948288,0.9640732
17.7736,0.7801552
19.128866,0.9759655
18.125206,0.8371868
18.205954,0.8215313
17.951023,0.8559017
18.99778,0.9564457
19.114943,0.96009445
16.674494,0.85079765
18.348524,0.76047325
18.805853,0.91679
19.25354,0.9928894
17.53164,0.77503204
16.629574,1.0415115
18.375631,0.86203575
18.039948,0.8089447
17.734999,0.76028633
17.728325,0.77249336
19.224785,1.0159073
18.996967,0.958086
19.283152,1.1095581
19.06229,1.036108
19.487055,1.0603733
18.338018,0.8428631
17.80437,0.80563545
17.479942,0.782526
19.31767,1.0346966
17.937365,0.7972851
19.68601,1.0693302
18.373686,0.7655277
18.783508,0.91623306
19.206415,0.9584179
18.841465,0.929945
19.0856,1.0447807
18.41711,0.8278351
17.897757,0.7687168
16.489243,1.0282602
18.763464,0.8831711
18.2749,0.839468
18.147978,0.7877941
11.605937,1.691369
19.140432,0.9845238
16.98119,0.8880062
17.172531,0.7764168
19.196829,0.94729996
18.60778,0.8033829
18.659422,0.9201679
16.734129,0.99658394
16.66704,0.6763458
17.159283,0.8087311
15.61463,1.0762997
17.386736,0.78286743
17.34254,0.78199005
18.559788,0.8371353
19.355505,0.92697334
17.345812,0.7768173
16.732878,0.99471664
19.014242,0.9246712
17.112856,0.8069515
18.729935,0.8869076
18.663212,0.90987587
18.63636,0.8441639
17.969948,0.7779274
19.128887,0.9629307
15.349971,1.083539
19.573761,1.1286926
19.04505,1.0180664
17.820972,0.8898449
14.527557,1.1361094
17.251423,0.79320526
18.896194,0.84493256
19.155962,0.95110893
16.837618,0.93950844
17.852219,0.7526741
18.751347,0.9284439
18.815233,0.92856216
19.43305,1.0952606
16.411945,1.0263681
17.926996,0.794754
16.97188,0.9141407
17.11817,0.8966446
17.847143,0.75538826
16.606813,0.9963188
17.724998,0.79400444
19.44686,1.1448879
17.982979,0.8298607
17.68909,0.7519207
18.800365,0.88571167
17.294884,0.7757759
17.983068,0.7980385
17.497355,0.7637863
19.115622,0.9872074
18.38904,0.8493061
18.055693,0.7862396
16.549152,1.0520735
18.270477,0.7897358
17.082123,0.8417492
18.57173,0.8715458
18.614616,0.8455429
18.325928,0.8504257
19.174433,1.0203133
18.497862,0.8625145
17.758966,0.7656822
19.10512,1.0164375
17.15812,0.8022537
16.993792,0.9455509
17.773584,0.8075199
18.292875,0.8554821
13.808123,0.9877329
18.57558,1.0083389
18.606575,0.954134
19.594458,1.158371
19.797995,
19.329525,1.1023388
18.627863,0.8841343
18.073874,0.83501816
18.9818,
19.505424,1.0741653
18.416647,0.83997154
16.273623,1.0430908
18.244686,0.81332016
18.921131,0.9033451
18.257387,0.78240204
18.96278,0.9521408
19.874434,1.3322163
17.831078,0.81280136
19.51484,1.0895805
18.307568,0.8365059
18.116224,0.823164
18.502083,0.8803749
18.640312,0.8652191
19.255264,1.0285645
19.290455,0.9692421
13.88931,1.0688295
17.582693,0.7682476
19.701584,1.2906189
17.024204,0.8726387
18.52564,0.8412037
19.884857,1.1607494
19.86855,1.221056
17.0469,0.85731506
13.801215,1.01509
15.209666,1.1008606
17.673822,0.80075073
18.90329,0.8752861
18.508127,0.887907
16.488897,1.0289116
19.049408,0.9555588
18.372072,0.80784416
19.42247,1.1070633
18.35553,0.8761368
17.382856,0.7733002
15.586411,1.074399
18.682798,0.8649311
18.55968,
18.576183,0.8795147
13.867805,0.9845276
17.03087,0.61416626
17.773605,0.7784958
18.912611,0.8948879
17.904993,0.80563927
19.052246,1.0254765
16.946089,0.9396019
18.059217,0.82346344
18.946692,0.824276
19.351479,1.0097466
17.26667,0.7840481
18.797274,0.89984703
18.134954,0.7883148
19.818714,1.0494137
19.48172,1.0330982
18.702078,0.793684
19.314837,1.0902958
17.728298,0.7684498
18.973997,0.9411068
16.500422,1.0343237
17.392958,0.76086044
18.597849,0.91025925
18.603653,0.7984047
18.072102,0.7831211
18.329184,0.8333893
18.148857,0.8102474
19.178228,0.9527302
15.707652,1.0735378
18.38133,0.82497215
17.211021,0.7962551
18.95852,0.9493084
19.13584,0.9867611
18.780146,0.86559105
19.143726,0.8785343
18.448608,0.88180923
18.844805,0.95023346
18.400848,0.79850006
16.986973,0.8875027
17.78591,0.86551857
17.6386,0.74464035
17.465588,0.7630997
18.012243,0.791008
19.303314,
18.991545,0.9521656
19.420677,1.0167084
18.681112,0.8873329
19.931274,1.1717987
18.174232,0.7902088
18.144167,0.79549026
18.842726,0.90542793
18.891123,0.93659973
18.47051,0.99923706
15.649563,0.43558693
17.23447,0.7795963
19.68551,1.0999279
19.511765,1.0183754
18.198692,0.8173523
19.80919,0.9481659
17.679922,0.7947464
18.585085,0.7920513
17.928133,0.77484703
18.943676,0.8965225
18.57635,0.89964676
18.785915,0.8611603
18.462538,0.8552952
17.216318,0.7625389
19.779387,1.1639748
18.025995,0.80166817
17.965878,0.82876396
17.53716,0.76815605
17.442167,0.7806282
15.762684,1.0083809
19.884651,1.173151
19.17339,0.9332619
18.752419,0.9353924
13.873249,1.03615
19.516342,1.0676651
18.158031,0.7956352
19.880463,1.1690845
19.689024,1.1603718
18.490843,0.845953
18.320534,0.83561325
17.32761,0.77547455
17.304653,0.7771549
17.207855,0.77998924
18.25562,0.82629776
16.943182,0.9670639
17.801292,0.7963886
18.496754,0.88170815
18.635723,0.8837185
18.892511,0.92541504
18.093555,0.82016563
14.620576,1.1344585
19.329275,0.9915657
17.269419,0.7828655
15.557472,1.070754
19.219412,0.94356346
17.061766,0.8212261
17.992758,0.80581284
17.205233,0.7804184
17.763262,0.78227043
18.630842,0.8702049
18.272125,0.8091259
17.624622,0.76729393
19.477007,1.0569801
19.32363,0.99378204
18.746052,0.8790169
18.624958,0.9073639
12.6406,1.4144421
18.254221,0.849947
17.97918,0.7883148
18.448858,0.78801155
18.081856,0.79859734
17.933104,0.8050766
19.55674,1.06287
18.284603,0.8035164
18.300133,1.0361538
17.898,0.7603226
17.924326,0.8467865
18.387524,0.8588753
19.281588,1.0031719
17.373781,0.7515545
18.350534,0.8244343
19.94013,1.0042686
19.817904,1.0306587
18.606783,0.8680954
18.022348,0.7969551
17.147554,0.79748344
18.65003,0.8800545
16.218212,1.0770025
19.069199,0.7899475
19.711704,1.0736179
17.261864,0.8029766
14.678543,1.1274862
18.067547,0.910099
17.082664,0.8220806
14.8224745,1.1113844
19.077272,0.92819214
17.900602,0.7706833
17.412989,0.7937126
19.796846,1.0403957
17.618685,0.7999401
17.822752,0.76037025
18.553194,0.88661766
17.013172,0.8228378
19.575258,0.961359
16.934925,0.96385956
18.79495,0.94768906
17.004093,0.9364853
18.47859,0.8640251
19.543364,
17.70684,0.7729206
17.008604,0.8931141
17.556448,0.7983074
17.854866,0.7590122
18.43601,0.9209442
18.520327,0.89344025
18.27656,0.82847786
17.967579,0.7865181
18.738937,0.93465996
19.477362,1.118227
16.382267,1.0314083
18.479223,0.8810768
17.850542,0.7910862
18.34607,0.8632088
18.061176,0.76439285
16.8401,0.96520424
18.18765,0.8262272
17.088934,0.81155014
17.079174,0.84482
18.58263,0.8460827
18.81294,0.92707825
17.222134,0.8020706
18.108358,0.7796936
18.53134,0.8521881
18.546864,0.8484287
18.983074,0.8733463
19.197706,0.991066
19.938093,1.2435932
16.380428,1.0510149
18.653957,0.83615303
17.657614,0.7571945
17.194588,0.7719574
18.634043,0.86481476
18.355665,0.9014549
19.96319,1.2045403
17.168148,0.77165604
17.601076,0.77248764
13.882784,1.0222168
19.52889,1.132225
19.104807,0.98600197
18.771315,0.9285908
18.745783,0.86146736
13.787106,0.99944305
16.231033,1.0338821
17.827753,0.73846626
17.139034,0.8108349
16.236683,1.0593538
18.016424,0.78564835
16.906384,0.9732475
14.152887,1.1639309
17.117777,0.8269348
17.03735,0.8764229
19.141623,0.9272022
19.626822,1.0797195
17.264874,0.7836399
16.714025,1.0190773
19.522482,0.9959736
18.403498,0.7923145
18.677282,0.88705635
15.172177,1.0930977
17.628761,0.78022766
17.482634,0.7762928
17.363363,0.7785969
18.484518,0.8042145
18.001472,0.79050064
18.259369,0.8168545
19.668715,
17.010801,0.88041306
17.256363,0.794754
15.4537525,1.0673189
19.367157,0.9886379
17.476286,0.7726288
17.372042,0.73389626
18.152512,0.9197254
18.591303,0.8847008
17.13231,0.8133755
18.050884,0.76470566
17.736204,0.78416634
17.587782,0.7865524
17.464499,0.77173996
17.903063,0.7916088
19.598038,1.1245155
17.866735,0.8149376
19.019547,0.96404266
18.475195,0.855917
17.031567,0.85661125
15.491107,1.0730038
17.03543,0.8648815
19.307516,0.9799328
18.549877,0.8273525
19.566822,1.0498219
17.44862,0.7814026
18.963915,1.0068016
18.989353,0.9705677
13.79601,0.9746437
17.28667,0.76070976
18.51351,0.81721306
18.0272,0.8198452
17.230469,0.77308846
19.743044,1.1589851
18.823341,0.8787689
19.806555,1.1404247
18.408344,0.86060333
18.897774,0.9307842
18.235294,0.79740906
16.685041,0.99197006
18.274782,0.8123627
17.713306,0.79213524
19.108212,0.98820686
19.925053,1.3151836
18.213026,0.81134033
17.627922,0.78149223
19.431534,1.0621662
17.153646,0.8246994
17.020987,0.87623787
19.93102,0.88693047
19.348991,
17.809317,0.7581539
18.868368,0.9673939
17.663595,0.7704563
17.399755,0.7807369
17.098581,0.8321724
17.67548,0.81213
13.89382,1.0568295
18.255163,0.8508835
15.534276,1.0595083
17.466404,0.7949219
18.312582,0.8585186
18.98956,0.8239765
15.382153,1.0970774
17.50951,0.746912
19.903568,0.96128464
15.492673,1.063076
17.036316,0.8812103
15.629599,1.0722551
17.99485,0.78499603
18.789907,0.84703064
17.363844,0.8001671
17.28324,0.7857876
18.22649,0.81620216
19.407572,1.0348625
18.77694,
18.647255,0.8323536
18.646452,0.84425545
17.565048,0.8056221
17.643637,0.7648506
18.797583,0.8825817
17.210264,0.83943176
17.659306,0.748909
18.58586,0.79938126
17.799093,0.74749756
18.61737,0.7464218
16.06258,1.0588408
19.638474,1.0566292
17.930363,0.7880783
17.214178,0.8065586
17.9784,0.7993679
19.48222,1.042263
17.867277,0.77796173
18.38498,0.8529568
18.900696,0.88383484
19.161406,1.0840645
17.429953,0.79602623
17.768005,0.79691696
18.934515,0.9887104
18.82195,0.9419651
19.837004,1.2350044
17.810316,0.73646545
16.681177,0.98114395
17.554552,0.78219604
17.073818,0.8503971
18.611725,0.9381046
15.763164,1.0603161
19.388462,1.0498867
17.11276,0.8213253
16.932264,0.97598267
19.176996,0.9028244
14.166728,1.1956844
18.192776,0.82027435
14.243246,1.1590824
17.055925,0.81955147
17.187826,0.8103447
16.996033,0.9564686
19.255085,1.0336933
17.081024,0.86621094
18.514498,0.91056633
18.617897,0.8457756
18.152536,0.8170433
19.039413,0.9730835
18.739063,0.86432076
19.646872,0.80906487
18.712471,0.8838253
18.019224,0.8131809
18.442217,0.8522072
18.178947,0.80929756
15.767048,1.0672417
19.513454,1.041439
19.036617,0.9275646
17.568548,0.76677513
17.376045,0.7165222
18.343933,0.8268032
19.147703,0.9333477
19.029755,0.9215336
17.322313,0.76660347
18.30234,0.8105278
17.632519,0.78320885
14.314608,1.1812086
17.684113,0.77521133
16.94171,0.97288704
14.112972,1.2075071
19.355145,0.9542599
18.099514,0.78982925
17.283161,0.7813225
19.04887,0.9288864
19.310299,0.9744129
19.248209,1.005291
18.304546,0.8503399
18.176958,0.778595
18.671234,0.8579006
18.093102,0.7820587
