phot_g_mean_mag,bp_rp
17.210058,1.2749462
19.78483,1.902153
18.351168,1.460228
19.94856,1.9264584
13.8016,1.5239229
16.964334,1.2614651
19.550337,1.5640488
15.1434765,1.4284973
16.948544,1.2415524
18.413498,1.5365734
19.174849,1.7062435
17.719704,1.3655643
16.459923,1.2331581
18.298048,1.451994
18.905127,1.5687752
19.67212,1.8484936
17.79657,1.3279533
18.95537,1.5967693
15.855805,1.4191542
16.13713,1.2780676
16.792223,1.2444801
19.699472,1.7740211
19.492,1.7936783
16.80005,1.2781258
19.105274,1.641119
17.46838,1.2938557
16.141102,1.2491817
17.47032,1.3207417
17.970423,1.3602829
18.157843,1.4018421
11.878925,1.6941824
16.010431,1.2988605
19.860394,1.8329372
19.67786,
16.840965,1.2227039
18.322502,1.536541
17.9173,1.4023361
18.166716,1.3892326
16.944096,1.2541466
17.61784,1.3529606
17.438738,1.300457
17.98452,1.5494957
17.875244,1.3220501
17.327978,1.2325382
17.891516,1.3329048
20.019247,1.891716
17.272264,1.2911949
16.9994,1.2839184
18.241234,1.4262371
16.515232,1.2592583
16.22749,1.2705488
15.792844,1.4247599
16.903437,1.2448311
19.044851,1.6063824
18.047527,1.3624191
19.698978,1.7582226
16.768557,1.2266006
16.938898,1.2418079
17.016623,1.2359447
13.090076,1.0716438
19.39793,1.9175301
20.447533,1.6667004
16.274397,1.2366753
20.514008,1.7252636
17.084074,1.2565899
17.065405,1.2516899
17.101377,1.2765198
18.415207,1.4796429
20.07139,1.7381229
16.613258,1.2167082
18.156448,1.4478016
17.471525,1.2875385
16.544498,1.2523203
17.978453,1.4049549
17.36364,1.2876682
16.913246,1.2892246
19.140862,3.011385
15.107198,1.5091934
19.342358,1.8163013
18.079124,1.3876514
14.677822,1.5263472
16.0162,1.3260212
16.202875,1.2953072
17.339077,1.2598324
20.272764,2.511362
19.109194,1.9320278
19.704073,1.9215584
18.582745,1.5784054
17.123873,1.3371868
17.479065,1.3632164
20.251335,1.4601994
20.53978,
16.746325,1.3122082
19.410954,1.7826385
17.24142,1.2703648
16.416307,1.2552605
16.072378,1.3465881
17.517153,1.316824
17.362907,1.3041801
16.265802,1.3031349
16.385899,1.2728882
17.542818,1.347395
13.23332,1.1616621
19.521849,1.7842102
16.0064,1.4414358
19.523367,1.7186642
18.152933,1.4263325
16.613144,1.2877388
18.727358,1.5428696
19.755987,1.6286812
17.99513,1.399313
17.09064,1.396328
18.451202,1.4804134
18.0035,1.5522575
16.164043,1.2974625
17.92397,1.412138
13.201409,1.1879196
16.353115,1.3539333
17.150763,1.2908688
19.387903,1.8622055
16.279097,1.2689095
17.488989,1.3156013
17.31484,1.0799828
18.007406,1.3939495
16.782305,1.2705421
16.238579,1.2486143
17.196667,1.3097267
20.394766,1.7948322
16.256245,1.3080769
16.233908,1.3560171
17.041132,1.2829437
20.633923,2.7326756
16.568121,1.3013248
15.266552,1.5024118
16.750458,1.2110558
17.973122,1.3636703
19.883476,2.1308556
17.088469,1.3458748
19.54197,1.6876373
16.774588,1.3013248
18.793358,
16.975197,1.3024406
19.061268,1.3644562
15.481209,0.93948174
18.100527,1.3814545
16.51342,1.3853989
16.863522,1.2996655
17.695074,1.4540806
17.55388,1.2765255
16.40735,1.2494249
17.40397,1.2420158
16.787724,1.2459087
16.919348,1.6357098
17.292944,1.3415661
16.655235,1.2424259
16.972752,1.2195377
17.195274,1.2110081
17.533176,1.2603607
20.306927,1.3880386
16.649181,1.1878643
13.885001,1.5057745
15.968162,1.3942347
16.98269,1.233305
17.892717,1.3730946
18.866793,
19.575323,1.8220234
16.710207,1.2262917
16.907623,1.3327227
15.895156,1.3662481
16.690025,
18.852238,1.5153236
16.361206,1.2329578
15.047852,1.4502268
18.12856,1.2552052
17.802702,1.3766747
16.461428,1.1989594
17.318293,1.2583332
,
18.875492,
,
11.07274,1.8827991
17.148565,1.3496552
18.557049,
17.214275,1.310194
16.295643,1.3339939
19.975626,
16.624567,1.2572918
18.33579,
11.167607,1.7996616
17.05334,
16.32842,1.3326483
13.267717,1.2039223
16.714298,
14.214051,1.5404978
16.240866,1.2150726
17.259064,
16.736408,
16.814297,
16.158026,1.3212452
17.232151,1.3734102
16.053377,1.3853312
16.444061,1.2905073
18.234428,1.1907578
16.151224,1.3186731
16.625513,1.2487106
19.526978,2.4978046
18.368547,1.4658833
16.212368,1.3064404
16.133848,1.3082199
16.052572,1.3846407
17.35515,1.3219948
,
16.030718,1.3082924
16.210295,1.3033018
16.390865,1.2405567
18.76457,1.7740364
17.00737,1.2328186
16.405972,1.5054102
17.210125,1.4567299
16.23171,1.253645
19.122799,2.2651615
17.665085,1.2423763
16.86394,1.2877045
15.597987,1.4230671
17.794645,1.2687244
16.916945,1.2921495
18.051287,
17.840017,1.1520672
13.0679455,1.2115307
17.354895,1.3050232
17.394022,1.2462196
16.401896,1.2248096
15.699356,1.4277601
15.97174,1.2861843
15.566525,1.4017792
16.344364,1.2020655
16.788118,0.95757294
16.450808,1.2268553
17.431742,1.2552071
16.974516,
17.85711,1.3218212
20.19367,
16.997145,1.2513447
16.42181,1.2830887
18.099905,1.4040489
16.52479,1.2572231
16.510782,1.2141066
17.061457,1.2439423
17.2571,
16.706245,1.2519102
16.179142,1.1932468
17.719652,1.2301598
17.830706,1.3713398
16.884413,1.24193
16.321209,1.2606974
16.045187,1.3746967
17.958027,1.3834114
19.224892,1.628046
17.073538,1.2731342
14.472025,1.5854168
20.268906,1.8128872
18.191614,1.5040989
17.64135,1.3915367
17.297073,1.3367386
17.97977,1.3923893
17.14435,1.2821827
17.105778,1.2702198
16.715874,1.2632389
19.414429,1.717392
17.270988,1.3650913
19.696968,1.8419437
20.300493,1.8453712
16.031557,1.4019747
13.088117,1.1884861
18.060616,1.2591839
17.388159,1.3493099
19.51444,1.5556889
19.235023,1.7003593
17.636374,1.39464
17.820675,1.431654
12.434383,1.7994461
16.317627,1.3597574
19.136053,1.6747246
18.039268,1.4131565
15.93163,1.3863916
18.331472,1.6775379
16.928173,1.2644424
16.170364,1.2643995
16.754477,
18.234526,1.4223747
13.519881,1.5897074
18.761782,1.4060917
20.015179,
18.361893,1.4705601
20.17652,1.6855774
20.34002,1.807745
17.027863,1.2747555
17.381472,1.1707649
16.015438,1.4056044
19.186953,1.7915268
16.943525,1.2825241
18.916103,1.5895462
18.919327,
18.702576,1.5884151
16.868687,1.2774601
18.141619,1.4290142
16.530457,1.270772
15.443442,1.5423021
17.65187,1.3556519
18.393951,1.4738941
16.697939,1.2645979
17.48816,1.3560448
18.858181,1.5352192
19.833553,
15.622127,1.5017548
15.249058,1.516943
18.827177,1.5649624
14.163106,1.5503578
16.616705,1.2787924
16.514761,1.2687254
18.106386,1.4944687
18.459913,1.5359135
16.983326,1.2969131
16.150543,1.3210697
19.583076,
18.777622,1.5048752
16.954803,1.3005219
18.694742,1.6256485
19.332832,1.7699375
17.204876,1.3150578
18.89359,1.6202698
17.413,1.2965374
19.47726,1.7421703
18.780333,1.6018467
19.67053,2.0101242
17.289152,1.3204613
17.566193,1.2687397
18.090082,1.5135288
16.61973,1.1785183
19.501873,1.7056789
16.703218,1.1580887
16.304588,1.161685
16.488073,1.1703224
16.99983,1.2017441
18.352854,1.3951607
18.96019,1.5005436
16.131033,1.1824875
16.056835,1.1834879
16.862719,1.1666412
17.673904,1.2940445
18.214613,1.396883
16.595303,1.1741257
16.980572,1.2022476
17.089268,1.2093868
17.776882,1.2724838
17.07701,1.2133121
13.732726,1.4686661
17.616045,1.3349056
17.919767,1.3215046
14.530223,1.4105005
15.906387,1.2019062
16.232391,1.1689825
15.812898,1.2550201
18.263657,
17.623556,1.2827854
19.487965,1.7506161
16.717957,1.2623072
16.55347,1.2150507
16.003103,1.2529325
19.878975,1.8855553
14.864489,1.4705868
17.90214,1.328413
18.353622,1.4141197
18.205467,1.3878536
16.83534,1.2547874
18.356424,1.4211426
16.980146,1.3460159
19.43539,1.7662926
17.459389,1.323946
18.940678,1.5679207
19.616282,1.7625427
17.405327,1.2956944
17.954847,1.3548527
18.074478,1.37187
17.466276,1.3064766
16.288786,1.2639446
16.383581,1.2327557
17.44194,1.295763
13.9052305,1.52353
17.23243,1.281744
18.475266,1.5256443
19.645052,1.9975204
17.35088,1.2633381
16.374218,1.2532187
18.778685,1.5728054
18.018528,1.4500961
18.231909,1.4097519
19.784441,1.7565594
16.3812,1.2393961
16.615173,1.2566042
19.254227,1.6884708
17.977755,1.3955688
18.743217,1.6461563
17.75528,1.3105946
18.18939,1.4910564
17.735117,1.3268623
17.284227,1.2670517
18.269783,
18.021816,1.3948364
15.87266,1.3966694
16.059517,1.2525606
16.76891,1.2820988
18.159391,1.4091454
17.753742,1.3262558
17.495098,1.3381367
17.510551,1.2822495
17.413399,1.3208427
17.149824,1.2524052
19.978806,1.9237118
16.262436,1.2729769
16.553581,1.2365427
16.916233,1.2446289
16.65101,1.2320328
17.546015,1.2894058
17.58846,1.304678
18.380192,1.4564323
16.018974,1.3263693
16.336512,1.2325125
18.777271,1.4719315
17.795307,1.3308392
19.794935,1.8191471
17.111519,1.2639351
17.910526,1.3870983
17.401295,1.29673
17.789358,1.3680725
17.860247,1.371973
17.580532,1.307497
17.573942,1.3850803
15.919733,1.3770332
16.871061,1.2762737
16.917288,1.2455254
19.261194,1.9404659
13.494139,1.3169394
13.615776,1.5984583
13.3843565,0.7829752
19.786188,1.8402805
17.394644,1.3745327
17.741789,1.3771839
16.196611,1.4084778
17.364145,1.2996578
16.423223,1.2349405
16.183397,1.2699413
18.424389,1.4303436
19.515226,1.8606625
19.862904,2.0360622
20.186012,1.981451
17.378592,1.3373661
18.290218,1.4171429
17.467669,1.3020687
17.328186,1.3070374
18.353144,1.4987469
16.839066,1.2604542
18.14483,1.4438801
18.758593,1.5862083
19.323112,1.2373962
18.03381,1.3853531
18.365833,1.4938145
17.872253,1.3659344
18.748352,1.5081215
17.189783,1.3006153
19.109655,1.7098007
17.776413,1.3866825
18.461338,1.4995251
17.803703,1.3253307
14.641633,1.4286118
17.548353,1.3094692
15.284446,1.470973
19.401815,1.5674496
16.646854,1.2295446
17.1609,1.3178406
19.412586,1.3384266
14.345579,1.5409622
16.808453,1.218523
17.870419,1.4070015
18.02473,1.4340763
17.064272,1.3625603
17.514181,0.63272095
17.20687,1.3247547
16.553295,1.3162317
18.813885,1.7817669
17.259525,1.4095268
15.923794,1.5214748
16.609697,1.3060246
16.664433,1.4026728
18.40873,1.4627438
18.096155,1.4412327
17.33029,1.274971
17.718555,
16.175718,1.2994127
16.700806,1.3013277
14.795441,1.511591
17.345823,
12.701277,1.6501942
16.85934,1.2753525
13.03921,1.3460398
17.784063,1.3289089
17.300047,1.2773972
16.798336,1.2433872
18.173119,1.3710575
17.77968,1.3560486
19.554811,1.8417568
18.793707,1.4935303
19.452671,1.7264519
17.640741,1.3537216
17.214674,1.2733974
18.294493,1.4989319
17.302784,1.248869
17.020065,1.2436714
18.428932,1.2515373
19.480352,
17.088669,1.2373161
17.580898,1.3327694
18.953003,1.6697674
16.295542,1.2452135
17.311972,1.483223
17.450945,1.3226776
18.061016,1.3948212
19.012186,1.5350361
15.9073515,1.3378496
18.772326,1.4939365
16.518988,1.2264585
15.898006,1.3590488
17.140831,1.2510662
14.33474,1.5705872
18.708248,1.8190899
15.217412,1.5552301
17.188307,1.3407879
17.653942,
17.61755,1.4226036
18.112352,1.3629951
16.576084,1.3052597
18.96558,
17.002457,1.3027744
17.26251,1.1715965
17.877682,1.355957
18.297564,1.4283695
17.16009,1.3609962
14.2278385,1.5202179
18.57826,1.3543282
16.74355,1.4766064
12.223219,1.6969719
18.891325,
16.126093,1.2934675
15.894645,1.4163456
17.21593,
16.599136,1.2586803
15.4848385,1.4231405
16.70315,1.2515249
17.675535,1.5091381
14.191182,1.5277834
17.99043,
16.819815,1.2938776
17.300781,1.5395584
16.792559,1.3095589
17.379486,
16.725368,1.2202902
15.352225,1.1172867
17.719046,1.3099422
15.243964,1.4796886
15.830423,1.3974829
14.921069,1.5033007
16.936274,1.3167381
18.09316,2.8481026
15.435178,1.4828291
17.376509,1.3271065
14.399724,0.8130655
16.232904,1.7996035
13.757309,1.5425797
16.994297,1.2772484
16.426262,1.2414322
16.84918,1.2595634
17.310432,1.260437
19.338991,1.710331
15.957631,1.2813892
19.40317,1.5862312
16.50326,1.2554379
17.788395,1.031538
17.742123,1.4075909
18.029686,1.3097553
17.06814,1.1589413
17.015795,1.2608109
18.019684,1.3831635
16.433403,1.2777929
17.33565,1.2245903
16.27168,1.2271776
17.613094,1.1416206
17.043064,1.9939709
12.092113,1.7091665
16.573204,1.2270594
16.686983,1.2532082
15.15227,1.4899721
17.864801,
14.856518,1.4507313
16.661924,1.320612
18.792765,1.8518028
17.578978,1.30793
14.243538,1.5932455
16.750109,1.2326031
17.177225,1.2951298
17.808262,1.315424
15.055873,1.4611883
16.781078,1.2185631
16.660482,1.2480278
17.0576,1.2690163
18.921728,1.4137478
19.945587,1.5520706
11.069428,1.896162
17.46443,1.2834549
17.302998,1.2642384
17.37261,
17.498178,1.3079605
17.594196,
16.01158,1.532898
18.865332,1.574131
16.154194,1.4889555
17.731083,1.3432426
17.029032,1.3004189
17.647558,1.5114441
17.820383,1.5153866
14.95673,1.5116291
17.69629,1.3357964
17.52435,1.3359108
18.609837,1.5253181
16.451706,1.2916203
17.38735,1.3290195
18.71377,1.5449905
18.563658,1.546833
19.101006,1.7823658
18.548372,1.5522003
18.067652,1.4453735
19.632717,1.8691082
17.597689,1.402874
14.9181185,1.5980768
16.161057,1.4522305
19.618093,1.8396492
19.012486,1.5690193
16.350885,1.3516941
16.083849,1.443759
17.315653,1.3125858
16.804071,1.2711201
18.340834,1.5340557
17.066206,1.227932
17.76492,
12.832715,1.3939934
17.424562,1.2876549
17.341238,1.2660656
16.27123,1.2542934
17.52228,1.5051746
18.61372,1.6301765
16.850994,1.3129072
19.644238,1.7549229
17.408972,1.2988167
17.248857,1.2608643
19.714157,1.4698906
17.828209,1.3521538
17.733343,1.3617191
17.192028,1.2516613
16.356632,1.2654943
17.833345,1.3618202
16.998936,1.2849579
17.277355,1.3238497
17.68589,1.3657589
17.791025,1.3565559
16.612139,1.2610826
17.935251,1.2736511
17.846348,1.3755379
18.023197,1.284298
16.529299,1.2599745
17.555052,1.330389
19.032724,1.6857319
17.042576,1.3541336
17.580954,1.3297386
14.9171095,1.5301037
17.154438,1.3043308
18.551651,1.4910965
18.271751,1.449358
16.14707,1.3478947
18.969631,1.6742268
18.055708,1.4276485
18.618923,1.5296001
14.763658,1.5341063
18.83173,
16.01106,1.4266834
19.001513,1.7223454
19.32092,1.6998558
17.717258,1.3536797
18.116453,1.3959045
18.15192,1.4099445
17.335068,1.437664
18.951488,1.5793839
17.146872,1.3175697
15.55578,1.512763
18.939735,1.6261997
17.165989,1.3139076
16.621601,1.3110123
19.19138,1.6983871
16.724554,1.2480469
17.748047,1.3972626
19.296392,1.8059483
17.9365,1.3958912
16.98986,1.2746086
16.919073,1.2748356
13.234606,1.3545485
16.586067,1.2578773
19.561356,1.8461056
17.632456,1.2930889
15.359642,1.3945436
17.98087,1.3628063
18.602814,1.4780769
17.430874,1.2639027
18.029335,1.342104
17.15066,1.2393589
17.387108,1.2531548
16.582106,1.1849213
19.715614,1.80443
15.799735,1.3052711
12.917562,1.5639763
17.50888,1.2722511
20.23279,2.067875
16.295631,1.1772757
16.669924,1.1796894
18.313623,1.4029312
18.757977,1.5163345
18.55554,1.4746685
17.274368,1.2500153
18.220339,1.3709774
16.324028,1.1756706
14.642428,1.4177017
17.944172,1.3136959
16.581299,1.1520691
18.809778,1.5417423
15.846464,1.200902
16.164873,1.1777468
17.852606,1.3184776
17.806026,1.3152523
16.760628,1.1829681
18.75711,1.5453396
15.957216,1.3932734
17.935534,1.3888626
20.542694,1.8442822
18.050238,1.4508686
18.355585,1.5051842
18.213205,1.4925289
18.121813,1.462759
17.326435,1.3112488
16.427525,1.3719435
19.799015,1.7382412
17.123428,1.258892
17.208601,1.2489452
19.771698,1.7680798
18.60792,1.5836506
17.482388,1.3134766
19.151485,1.6614437
19.161716,1.6499691
17.224401,1.2694492
17.630959,1.3298931
14.239902,1.537241
17.449743,1.3210201
18.373865,1.4778538
14.10329,1.5653467
14.652205,1.5477486
19.236769,1.4942017
18.908438,1.5770702
18.04699,1.3831558
17.65159,1.3303776
16.216309,1.2785854
16.281221,1.274168
17.74995,1.3461189
16.378332,1.2724438
19.355137,1.7362957
16.243006,1.2833424
17.285969,1.2580986
18.473385,
19.042284,1.5506668
15.813504,1.3686266
16.56825,1.2436285
16.965298,1.2229996
16.703547,1.3590498
19.501848,1.9556026
18.004452,1.3982506
18.158243,1.4164028
17.579233,1.3534336
17.867456,1.2115469
16.516823,1.2183084
18.619968,1.5629501
18.333942,1.4967632
17.961842,1.3755474
18.103558,1.410223
19.172888,1.6295376
15.710223,1.4108744
17.350973,1.3044071
16.50828,1.2330217
14.388852,1.5334692
18.30306,
17.661562,1.3313446
17.463226,1.3017654
19.853548,
20.170324,1.8779144
17.244244,1.2842598
19.331432,1.7713585
17.201767,1.2673569
17.145863,1.2542439
18.102118,1.3873634
20.226639,1.8358879
17.787823,1.323679
16.975153,1.2333069
16.637575,1.2508564
19.002796,1.586359
17.704046,1.2921181
17.006977,1.2550678
18.310902,1.4019508
17.948853,1.4208851
16.86536,1.2731342
19.236038,1.8299961
19.598597,1.7288342
18.44607,1.5171757
17.589216,1.3121033
16.46248,1.3496599
16.04391,1.3058376
13.485277,1.6111183
18.134405,1.4333801
19.202246,1.6706448
16.7298,1.2541542
18.801914,1.5230217
16.373735,1.2600422
17.737778,1.3397999
16.80684,1.2762604
16.913195,1.2853241
16.5427,1.2704268
16.230629,1.3141365
16.827982,1.2301674
16.790045,1.2798462
16.870487,1.2498875
12.239853,1.7327118
16.928638,1.2769299
16.186907,1.3209162
12.554096,1.6891384
16.320122,1.283596
17.488283,1.2875462
19.190298,1.626049
17.274815,1.2856216
17.111555,1.2389011
13.087413,1.1869259
16.058575,1.1919127
16.518484,1.3033266
16.939636,1.307394
18.251406,1.4366722
17.451195,1.3260479
17.20481,1.3101501
14.468652,1.4887075
19.556038,1.5202961
17.219292,1.2700729
16.632467,1.2606754
13.195702,1.3258047
16.060331,1.4620552
17.839962,1.5528698
17.217285,1.3801804
18.83725,1.795578
18.889647,1.5413227
18.671555,1.2662449
16.529076,1.3523455
17.401772,1.3697395
9.864264,2.3313599
18.670841,1.5827065
18.0367,1.382101
16.140583,1.3086443
16.658428,1.3370857
14.5129,1.5067091
17.178009,0.9508629
17.656265,1.3442364
16.811335,1.3708391
11.189154,1.8677225
17.80568,1.5901585
19.211262,1.5496025
17.48559,1.2836227
13.78396,1.5468512
19.121855,1.6950302
16.261152,1.2568827
16.229902,1.3030806
17.548136,1.3349171
18.077705,1.3321152
16.629665,1.2581539
17.767118,1.3340435
17.095003,1.2167416
18.218948,1.3821259
15.827188,1.4465704
18.79123,
16.003677,1.370327
16.274994,1.2531958
18.056688,
16.752348,1.230423
17.389688,1.2496195
16.683998,1.1615229
17.71012,1.3351288
16.924248,1.2128792
17.899294,1.3312759
15.410263,1.4340887
16.910208,1.2648735
18.542343,
19.080673,
17.048027,1.2348309
17.864716,1.3255138
19.236637,1.6311951
17.291872,1.3495064
17.173075,1.3049355
17.047607,1.3174953
16.278706,1.3534899
18.597378,
14.955804,1.5470839
18.109844,1.2854347
16.136934,1.3254948
17.700066,1.2936459
16.346897,1.2999983
13.113037,0.7914276
13.438954,0.6633606
16.788725,1.521699
17.187542,1.2862606
12.9776325,1.3643055
14.190688,1.5133867
15.987605,1.3411112
16.542416,1.2699242
18.691147,1.224823
15.587715,1.2260551
16.614439,
17.796072,1.362196
16.914295,1.5240307
16.518684,1.2515249
16.620838,1.2537298
16.896008,1.2553902
17.373743,1.2232685
16.513498,1.3040924
18.056067,
,
15.746518,1.4774885
17.434153,1.2966614
13.101751,1.6646109
17.660923,
14.653593,1.4941149
15.615875,1.3683367
17.549833,1.443325
13.338012,0.77041245
17.348415,1.233614
18.168884,1.486557
16.663462,1.290328
16.026594,1.3345556
16.37617,1.2527542
16.691414,1.2360344
18.014458,
17.863651,1.4237709
16.500132,1.2559719
17.9734,
18.257425,1.3845749
15.379552,1.4732885
18.705532,
18.031492,
17.302315,1.2931461
18.382978,
16.282759,
12.810533,1.2753849
13.067752,1.5787001
18.164253,1.3660126
15.913365,1.3299284
17.814991,
17.913067,1.3937874
18.841702,1.5490742
18.223747,1.3865185
18.057375,
17.229553,
16.819033,1.1945362
16.759604,1.219387
16.011332,1.2821407
17.020489,1.2363071
15.7999,1.4106722
15.816527,1.4185114
17.492785,1.3822765
15.955328,1.3455648
17.175667,1.2500916
15.964472,1.3515015
16.076223,1.2951946
16.752178,1.2483006
16.071722,1.2977543
17.995367,
16.566761,1.253252
19.230667,1.6569805
17.557186,1.262106
17.082182,1.2784023
16.503874,1.3341684
18.162338,1.4105873
16.819727,1.2472038
17.66794,1.3937607
18.337538,1.4725609
16.938187,1.2835865
17.361687,1.2268066
19.8512,1.898304
18.734072,1.3940392
17.92521,1.3616142
18.311348,1.4830608
17.096416,1.2922192
19.073845,
15.988346,1.3961849
14.904312,1.5594053
16.061954,1.4017334
17.478846,1.3425083
19.845934,
15.689772,1.4623013
16.204393,1.470295
12.621071,1.7482576
16.168129,1.4633675
17.669735,1.4355679
18.822115,1.5849876
17.69806,1.373167
20.053686,
16.384554,1.340725
16.357159,1.3245268
19.133379,1.6771069
16.340397,1.2457895
18.61362,1.4087563
18.337503,1.6565762
17.409376,1.4538116
18.058786,1.3544254
14.675469,1.5198898
18.231924,1.3836517
18.268856,
16.975073,1.2315426
17.79908,1.3277779
19.47593,1.9595051
20.394163,
17.040007,1.4146442
17.907244,1.5351238
16.962383,1.3185291
19.590443,1.7836838
18.670395,1.567503
17.58621,1.3134251
19.716831,1.8068848
17.242893,1.2943974
18.105566,1.4130516
18.765879,1.4044971
16.102375,1.3020821
18.89072,1.4879818
18.751347,1.5946293
16.712734,1.242218
16.30486,1.2916288
16.27757,1.259902
17.958815,1.4368229
16.784903,1.2894573
15.895283,1.4232779
17.571619,1.3547916
17.707176,1.3751602
16.61196,1.2697372
13.244614,1.0382376
17.793756,1.3765793
19.946283,1.788477
17.797276,1.3735714
17.925161,1.4120502
16.255747,1.2899885
19.392395,1.8728924
19.068369,
20.614426,1.8956547
18.16865,1.4753494
17.97506,1.4337711
16.613167,1.3559847
17.257801,1.319912
19.326405,1.8666649
19.309664,1.7056007
17.508183,1.3217983
18.705276,1.5571747
17.36971,1.3096123
16.747812,1.2679749
17.444147,1.3521404
17.811186,1.4205666
16.773039,1.3084393
16.143682,1.3720474
17.263971,1.3446217
16.819891,1.2611389
17.235224,1.3105526
18.862295,1.5576458
18.91417,1.5812664
16.740751,1.1831322
17.63311,1.3865128
16.788006,1.210844
16.946545,1.2108898
16.694393,1.1965942
17.67337,1.2797489
16.447803,1.1793423
20.072832,
19.555258,1.7412071
18.577812,1.3976974
17.14521,1.2061291
17.462181,1.2464466
18.56374,1.5066433
17.341698,1.2370491
16.723375,1.1977158
19.634565,1.8028469
17.97402,1.3236675
15.663482,1.3979282
14.009604,1.4920053
15.61415,1.3504314
19.351713,1.7242756
17.97928,1.35713
16.097717,1.2307281
19.893236,1.9361343
17.526188,1.248497
17.105814,1.3858261
17.734869,1.3576298
16.925047,1.1822338
16.582905,1.1728096
17.614473,1.2720528
17.574179,1.2524624
16.016596,1.1841516
17.223314,1.1964893
15.164494,1.5119543
18.619858,1.5102768
19.399712,1.7148628
17.11721,1.2912865
17.188486,1.2666798
16.789236,1.2500896
19.264698,1.7958126
18.128132,1.4001427
17.554401,1.3054905
17.775034,1.3344803
18.260265,1.371685
18.371088,1.457365
18.476225,1.4580059
20.393963,1.6965504
19.686161,1.8880043
16.905672,1.2217865
17.089611,1.248846
18.710602,1.4750671
16.5173,1.2514353
17.692677,
16.461868,1.2721148
16.616564,1.28825
17.544363,1.3033905
17.496927,1.3333759
18.58651,1.4967613
16.384453,1.2918835
16.094536,1.3531685
17.307468,1.277462
19.429197,1.753706
17.42926,1.3015995
19.042507,1.6691132
18.611195,1.5039501
17.121347,1.345665
19.374208,1.8460293
16.824665,1.224556
16.521973,1.2365503
15.91225,1.3016472
16.993525,1.2490349
16.73108,1.2827454
19.544724,1.7071457
16.384426,1.2363968
16.34373,1.2327166
14.977841,1.4730196
16.385527,1.2743435
18.003782,1.3821507
18.552252,1.5265713
13.388527,1.5710716
17.896421,1.376339
17.179876,1.2563248
18.12169,1.4655895
15.088174,1.4636793
17.721031,1.3122158
13.068181,1.3030176
17.6829,1.3391495
16.781828,1.2243652
20.440271,1.8932171
16.70626,1.237318
17.250872,1.262476
19.56867,1.7586136
20.40162,1.8661861
16.623697,1.2384453
19.048565,1.5886955
17.61947,1.3265457
16.071976,1.2976809
16.899513,1.3130207
16.682833,1.2948046
19.05503,1.6327038
16.304613,1.2832689
18.12368,1.4550552
17.569954,1.3190231
17.715313,1.3166637
16.123133,1.2874575
16.47586,1.2714767
17.930862,1.4086704
18.140495,1.3813324
13.21286,1.1321516
16.742292,1.2773151
18.970236,1.7310925
17.127506,1.3171196
19.849535,1.7254143
16.71539,1.2554913
16.74866,1.2615318
19.341116,1.6329498
17.958805,
17.935823,1.3794193
17.92428,1.4026794
17.202942,1.2831993
18.453316,1.4813328
17.197805,1.456047
18.913921,
16.970728,1.304081
16.800577,1.3435392
18.487064,1.5077152
16.353468,1.251998
18.557701,1.4841747
18.273502,1.3857098
18.019667,
16.247639,1.2977476
13.297961,1.6271362
17.088491,1.2606983
16.581322,1.283925
17.240816,1.3575935
11.4657135,1.8297005
18.413502,1.4269104
16.356913,1.2618856
17.655039,1.337326
16.87751,1.1994629
20.489582,
17.425158,1.3405781
18.208302,1.4823761
17.404531,1.2951832
18.23133,1.4244499
16.66288,1.2366848
18.092451,1.3774033
17.101475,1.2931852
17.027208,1.2594261
18.774042,
16.984058,1.3547096
16.242294,1.3053131
17.064146,1.3184814
16.242065,1.3100443
17.663399,1.38447
19.707813,1.7777939
17.998354,
16.339275,1.3404579
17.222652,1.3010712
18.20099,
17.99543,
16.435207,1.3681974
13.179115,1.3102732
15.986152,1.4718676
18.581285,1.573803
17.734125,1.2786617
16.63618,1.2500763
18.327293,1.6039429
18.73174,1.340189
19.30629,
17.84584,
16.091927,1.3666182
17.233955,1.3050156
16.693985,1.2419443
16.163754,1.25142
16.303274,1.2406864
17.58306,
16.521149,1.222785
19.317291,1.5333252
13.771704,1.5403614
17.79434,1.31353
16.6644,1.205822
16.062033,1.2211895
16.918535,1.2887478
17.166683,1.2863884
17.607718,1.4977465
16.673775,1.2292461
18.046253,1.7434444
18.512968,
16.936499,
16.915195,1.2092495
13.323234,0.7663202
16.091211,1.253622
17.080074,1.2378006
16.097258,1.2768297
18.022755,
14.868509,1.4693689
16.82511,1.232378
18.643162,1.4819736
14.861245,1.458622
17.10975,1.2351608
17.431637,1.2798862
15.988324,1.3094988
17.390387,1.2650452
17.34689,1.3776207
16.592642,1.3265648
19.365162,1.0895977
16.671638,1.1904058
16.608734,1.3861971
16.109594,1.3184948
15.8281,1.5965557
16.055037,1.3855715
17.36445,1.3391476
16.127583,1.3907471
16.764122,1.2882195
15.903714,1.1692543
12.731107,1.689868
17.191376,1.3584957
16.18115,1.3126469
16.991081,1.2808437
14.175753,1.5504684
16.79927,1.3153038
17.621088,1.2365818
12.832559,1.3995848
17.797209,
14.113454,1.5706282
13.097184,0.9643774
15.191852,1.368475
16.365107,1.2363558
16.206205,1.2421513
16.476057,1.2085676
18.08597,
17.183012,1.246294
17.506918,1.7544289
16.137583,1.3193712
13.196278,0.8764887
16.738525,1.2682209
15.964912,1.0797949
17.634129,1.5926933
16.000984,1.4304657
16.615858,1.2585182
18.631447,1.6832829
17.528385,1.3363037
16.033112,1.357173
12.848834,1.6486568
16.84033,1.2685814
18.982014,1.6629124
16.616798,1.2655582
16.485344,1.2998714
16.884155,1.3093662
16.781565,1.2623329
17.899094,
13.144087,1.2166605
17.413818,1.11234
16.660572,1.0071135
16.279757,1.0887966
17.879309,
16.286308,1.3706446
16.054502,
16.337568,1.2454033
13.582132,0.6223011
16.426851,1.2682552
16.45637,1.2538261
17.046762,1.1899529
18.141605,1.3439426
18.243368,
16.711214,1.2229347
16.616755,1.2433901
15.978905,1.3339939
19.168062,1.4125671
16.969086,1.2010155
16.36362,1.1972084
16.606874,1.3261242
15.809365,1.4078331
19.055477,1.6574326
18.339718,1.2878323
16.144705,1.2810221
16.343582,1.2358961
17.214031,1.3175907
17.170658,1.2620659
17.188267,1.2663879
15.049347,1.4785452
16.63908,1.2525063
15.8566265,1.3991871
20.322903,1.5881062
18.771759,1.5098419
14.554226,1.4884262
18.266996,1.3889809
19.609331,1.7942314
17.157902,1.3202248
18.072927,1.3751106
17.570343,1.3518906
17.186844,1.3154354
19.262426,1.6171799
17.003605,1.2846622
17.907133,1.3946342
16.931732,1.2438488
17.831295,1.341692
18.778067,1.5350246
19.25082,1.6554337
16.662992,1.2765999
15.884084,1.465128
18.228659,1.4770508
17.544533,1.3222675
16.835533,1.2780571
17.861265,1.3558121
17.240725,1.2947922
17.271101,1.3450584
18.71063,1.5920277
18.336216,1.5088882
18.75287,1.5391102
15.960878,1.4327688
18.551935,1.5055866
17.390617,1.3704739
17.957262,1.4430695
20.095943,
18.063951,1.4076729
19.281462,
16.291224,1.3832808
20.246004,1.95154
16.652874,1.336833
17.384056,1.3813057
18.24613,1.4806042
18.834747,1.5110531
19.143335,1.590847
17.90548,1.3870659
20.287603,1.7546768
16.314447,1.2606792
13.213443,1.1547146
18.579678,1.5814781
17.070751,1.2672482
17.471975,1.2292938
17.831392,1.3527203
16.029802,1.3301764
16.351692,1.2658472
16.811625,1.2656116
16.654543,1.2530022
16.42451,1.2724018
17.375349,1.4750462
15.857668,1.4431314
16.22931,1.2672157
20.430431,1.6242809
17.139458,1.2903976
18.376032,
16.245071,1.3030052
18.632908,1.5401058
18.826027,1.5762539
18.418299,1.51301
16.260893,1.3004351
19.073723,1.7248898
16.343374,1.2492151
19.043661,1.6251335
17.76599,1.399046
17.460552,1.3406773
12.065915,1.7618437
13.351541,1.6686726
14.898182,1.531991
16.968477,1.2890759
20.324656,2.5158882
17.557615,1.5240288
16.991241,1.2716923
16.681198,1.2736082
19.409883,1.8333015
20.53822,1.9854412
19.311443,1.7990131
20.145926,
17.990633,1.4249249
18.618063,1.526495
19.90471,1.8872242
19.08265,1.6516933
17.693504,1.3393002
18.361246,1.4991302
17.036076,1.263155
17.522802,1.3486233
17.142586,1.2180405
17.11087,1.2157097
16.452204,1.176363
16.502602,1.1905317
18.441555,1.4341011
17.700481,1.2755356
16.138136,1.2080212
16.550518,1.1985569
18.557308,1.4755192
18.013653,1.3400078
16.88369,1.1605549
17.370361,1.2791348
18.71281,1.5429363
18.323618,1.3623562
18.446249,1.4843979
16.894934,1.2082958
16.668474,1.1948538
19.192608,
17.698168,1.2584858
17.429491,1.2366409
16.751177,1.1718292
17.976591,1.459835
17.782145,1.2524967
16.944433,1.1882954
18.670471,1.4837856
16.8189,1.1901283
19.698193,1.6872768
17.058718,1.2275009
19.504742,1.8199482
17.654459,1.2933426
18.44333,1.3962479
17.53122,1.2541485
19.067865,1.6016235
17.925066,1.3736992
19.544535,1.8154869
15.254413,1.5148706
18.04451,1.4190712
18.39683,1.5074215
19.49789,1.7595482
16.605082,1.3040304
20.17013,1.900938
17.748812,1.3092022
20.384666,1.8831558
18.657284,1.4978561
18.811934,1.534296
16.60159,1.2463045
17.121172,1.2392597
19.378714,1.7598152
14.075788,1.5534496
17.589317,1.3396931
18.149563,1.400816
17.641726,1.354126
19.15994,1.6770782
18.337267,1.4718037
19.925982,2.055521
19.54032,1.7346935
17.988735,1.3670101
18.004116,1.3806095
15.911635,1.4265404
16.41218,1.23769
17.38851,1.2744522
18.364737,1.4287109
17.013777,1.2346611
17.227777,1.2576733
17.021255,1.2796669
18.153599,1.4364338
17.161488,1.3273335
19.125221,1.4885235
16.58771,1.2247658
17.429962,1.2731609
16.729248,1.2834854
19.014397,1.6792412
19.220346,1.4126759
18.74617,1.5113411
16.602484,1.2531681
18.128897,1.4879761
18.041069,1.3697357
16.940453,1.261734
15.804539,1.4018774
17.488142,1.2876015
20.103062,2.1516457
15.7178545,1.3831472
13.176875,0.78191376
15.997361,1.2806101
18.606625,1.6383381
20.091688,1.9159756
16.668648,1.2051449
17.57383,1.3161697
20.599558,1.8578568
19.883953,1.9604759
17.515404,1.3180695
18.328173,
16.743946,1.2780266
16.508493,1.2806396
17.397476,1.3131943
19.534687,
20.400484,1.8623619
12.932683,1.6569567
20.035366,2.0769997
20.131897,2.1383572
18.658974,1.5952301
17.671593,1.3406277
16.985935,1.2782974
15.909517,1.4165325
19.231276,
17.130802,1.3349056
19.098877,1.6798668
18.035032,1.3850613
17.164179,1.3100433
15.015404,1.5369778
18.60457,1.5190716
17.457846,1.3118935
17.867865,1.3370152
16.849104,1.2766705
13.037935,1.3749809
16.204302,1.3010035
16.110834,1.3149652
19.227749,1.7232399
16.484482,1.2834787
17.757788,1.3683472
16.933092,1.2584381
17.825516,1.3127136
18.90687,
18.637522,1.5616341
18.615381,1.5343189
17.015528,1.2838955
18.350739,1.4440022
18.907364,1.6075172
17.900522,1.3505116
17.644142,1.3520203
16.70956,1.2704735
16.574188,1.3305998
18.160776,1.3894901
18.023497,1.3343964
17.920424,1.492445
18.317087,1.4278412
18.67423,1.5010681
17.137917,
13.031674,1.6563578
19.074762,1.5865192
16.126904,1.2159233
16.754162,1.3229284
17.24622,1.4255295
17.433624,1.2614651
16.593409,1.4394922
13.145846,1.3867111
17.868168,1.3905354
17.346548,1.4098396
18.802628,1.751318
16.830402,1.2549229
15.953205,1.4517784
17.992237,1.4524555
16.526333,1.2854156
16.693043,1.3187551
18.660355,1.4497776
16.453707,1.2649364
16.80685,1.3022156
17.405102,
16.58515,1.2481537
18.128313,
17.017124,1.2300339
16.145191,1.2288456
16.151762,1.3340025
16.814274,
18.60727,1.4816628
17.687538,1.3651485
16.464287,1.2465725
15.551638,1.4350214
16.33447,1.2840853
17.369547,1.2368736
17.633617,1.3147125
17.346994,1.4679279
16.236803,1.2108927
18.758314,1.3660069
18.93261,
18.71537,
16.839808,1.3044567
16.749634,1.232378
17.88356,1.349659
17.292963,
16.201775,1.468463
17.916708,1.2115402
12.18809,1.7119513
18.978397,1.7599335
17.92291,1.6167336
16.132767,1.2521076
17.827183,1.3208847
18.868103,1.591713
17.40541,1.2647324
17.040287,1.3170929
11.559413,1.7691622
16.642803,1.3604937
18.494864,1.5166321
18.592594,1.5004501
19.700317,1.4733467
16.3964,1.296772
17.210835,1.2702732
16.665342,
19.084383,1.3465443
16.104788,1.322875
14.263475,1.4827385
12.981424,0.90618324
15.846048,1.4707155
16.927654,1.2685432
11.360531,1.8561687
16.128798,1.3060045
16.257679,1.2413778
17.238697,
17.01729,1.3286858
16.618755,1.2292767
16.550081,
17.408535,
13.032531,1.6505003
17.571268,1.1664677
17.815195,1.3224945
13.856024,1.5504866
17.43374,1.309227
17.533054,1.3259163
13.914687,1.550808
19.122063,1.4314861
17.402012,1.2649975
17.104654,1.2821312
18.070621,
17.803135,1.4073372
16.523966,1.2561951
12.7555275,1.6404076
20.167244,
13.529853,1.5881109
16.142488,1.311512
16.823647,1.2551537
17.096369,1.2790413
19.233044,1.6271973
20.371809,
17.554937,1.3578281
18.289692,1.440609
16.824453,1.2258568
18.161005,1.6323032
16.566393,1.2457323
16.22448,1.2446136
17.608685,1.2894402
16.602385,1.2203846
16.451813,1.2223711
17.967663,
17.305729,1.3431759
18.518301,
16.690613,1.2548981
19.994114,1.3419132
17.367548,1.3230553
16.965315,1.2279644
16.127636,1.2331343
15.954638,1.2706432
17.347935,1.2727833
16.475618,1.2202368
17.644081,1.3037567
18.15446,1.2746696
17.457155,1.2502232
17.021332,1.2435856
16.90378,1.2391815
13.219023,0.7666826
16.340927,1.2446947
18.328268,1.4126873
18.597717,1.4472275
14.944665,1.4782267
17.983469,1.3672009
17.88513,1.6848011
13.041645,1.5831766
16.461487,1.2295532
18.650713,1.5719948
18.164694,1.4532185
16.750517,1.251833
19.430172,
17.565279,1.2959538
18.414345,1.5489368
18.874325,1.5055599
16.41048,1.3016548
18.42831,1.5126915
17.659866,1.3796864
17.695816,1.3700542
19.002226,1.6300678
17.364283,1.2840691
16.522398,1.2535849
17.05968,1.2845631
16.59683,1.2913389
17.03846,1.2916489
18.420269,1.5133667
17.828741,1.3340168
16.184624,1.2933865
18.418335,1.7415199
17.39526,1.2873802
18.64881,1.5084839
19.64779,1.7981682
17.50064,1.3407116
13.229472,0.98073673
20.326239,1.7653942
17.623804,1.3749485
15.522354,1.4604845
19.010305,1.6645927
17.789495,1.4452419
19.181225,1.7100639
16.15518,1.3321085
15.85767,1.5513735
17.156082,1.3722515
20.289917,
18.081636,1.4330006
17.773726,1.3673115
18.495173,1.5170746
17.027441,1.3350906
17.605844,1.4109402
16.781847,1.3145695
16.270924,1.333252
19.307943,1.7923584
17.801474,1.3307056
16.927254,1.3225231
16.591904,1.3104849
17.035736,1.2497902
18.218475,1.4813309
19.126476,1.4573689
16.518091,1.2936249
13.767052,1.5653181
17.045067,1.2883568
16.967415,1.266016
16.512486,1.2541924
18.917841,1.6019497
16.242922,1.2414951
16.0985,1.2806425
16.690157,1.2632179
16.496656,1.2451944
18.391449,
17.976982,1.3712406
16.458578,1.2532072
18.395794,
19.130495,1.8160572
17.065613,1.2998924
18.170868,1.4173374
17.510191,1.3136768
18.102724,1.4244003
15.756585,1.467493
13.263008,1.1748657
16.239038,1.2777739
12.513032,1.6786232
18.39416,1.4802685
17.88368,1.4248371
17.694807,1.4839058
16.086535,1.3786268
19.25654,1.6091824
17.57349,1.3511162
13.96773,1.5722685
19.079697,1.6654167
18.75939,1.6215401
17.583979,1.3442993
18.560629,1.4412632
18.452625,1.5050449
17.808811,1.4255886
13.363546,0.7547331
17.867062,1.3998318
17.394203,1.359169
17.637085,1.3173981
18.120907,1.4148903
17.39826,1.3507233
18.818691,1.5531406
17.805258,1.3942432
16.76571,1.3229027
16.59782,1.3242474
18.811087,1.6198997
17.772486,1.3018589
17.541727,1.3199692
18.087538,
20.505377,1.6064625
18.251158,1.4626598
18.89102,1.525938
17.387892,1.2456169
17.38744,1.2712231
17.565882,1.3030968
17.64453,1.290987
19.684668,1.8960953
17.028048,1.235302
17.451666,1.278513
18.621052,1.5166187
18.367249,1.3920155
16.630299,1.179802
18.813553,1.5216122
17.941135,1.3279037
16.796585,1.1542435
17.482307,1.2319221
16.814976,1.1931343
16.599308,1.1670656
19.919512,1.7939758
17.933908,1.3840847
17.83298,1.2825832
20.06737,1.8934784
19.593136,1.9747353
16.466446,1.1779041
20.505884,1.6837425
17.467909,1.2186813
17.456686,1.3088932
19.481337,1.7505398
16.29874,1.2792549
15.467331,1.4043722
16.938147,1.1960869
16.721622,1.1974354
17.591412,1.3079109
16.112434,1.1745901
17.494154,1.2139797
17.076033,1.180624
18.11604,1.3620567
19.916822,1.683918
15.990283,1.1780176
19.099585,1.6860695
17.416918,1.3500347
18.50661,1.4553833
17.897427,1.3094978
19.42541,1.8834324
16.157347,1.2072725
17.509363,1.2852688
15.873352,1.3977423
16.555231,1.2398367
16.692537,1.2256622
20.122786,1.896244
18.45779,1.4807377
17.765217,1.3443146
18.043455,1.3826771
19.162394,1.6257439
12.938174,1.6152248
17.562275,1.3052559
17.644089,1.3533154
17.11756,1.3012104
17.598566,1.3598499
16.190502,1.2994566
15.910039,1.3782444
19.816792,1.9090729
18.491678,1.5075817
19.345863,1.818861
19.58894,1.6897087
16.423883,1.260807
19.758389,1.6787033
19.146198,1.6697693
18.80717,1.5335217
18.392336,1.4759026
20.249605,2.0041008
17.156322,1.2468605
13.822671,1.5763083
16.31586,1.2377319
17.620197,1.2998505
19.499449,
17.42559,1.3040218
16.77349,1.2249317
16.627855,1.2297859
17.447489,1.2623119
17.485186,1.2939034
15.546248,1.4684572
14.982147,1.4825983
16.730803,1.2545509
19.851715,1.5508232
15.880761,1.3777046
18.751451,1.5259075
16.753616,1.2671862
12.868409,1.4433279
16.86371,1.2332687
19.113028,1.6872768
20.366508,
19.4257,1.7919388
16.50406,1.2367897
18.187187,1.397644
16.22418,1.2336435
17.336786,1.2689266
17.977163,1.3558178
16.336456,1.2399521
16.314419,1.3147612
18.219023,1.3081589
19.716158,2.0632248
18.406967,1.4826603
17.116917,1.2705841
18.60877,1.4988174
16.923868,1.3258286
18.091095,1.4061508
18.058756,1.4032669
16.45428,1.2779579
15.781607,1.4972935
16.93482,1.2853813
16.65088,1.3245068
18.881521,1.5286808
16.994324,1.2492199
17.636116,1.3139381
19.341433,1.7630234
16.382704,1.2695951
16.39229,1.2993755
13.113629,1.3880711
17.314615,1.2986889
18.925514,
17.445133,1.282135
19.40876,1.8248825
19.553204,
17.082584,1.282568
17.42461,1.3099422
19.135479,1.7338047
19.852272,1.4688148
17.012766,1.3231335
17.520655,1.327301
18.503792,1.5417233
17.488518,1.311573
17.407742,1.2908401
19.584345,1.7597065
20.087679,
17.402418,1.3000603
16.72929,1.2650528
17.457394,1.3331871
15.858563,1.469698
16.717554,1.2665958
17.331799,1.3490562
16.725605,1.311429
17.572083,1.3313065
17.468302,1.3281975
19.628136,1.8002834
18.824936,
18.645512,1.520237
18.21238,1.4235153
18.586447,
17.871723,1.3335323
16.711235,1.2464933
10.857362,1.9502792
16.217024,1.2944851
16.364187,1.2849855
18.147324,1.350811
18.923126,1.5121841
15.13618,1.4872341
17.88287,
17.941385,1.4219799
18.644785,1.5163078
16.708616,1.3164444
17.324669,1.2854214
17.357754,1.3542976
16.48497,1.4946375
16.949629,1.2536678
16.972412,1.3891373
18.285065,1.9425659
17.067442,1.3019581
16.501907,1.2905331
17.300653,
17.007637,1.5163364
17.340902,1.316637
13.013731,1.6142311
16.815395,1.2237759
17.697308,1.7847118
15.673132,1.3749676
18.053787,1.2861767
14.065563,1.5346899
18.002737,1.3569221
16.321354,1.2550049
17.729395,1.3327427
17.913847,1.3940411
18.346941,1.4429817
17.219906,1.2404118
16.523525,1.2220411
16.580347,1.2063093
16.44122,1.1772242
17.20724,1.2095776
15.150625,1.4708662
16.656946,1.2769127
16.459501,1.2404566
18.389126,1.2364578
17.8464,1.3251381
18.014685,1.3222008
19.180843,1.611206
17.387484,1.2839775
18.099394,1.3690281
17.651623,1.3106766
16.69722,1.2006731
18.042889,1.3483601
13.582319,0.55693626
18.716925,1.4735546
18.575098,1.4990082
12.917148,1.565774
16.989262,1.3055878
13.075314,1.6438046
17.49911,1.2722378
,
16.530998,1.2815208
16.922558,1.6568546
17.021896,1.3790455
14.641673,1.5408831
17.92674,
17.634504,
17.432816,1.384882
17.03882,1.5906448
15.026579,1.5071993
16.914064,
17.533508,1.4857292
16.362661,1.1382284
16.135784,1.5111914
17.19728,
17.02015,1.2673235
14.86489,1.0511932
15.080126,1.4697008
16.494781,1.2107935
16.708078,1.4390717
16.243813,1.2757759
17.857159,
16.816711,1.2531357
17.62898,1.305048
17.345419,1.3943167
18.207773,
16.043884,1.3119364
19.130505,
18.494991,1.4516163
19.107676,2.0596237
17.230074,0.97255516
19.038477,1.2459316
17.502449,1.3278961
16.719698,1.2535458
17.460516,1.2934742
12.480498,1.7089529
17.258266,1.2080727
16.058285,1.203618
14.526744,1.5114746
19.033825,1.6453934
19.367725,
16.971516,1.4585619
18.775831,0.6735554
17.990585,1.4276829
17.160784,
18.384672,1.4702911
17.14745,1.2627239
16.400236,1.2103844
16.69066,1.2552395
17.023396,1.2718468
17.970806,1.4300556
16.747023,1.2130327
12.983861,1.3860741
17.621557,1.3834229
17.451931,1.3157616
16.292234,1.265563
16.693583,1.2346764
17.143753,1.2355614
19.300423,1.6968212
16.370277,1.2638626
18.485224,1.3545418
17.225464,1.2167397
18.990984,1.62677
19.214005,1.6294823
18.25245,1.4460831
16.657532,1.2144632
12.982274,1.2993689
16.818619,1.2134552
16.957018,1.2254238
17.775286,1.342041
17.800457,
19.502878,1.9348431
15.600765,1.4425907
14.924804,1.4849558
16.817,1.2268467
18.14279,1.6914062
17.277693,1.2833099
18.155975,
16.343826,1.3420305
17.68857,1.3011646
19.55572,
17.345228,1.292551
17.432491,1.3028641
16.891932,1.2661133
17.883156,1.3605843
18.762285,1.5721302
18.292461,1.4419174
16.301401,1.3236094
19.734522,1.8866425
18.632536,1.5925732
17.399963,1.3797283
18.33501,1.4693146
17.971664,1.3664646
17.140654,1.2609234
18.536194,1.5060921
19.961056,1.8545837
17.093685,1.2661705
19.242294,1.7005234
17.242117,1.3107357
15.99491,1.4535646
18.87173,1.4874249
18.479103,1.500143
16.528656,1.2933264
18.435781,1.48102
,
17.365318,1.3568993
17.621758,1.4034977
17.051235,1.3405399
17.495522,1.4610996
20.49503,1.7798157
20.415056,2.0209427
16.666098,1.3463831
17.737495,1.4130898
15.687357,1.488965
16.753218,1.2435246
17.74674,1.3675251
16.249605,1.2683363
17.658176,1.2165451
17.402575,1.296154
15.685647,1.14639
13.023054,1.4464064
16.643888,1.2667704
16.924482,
16.461187,1.2531061
19.930304,1.9102554
17.563227,1.342413
18.064186,
16.052938,1.3778448
17.352932,1.2924747
18.50401,1.4489307
16.642578,1.2809086
20.078281,2.1038551
16.977373,
15.263516,1.5309811
18.092476,1.4376984
18.490873,1.5032005
16.358795,1.2972059
19.01924,1.6839199
16.318655,1.3158474
16.999731,1.29175
14.456111,1.5674706
12.88604,1.4377108
16.664976,1.256299
17.498205,1.3175144
16.832981,1.2538738
17.137543,1.2932835
16.293686,1.3032331
16.385035,1.2772264
14.674528,1.5363321
14.407433,1.5933828
20.019669,1.6468506
17.903133,1.3571339
18.947699,1.6334095
17.385551,1.3290844
18.201923,1.4799595
17.271229,1.3735542
18.665024,1.5422955
16.695562,1.2973337
19.487595,
11.656441,1.8672295
17.275776,1.3652916
16.647135,1.2521601
16.552643,1.229579
17.68359,1.3909245
17.54803,1.2634087
15.5262375,1.4017239
17.538431,1.263855
16.133905,1.0690336
16.026426,1.2235098
17.711283,1.300108
16.720621,1.2034931
18.088648,1.3876858
17.740818,1.3022633
20.268631,1.774229
18.753428,1.5287399
17.452164,1.2491722
16.510042,1.1780024
18.566664,1.4627895
17.172182,1.213911
17.392645,1.2377834
16.635885,1.1569538
17.887049,1.3523788
17.173588,1.2101784
20.328371,1.6405716
18.511578,1.4608078
18.202042,1.3838005
19.572056,1.759552
12.8838415,1.5578947
18.362415,1.4188519
12.842141,1.5484829
17.623121,1.2388153
20.185959,1.8226128
19.795458,1.7936897
15.12788,1.4211416
19.180197,
16.447548,1.1987801
18.807573,1.5011749
19.788097,1.8464546
13.048658,0.7426386
17.639383,1.3060265
18.747044,1.5074673
16.874874,1.1884403
16.983086,1.2188263
18.619808,1.5983887
16.724018,1.1861172
15.052834,1.389863
19.794815,1.7744141
19.441229,1.6646805
17.242329,1.3008423
19.45555,
19.550934,1.7988987
18.717472,1.5132084
15.663686,1.4459581
17.34683,1.2718258
19.138275,1.4588699
16.343689,1.2185736
17.335629,1.2683678
16.85864,1.2484932
17.167809,1.252079
17.913198,1.3487244
18.244621,1.4607658
18.319876,1.4533463
15.898101,1.4001751
18.409369,
17.862381,1.3972893
17.333776,1.3101139
16.752373,1.254221
16.961807,1.2719059
18.053438,1.3842926
18.312296,1.4700508
19.15017,1.834652
18.34521,1.4341431
17.658007,1.3164902
17.114828,1.287569
19.25833,1.8047447
18.58929,1.4123077
11.02671,1.8885841
17.138317,1.2566395
12.011058,1.7504015
16.306177,1.2602568
18.477354,1.6433716
18.30066,1.460041
16.532988,1.2216997
17.32123,1.2571468
17.208992,1.269413
17.59679,1.3053741
16.847933,1.2355709
17.833168,1.3511333
16.270445,1.2284536
18.059217,1.3512001
13.528146,1.5723591
16.787397,1.2435188
17.453012,1.3130112
15.46252,1.451129
16.234509,1.2338667
20.563234,1.7955494
14.493571,1.5133371
17.707422,1.3078728
17.77524,1.3476753
19.36403,1.4396095
17.012653,1.2836609
16.411144,1.2523308
17.02721,1.2822189
18.170616,1.4834042
18.394865,
16.590652,1.3021326
17.48145,1.3903332
19.930672,2.0215302
18.390745,1.4526844
17.126617,1.2734318
18.388956,1.4871426
14.290017,1.536994
16.660337,1.2610168
20.101295,1.6558018
18.220446,
17.225246,1.3275032
14.179772,1.5785675
18.910803,1.4056187
16.29759,1.2879543
15.880625,1.3977451
18.095203,1.3122234
18.692326,1.5871067
17.066603,1.2810116
18.18939,1.4931049
18.131725,1.4116364
17.478197,1.3443623
19.703785,1.734232
17.936264,1.5640888
18.352987,1.4569397
18.081629,1.4751453
18.631018,1.533823
19.341906,1.758709
12.536952,1.7028389
18.60061,1.5005951
19.359297,1.7283783
19.035233,1.6469612
17.751661,1.294424
20.007565,
17.322002,1.2924786
17.437906,1.2790871
19.303005,
17.447794,1.3796196
18.344023,1.4264755
18.327015,
20.032835,1.9550304
19.222858,1.6790409
17.22488,1.2770653
16.483448,1.2828417
16.37985,1.2718468
17.374088,1.2584
18.207027,1.4655972
17.601871,1.4553871
17.512672,1.3428516
16.600906,1.343257
17.398954,1.3270111
18.35735,1.4529533
16.195705,1.4282532
16.826794,1.3084908
13.131902,1.6777496
14.602753,1.6010561
19.359987,
17.907227,1.3838291
18.728073,1.488596
18.467678,1.4316311
14.41254,1.5377407
17.721731,1.2819252
17.752201,
17.89158,
16.726488,1.3316593
16.864122,1.285224
16.603386,1.7375603
17.842203,1.9519501
16.890057,1.2571697
15.591324,1.4677134
16.921629,1.2619762
16.351114,1.2331257
17.477314,1.3175049
15.852576,1.4146757
16.515306,1.4062767
16.449892,1.2306013
18.0532,1.3652363
17.621075,1.2429008
17.377161,1.2569485
16.73177,1.2554855
16.629742,1.256917
17.902386,1.2008839
16.7174,1.2404785
18.207039,1.5025139
13.132383,0.8263836
17.559465,1.2916012
17.618237,1.3076649
18.034773,1.3408947
18.430239,1.4180946
18.380377,1.4354
12.840603,1.3849401
18.17155,1.4079819
18.735159,1.5485401
16.89343,1.2311516
17.143274,1.2400894
16.82552,1.2123718
17.903915,1.1429539
16.590117,1.3236742
17.242538,
18.895327,1.6307373
17.20529,2.6021843
15.281655,1.5589333
18.041536,1.3629379
18.285385,
19.004995,1.5996494
16.879417,1.2886181
17.797241,1.3591404
16.5176,1.2477837
17.679928,1.3007278
15.923389,1.505764
16.5738,1.1066885
17.996904,1.3117695
18.425415,1.3694496
17.007925,1.4750757
16.623896,1.3248119
17.16159,1.3275928
18.33881,1.37883
,
15.779472,1.3549938
12.016417,1.7391415
15.994499,1.3446817
15.343102,1.4534912
17.703293,1.6564131
17.422684,1.436985
18.74568,
16.570702,1.2835159
16.98617,1.2524452
17.606855,1.3469219
18.582407,1.397831
18.206587,1.3810463
18.929733,1.563734
16.64536,1.2683887
17.639847,1.4433193
16.639898,1.289485
17.344696,1.3813992
14.993713,1.5172634
16.344904,1.244359
19.835884,
13.507545,1.5807934
16.375477,1.2686224
16.3407,1.2830257
17.284513,1.3597622
17.470142,1.367857
16.937866,1.2026062
18.062218,1.4467793
14.67315,1.4890671
16.690197,1.2350464
15.86093,1.4027052
17.349466,
17.601147,1.2711716
17.50145,1.3612919
16.40893,1.2576942
18.357626,
17.421507,1.2992916
16.01351,1.2710276
19.61504,1.6012249
16.125858,1.2692175
16.651127,1.2869377
14.963803,1.4742517
16.570787,1.2399998
18.831266,
15.899125,1.3171597
17.062809,1.2358799
19.198652,1.7717075
19.478142,1.5900555
15.905349,1.3731966
17.013123,1.2549667
17.520618,
16.134325,1.2881432
18.88134,
17.75759,1.346201
17.565552,1.355114
17.446144,1.4091663
16.499475,1.2376385
16.28029,1.2541485
17.938139,1.3737488
17.302666,1.2878933
17.215597,1.287199
17.859283,1.4432373
19.140453,1.6744785
17.099781,1.3139076
18.673319,1.5637264
17.453876,1.3675232
15.018929,1.5172281
17.395565,1.3307972
16.700071,1.247283
19.330225,1.7351799
15.732022,1.4574671
19.04701,1.5817757
17.340546,1.3022251
18.53562,1.473753
18.622246,1.5582123
16.888468,1.3601036
19.088167,1.6433544
16.882446,1.312542
16.606308,1.3233805
19.782993,1.8758869
18.225313,1.4669399
17.737772,1.3504715
18.208885,1.4412479
13.328129,1.6059647
16.117403,1.2781086
16.627485,1.2515001
18.988516,1.3319702
17.339872,1.299881
18.071888,1.3688374
17.080065,1.2564449
17.287374,1.2816124
16.587048,1.2777653
17.25757,1.2818546
17.662159,1.3345184
20.719482,1.9047928
18.305357,1.3486137
19.387285,1.6894569
18.595867,1.5694504
16.65666,1.3015661
17.312166,1.3505497
18.34371,1.4357166
16.82211,1.2469196
17.779556,1.4968472
13.138176,1.628377
16.55828,1.2654963
18.480568,1.4679928
18.785795,1.6293526
17.164156,1.2985954
16.755646,1.2762642
18.798258,1.536026
17.013638,1.2736378
18.521378,1.4778614
19.79633,1.8748016
19.658545,1.6881809
16.995329,1.2742462
19.51497,1.7964401
17.362106,1.3329887
17.60222,1.3564205
18.535927,1.5423317
18.065498,1.4379005
16.566114,1.3217859
16.723745,1.3001127
17.792185,1.3801708
16.697023,1.2507257
18.674355,1.50037
17.45784,1.3909397
17.873693,1.3779297
17.023607,
17.443945,1.3707638
20.783075,1.9856491
18.61743,1.4934711
17.772007,1.3418388
18.018452,1.4386654
15.9410515,1.253458
19.134388,1.6198673
16.582516,1.2140741
17.696535,1.3131123
16.622194,1.2027569
16.456154,1.1993828
16.360703,1.210948
18.140047,1.3533306
18.29142,1.4078808
16.75748,1.1688995
17.803642,1.3099213
19.54124,1.745718
17.298681,1.2195892
15.634514,1.3742876
17.743814,1.3449936
17.559612,1.2527542
18.295341,1.4032784
15.74944,1.3258142
19.432858,1.8089218
18.269186,1.3608665
12.914128,1.1063623
18.493557,1.4634495
16.703047,1.1861591
16.06539,1.1792669
18.44486,1.4260426
18.386578,1.4552803
16.173151,1.1988449
16.54472,1.1952868
17.061811,1.2596416
18.404785,1.4090042
15.985963,1.2701931
18.127275,1.2228642
18.659351,1.4643688
16.324713,1.207612
15.620551,1.3173428
16.506508,1.1671076
18.715115,1.4940338
16.4687,1.1703339
17.455635,1.206377
15.743274,1.3073711
18.077042,1.3688583
16.361732,1.190197
19.209639,1.6918678
17.74236,1.314558
13.806407,1.4615641
20.194864,1.7439785
19.79467,1.835022
16.99053,1.2158623
17.853418,1.3218842
17.398672,1.2383575
18.117773,1.3746548
12.54442,1.6544952
17.958487,1.3900852
19.715801,1.7866974
19.034462,1.6452293
19.907537,1.9307041
16.646591,1.2760811
17.629131,1.3344364
18.588598,1.5305614
17.303814,1.270958
17.479446,1.3198586
16.130806,1.2095633
16.909534,1.2024899
16.762753,1.2021923
13.015536,1.0629969
17.232231,1.3264637
20.039782,1.9514275
16.44655,1.3601503
19.13989,1.6690826
20.212109,2.0298977
18.499126,1.4471455
16.810005,1.2058315
18.061584,1.3781815
19.046125,1.6597614
16.74612,1.2368488
17.660826,1.3081455
17.543888,1.3041458
18.13784,1.1208115
15.912182,1.3467541
17.603601,1.3288345
17.198141,1.2471695
17.605076,1.3046532
17.254904,1.2572517
17.928322,1.3488197
16.193443,1.274478
16.65549,1.2512188
18.608791,1.67346
19.37625,1.5338879
20.206398,1.8818817
19.110903,1.5978794
18.21873,1.4182682
20.238941,1.7491169
19.674149,1.8684673
17.913298,
17.799232,1.3463993
18.852804,1.5158024
17.28531,1.2379742
18.51677,1.3682632
18.359713,1.4617786
12.955361,1.3257608
14.828074,1.4652538
16.954622,1.2099552
17.025633,1.2573891
17.648058,1.3267212
18.563103,1.4249535
17.52536,1.279396
16.541065,1.2355366
17.139198,1.2982616
19.220055,1.9811745
17.654938,1.3475094
16.964415,1.2791138
17.59595,1.2895432
17.169098,1.2413902
12.342773,1.6799612
17.584871,1.3341694
13.29126,1.5465269
16.751755,1.2516365
18.61123,1.5782566
16.404074,1.2512274
16.473417,1.2178974
16.390408,1.1991234
18.25071,1.4170151
17.954798,1.35009
20.41988,1.9173813
18.963743,1.649332
17.57919,1.3029728
19.590748,1.9453354
18.188574,1.4245224
16.949543,1.2597256
19.753494,1.7795162
16.8574,1.273695
20.476522,1.9646492
16.792084,1.2427216
19.536757,1.6165409
17.684298,1.3514862
18.04161,
16.353855,1.2860498
16.383245,1.2799959
16.711132,1.3199024
17.9414,1.3826771
16.573029,1.2468615
19.067207,1.6216831
17.594131,1.3346157
16.872614,1.2775459
17.729212,1.3272877
19.592632,
17.692142,1.324585
15.22616,1.497119
17.80785,1.3870239
19.460966,1.8190994
16.375042,1.2638607
17.363995,1.3200855
16.644835,1.3532381
17.772741,
17.273916,1.3981409
20.237734,1.7015247
18.58906,1.4856548
14.033904,1.60777
16.135862,1.3315983
17.215847,1.2972031
18.122623,1.5384903
18.042833,1.4355965
16.6799,1.2711525
17.535498,1.313818
17.46712,1.2968693
16.929832,1.2975788
16.899626,1.242382
19.014505,1.6543407
17.707119,1.4525833
14.759833,1.5214176
18.718534,1.7158127
16.160904,1.3436527
17.328625,1.2625694
18.97143,1.7766151
16.46109,1.2486868
17.28753,1.3828201
15.917998,1.5238991
17.334211,1.3578663
16.659338,1.3723278
17.186985,1.2895489
18.294397,1.4700909
17.15329,1.3289909
18.294844,
17.61987,1.3296547
17.530502,1.2889576
17.637323,1.3621349
17.116085,1.2870903
14.820614,1.4855127
16.819902,1.2602444
15.634424,1.4922857
16.347563,
18.491467,
17.087156,1.2258816
17.294115,1.2623997
14.462834,1.491931
18.637516,1.4119453
19.149311,1.7865849
20.22388,1.4342995
16.931181,1.2627506
16.113522,1.3084469
17.35633,1.282978
11.984649,1.5589323
16.847904,1.2476025
20.385122,1.8334885
17.322323,1.2878933
15.191379,1.5155869
19.159237,1.4553986
12.815538,1.2800035
17.920565,
16.488916,1.2122297
15.075924,1.5450954
18.199434,
17.229483,1.54566
17.659317,1.3032055
18.398983,1.4020252
16.621939,1.2275486
19.08913,1.7229156
15.951989,1.3646488
19.85951,2.083559
15.774754,1.394001
16.533258,1.2995901
17.218552,1.2991638
16.50298,1.268384
17.994797,
17.39199,0.9749565
17.743336,1.3081875
16.233915,1.2698908
18.07849,1.4831982
16.906841,1.4494028
18.259602,
16.91593,1.2434673
17.512833,1.5635633
12.722136,1.3771725
16.764027,1.0969496
17.449305,
17.444248,
16.474829,
16.601452,1.2356663
16.10607,1.4243517
15.457232,1.2636633
14.143944,1.5789175
17.148657,1.0874681
17.806726,1.3271999
13.3152075,1.1597261
15.733118,1.460103
19.451262,
16.299488,1.4278145
16.473635,1.2752953
17.585041,1.3075848
15.716098,1.457819
17.814026,1.4135685
17.982937,1.3640575
17.779465,1.2581081
12.761181,1.6478615
16.922226,1.269064
16.968845,1.2966747
17.339958,
15.946738,1.3488636
18.2296,1.3977585
16.808899,1.407629
17.008924,1.2442169
16.81879,1.2893848
16.449451,1.25453
17.545403,1.3783398
16.65765,1.4254093
16.766397,
17.711187,1.5744247
16.821733,1.2121658
18.028421,1.3728752
18.432983,1.4703007
11.085197,1.9140358
16.841969,1.269247
17.906061,1.4057636
11.643252,1.7816896
15.134182,1.4763546
17.984772,1.2726231
17.3707,1.2622681
17.055208,1.2606468
17.859585,1.1976929
16.282352,1.2168732
17.487387,
16.282928,1.195508
16.211731,1.2093592
18.337927,1.4666786
15.897271,1.2771845
15.036092,0.94320107
15.433065,1.4645252
15.9910345,1.3305073
17.268433,1.4407349
17.615244,
16.833004,1.2387009
16.810291,1.2672558
13.984916,1.5086508
17.322653,1.3352394
16.020746,1.2735538
15.8172455,1.3611813
19.856342,2.8862286
17.091911,1.2298012
18.67879,1.5916538
15.678091,1.411438
19.250443,
17.038317,
14.413419,1.5182972
18.048183,
18.470724,
16.406595,1.2308607
17.85357,1.3690376
17.70372,1.3204632
16.623678,1.2526093
16.408075,1.2324934
17.398561,1.3434219
16.678116,1.2765913
16.793062,1.3783875
17.13539,1.3714924
16.915678,1.2826881
19.137545,1.723896
20.092007,1.8798027
18.180817,1.4336567
19.416233,1.741972
19.015419,1.6661491
17.4624,1.2875767
17.077904,1.2650509
17.681507,1.3634567
18.913267,1.6294727
18.209394,1.440691
18.172773,
16.843979,1.2651405
19.521141,1.814106
18.891674,1.5780296
18.793615,1.5824871
18.827106,1.5729828
16.648956,1.293745
16.714577,1.2893066
15.723225,1.5719442
18.706272,
18.868612,1.6523323
17.039885,1.3641796
17.879976,1.4124737
16.977772,1.3459682
15.903404,1.5097055
19.449657,1.6918488
16.772408,1.3161144
16.516647,1.299572
19.00459,1.7077084
17.383627,1.364769
17.322474,1.3438759
16.248568,1.2566977
15.148462,1.4799719
17.180244,1.274517
18.789783,1.4620438
17.646286,1.4013977
17.76078,1.3374233
17.794016,1.3443394
16.474855,1.2237482
20.08966,
18.135187,1.6728725
18.142925,1.2588081
15.339539,1.4831314
16.07888,1.3265371
17.43786,1.3349113
19.909168,2.1185665
17.297506,1.4968338
16.344238,1.2695646
18.901579,1.4909191
18.889027,1.6293373
17.342937,1.2610531
16.191496,1.2827883
18.26205,1.4187527
17.573317,1.3166561
19.029922,1.6077175
16.956823,1.283226
17.495275,1.3460884
19.089264,1.6996346
20.140738,1.7892723
18.235638,1.4696369
18.65461,1.6254978
18.380396,1.4672718
19.1979,1.6704636
16.568699,1.2926903
20.459965,
18.032238,1.40024
17.151085,1.302805
16.987127,1.3066845
18.545116,1.5213032
19.13996,1.7367344
18.745668,1.609272
17.71752,1.3847847
17.15982,1.2899704
16.654749,1.2959299
18.167791,1.4141102
16.70639,1.2856207
16.438639,1.2681627
16.80099,1.2686958
17.866596,1.3643761
17.543606,1.366066
17.343994,1.3400402
16.487503,1.3266611
20.492039,1.8364296
17.84059,1.3970604
17.107748,1.2818756
18.821672,1.5808964
16.883368,1.1937466
16.106398,1.1894436
16.765408,1.1805172
17.131983,1.22859
17.432072,1.2630901
19.718857,1.7294941
17.237453,1.2603626
20.244427,1.4320393
16.307438,1.1705961
16.063036,1.205616
17.252733,1.2318039
18.609034,1.5411091
13.0844555,0.7593241
18.350601,1.3783073
16.826166,1.1633501
15.237591,1.3955736
16.84427,1.1864815
16.769161,1.1775932
18.39891,1.4483356
16.929173,1.1949005
13.243662,0.5961218
18.054718,1.301199
19.280333,
18.1555,1.3544235
15.593704,1.3676672
13.127935,0.6896496
19.721964,1.6617756
17.942837,1.3032818
16.884089,1.1961784
16.557838,1.1711502
17.053913,1.2535496
19.057484,1.6230602
18.412592,1.378336
17.881506,1.2887878
15.842216,1.1992273
17.139776,1.1788807
15.355098,1.3710775
16.080576,1.2212257
20.52441,1.8784847
17.490746,1.3291836
16.250088,1.4377279
18.367119,1.5143776
17.577152,1.3449936
16.882982,1.2958431
20.041424,1.8798447
16.556505,1.265562
17.507874,1.2882614
16.497,1.2443867
19.692657,1.8885593
16.806173,1.2128963
16.454588,1.2530708
17.13184,1.2501049
20.194038,1.826767
18.550482,1.4839058
19.97153,1.8138599
16.298452,1.2378702
18.077276,1.3923454
17.360497,1.3586884
15.203286,1.4875584
16.680716,1.1964073
20.356953,1.4938698
16.292747,1.2694349
17.456448,1.307766
17.274895,1.3131771
17.65331,1.3530788
18.333893,1.4632053
19.748047,1.7100506
17.588985,1.3126335
11.384708,1.8070488
20.042398,2.0504665
17.447744,1.3491077
18.126905,1.3817406
18.050629,1.3801689
17.77201,1.3173714
17.966463,1.3925705
19.096123,1.668539
17.147072,1.2694149
18.81323,1.4575081
15.569293,1.4547558
15.843146,1.4095993
17.864529,1.3348961
17.526571,1.3293705
17.882008,1.3887806
13.912532,1.5483818
18.451895,1.4904995
17.396074,1.2825546
18.423473,1.3595695
16.704613,1.240613
16.593218,1.2139044
16.011377,1.3324146
16.72686,1.2204971
18.939098,1.5644913
16.584076,1.2454739
17.179098,1.311409
18.190428,
16.75065,1.2509346
15.007484,1.4752922
17.29503,1.2491436
16.415794,1.2091894
18.86838,1.5753479
14.450163,1.5013666
16.645435,1.2411299
16.542044,1.2229061
19.93524,2.1470604
18.142532,1.477745
17.414211,1.3220024
16.499334,1.2881088
18.780457,1.4610062
14.550648,1.5060692
17.022102,1.2569275
16.854256,1.2653923
18.70632,1.5329762
16.920439,1.2924442
16.828135,1.3068924
17.959423,1.3429432
17.282423,1.2937679
18.011297,1.4082947
19.715656,1.941925
17.181175,1.2915382
16.670822,1.26161
16.47443,1.2467117
18.044916,1.4376469
18.124512,1.4501762
17.208254,1.2953873
17.6423,1.3318634
18.546303,1.3969841
18.652328,1.5192356
18.15297,1.4346161
18.650938,1.5361233
18.32318,1.4232903
19.025076,1.5229053
18.574709,
19.605846,1.7214832
17.09941,1.2994823
17.162977,1.2877464
17.00982,1.2667828
18.87327,1.6254311
18.727404,1.5395145
18.34178,1.4504051
16.090351,1.3494797
16.347626,1.2954206
17.594406,1.3292408
16.5737,1.3220901
16.800444,1.2664967
17.545683,1.3027267
16.880657,1.308794
16.939993,1.3540535
14.040392,1.5447397
15.596946,1.5091829
17.651642,1.3011322
17.95046,1.4564934
16.888994,1.2770367
18.674507,1.4476147
16.37095,1.2585182
16.520735,1.2346945
20.094416,1.8232269
19.99094,2.0117989
17.109417,1.308361
14.125376,1.576705
17.348906,1.3178596
16.312874,1.2857075
18.962816,1.6894875
16.906914,1.3216152
17.016615,1.3101006
17.302315,1.3142204
16.802544,1.2698994
16.160002,1.2625313
16.494114,1.2571125
16.870476,1.3621616
16.80364,1.2697067
16.16636,1.2921877
18.331854,1.460989
18.496012,
18.00018,1.3796749
16.403297,1.3416204
19.575657,1.2458458
17.402937,1.3632145
17.740217,1.4027958
19.000885,1.6447239
17.358137,1.3680325
16.999949,1.1821232
17.540413,
16.158634,1.3009157
18.61101,1.3372078
18.19895,1.4583721
13.229116,1.5921621
16.020964,1.4034567
18.349789,1.4788723
16.359241,1.3043728
17.017859,
16.838955,1.2655602
14.549832,1.5103788
16.074318,1.3141222
16.847097,1.21525
13.000057,1.4233112
17.279982,1.4776382
14.094769,1.5720549
17.521204,1.343647
17.250267,1.3449688
17.715717,1.3500862
16.270184,1.2246962
19.191608,1.8473473
20.35541,
12.081063,1.7047911
16.426746,1.1723719
16.247828,1.1737556
16.457535,1.2247868
18.414698,1.4383831
16.545082,1.177948
18.02617,1.3338566
16.647587,1.2712231
17.358944,1.2869034
16.309017,1.2328129
17.661842,1.3210468
15.97451,1.3637877
17.341309,
17.972221,1.3635559
16.715466,1.2128744
18.643728,
17.052418,1.2777748
17.503208,1.2901115
17.682148,1.2734375
18.37402,1.476551
16.39415,1.2458525
18.03775,
17.648962,1.2995987
17.284842,1.2689342
16.470749,1.208231
16.673431,1.2458687
18.947498,1.6964931
16.58833,1.339755
18.678362,1.5516987
17.928463,1.3943176
17.014381,
17.026497,1.1233664
17.6315,1.4250507
18.816895,1.3535233
16.539759,1.2847376
16.145737,1.2977629
17.094847,1.5534945
16.805925,1.3067245
17.490416,1.3827133
15.892725,1.3059559
16.111103,
16.173016,1.2230625
17.181904,1.2719803
16.605305,1.2360477
17.26207,
15.749088,1.4561195
13.369685,1.5948181
17.218998,
17.10465,1.2522011
16.54729,1.2829647
15.146184,1.4580498
17.261124,1.2899017
18.646048,1.223774
17.71745,1.3670368
17.737413,1.2205276
18.319056,1.4726677
16.77286,1.2957649
18.453224,1.2884388
16.47893,1.1784945
18.135275,1.4677105
17.405016,1.3514862
15.707893,1.454464
16.473257,1.2775011
14.032343,1.5282459
16.825819,1.3131275
17.471415,1.3218765
17.878435,1.368742
17.13127,1.2892685
14.502141,1.5174608
16.779055,1.2705755
16.653456,1.2651129
20.108183,1.3101807
17.425861,1.2939129
17.726763,1.357647
18.302383,1.5282307
,
16.520996,1.2341967
16.904083,1.2133465
15.678331,1.4211235
16.928158,1.2332478
18.120077,1.336153
16.622963,1.2320414
16.79379,
18.195843,1.4896793
17.60772,1.3301601
16.301558,1.2781696
17.131016,1.2574081
18.099585,
15.933611,1.2944622
15.739418,
19.269146,1.7701855
15.64601,0.9835272
17.839233,1.4046993
16.760109,1.2151947
15.84004,1.3758192
15.996171,1.3305626
16.327475,1.2398396
12.68524,1.6491795
18.413376,1.4672966
18.439627,
17.237371,1.2774029
16.226116,1.2479029
16.662603,1.2521944
17.73451,1.3362656
18.096313,1.3913803
18.218576,
18.461706,1.2442722
17.023243,1.2280636
17.341526,1.3246803
17.227217,1.3249645
15.691432,1.4616566
15.306544,1.4421225
18.127348,1.4340229
19.336245,1.6866226
17.73206,1.3798923
18.834072,1.5883598
18.78729,1.7191105
14.11681,1.6567059
18.160728,1.4803467
15.70005,1.4980545
17.495272,1.3631439
17.863888,1.4334564
17.66179,1.4238205
18.55097,1.516716
17.217344,1.3121014
16.811998,1.2867317
18.287708,1.4532719
15.905601,1.4731026
15.876491,1.6584816
19.660807,1.830059
16.940147,1.3275509
17.50549,1.3286915
16.486712,1.2523003
17.91327,1.3977833
16.57004,1.2559261
17.033821,1.3648281
20.120167,1.8035011
18.572607,1.5368576
16.4217,1.321888
19.43733,1.8283234
16.43876,1.3705139
19.054152,1.5476704
18.13942,1.4417152
16.646368,1.2530556
16.621311,1.2396832
16.676334,1.2640028
12.921842,1.623023
13.131456,1.6083336
19.267136,1.5506287
20.41091,2.093647
16.40446,1.3005705
13.37137,0.7227802
18.25589,1.4476776
16.838451,
18.921831,1.6185589
14.372123,1.5190592
18.575663,1.501852
19.507492,1.8184357
17.61003,0.962512
13.835108,1.5833797
17.763891,1.4222698
18.039864,1.48143
17.76392,
17.764246,1.3601055
17.47482,1.3328876
16.096426,1.2953796
19.168602,1.2847328
17.436161,1.2886791
17.301031,1.2682629
18.714935,1.5161858
17.713139,1.3449287
17.578125,1.4194927
18.07038,1.3956966
20.12367,1.9950943
16.85528,1.2975712
16.86783,1.2746906
16.22548,1.3206482
17.66149,1.3447208
16.977888,1.2876053
16.708096,1.2745352
16.919788,1.2898712
17.39753,1.3302059
16.187363,1.3259411
18.30272,1.5020714
17.671339,1.3650684
14.063587,1.5913944
18.033674,1.4267445
17.788063,1.320673
16.7083,1.2997303
17.15042,1.283823
19.992023,1.9894581
17.255455,1.3618851
17.271503,1.3479214
14.978554,1.4947395
16.6147,1.2791481
16.673746,1.2909698
17.758188,1.2703304
17.157177,1.2806034
17.849796,1.3736095
19.295757,1.6527328
18.288559,1.4908352
20.642109,1.8012829
16.426722,1.3437386
18.447254,1.5115929
18.246872,1.5079193
15.206379,1.4958315
18.29491,1.4831829
19.993591,1.8975697
18.294865,1.4732456
18.67584,1.5323601
16.875704,1.2870579
19.386759,1.701849
19.534777,
18.133219,1.3794746
17.157164,1.2987995
18.351612,1.4234753
19.405039,1.7785454
16.96296,1.2461262
19.503925,1.694891
17.849901,1.3294029
16.959562,1.2306461
17.110273,1.2541504
17.436304,1.3102665
16.751282,1.2578602
16.672966,1.2339048
16.735619,1.3009529
19.233284,1.7312756
16.923096,1.2691021
16.62208,1.2308569
17.009375,1.2524014
18.84236,1.656311
11.038589,1.796051
17.81493,1.3931046
19.842386,1.9913158
17.550362,1.3264999
17.311857,1.3014812
17.050907,1.2798138
16.133411,1.2791901
16.635944,1.2619219
15.973736,1.3741169
19.545027,1.878645
16.458906,1.2505808
19.911272,1.7568893
18.597652,1.5738583
17.30457,1.3524666
16.96311,1.2346172
18.25128,1.3984299
17.293793,1.2543087
17.199106,1.2483273
16.698805,1.2260685
16.295553,1.2739592
15.983413,1.288804
17.770123,1.3564987
15.621677,1.4484386
17.2408,1.2620735
19.40033,1.7428627
16.252993,1.2411861
15.66205,1.4549036
19.484982,1.7338734
18.08284,1.3921108
15.319386,1.4427433
16.74569,1.2294693
14.114473,1.5096216
19.55477,1.7974777
17.859514,1.3488827
19.294243,
17.639866,1.4262333
17.48379,1.3279552
19.101402,1.6692886
17.187702,1.2815685
18.514463,1.5442066
17.202314,1.3234406
17.884245,1.4305553
18.264463,1.4862518
18.927248,1.6431828
17.12967,1.1911507
14.812324,1.5230474
20.371601,1.8188229
17.638502,1.4337902
17.180838,1.3347797
18.2565,1.4167767
17.88053,1.3169212
17.83742,1.3641682
17.054241,1.2792015
16.226587,1.2596436
16.6819,1.2437353
17.405663,1.3196983
17.265041,1.2905979
18.920042,1.585226
16.532782,1.2997665
19.19958,1.6953411
18.226242,1.4091206
17.717567,1.413084
17.797016,1.3520012
16.155249,1.3331709
19.579681,
19.726398,
19.066683,2.5217247
17.463625,1.4105511
17.540274,1.3044415
17.913923,1.4395199
17.562021,1.3842945
17.649227,1.3419857
16.39133,1.2850256
17.916399,1.366724
18.963402,1.5862732
17.157156,1.2992573
19.888197,1.4599552
17.530685,1.2980633
17.366117,1.2643471
20.284029,1.6521683
15.541529,1.4597454
17.012299,1.2494221
17.885363,1.376236
18.551195,1.5105915
18.906143,1.5318527
19.110497,1.5548763
17.68734,1.3850441
18.18834,1.4155388
17.405764,1.2806149
18.937475,1.5126648
14.077411,1.5292969
16.262987,1.2851171
18.491953,1.5092602
17.793217,1.3779716
18.23415,1.7367191
19.26131,1.4356651
18.779217,1.6480217
17.21107,1.3480434
17.297327,1.1034184
17.647173,1.3597546
16.94119,1.3407784
18.873177,
15.156005,1.4957886
18.331041,1.4145393
16.887287,1.4084682
16.872526,1.3208313
18.22715,1.4004288
19.10426,1.7545967
19.301249,1.9154968
17.578417,1.3368969
18.865505,1.541956
13.090208,1.1398106
15.110648,1.5224018
19.298105,
17.033152,1.3105679
15.967646,1.4196415
17.886503,1.3675232
16.940334,1.2440643
16.880966,1.248682
18.212772,1.3919067
17.893082,1.397295
15.076534,1.4955301
18.295042,1.4361267
20.13914,
17.334312,1.2618637
18.04446,
14.450823,1.4440451
15.455982,1.4248085
17.034595,1.199852
18.871958,1.4894314
16.963951,1.2652225
16.926193,1.2743549
11.532994,1.7953062
16.632421,1.2380095
16.386572,1.2287531
14.950974,1.4807129
16.943203,1.2207603
14.5508375,1.4020281
16.308777,1.2451305
17.69816,1.3144646
18.584295,1.3873367
17.492727,1.2807922
15.934826,1.2837038
16.522049,1.2405434
15.782642,1.3825178
17.195192,1.2608719
17.269062,1.2422619
17.35115,1.8424368
16.414917,1.3232079
17.36265,1.3490219
16.629631,1.2860928
19.102724,0.1508255
16.466175,1.2688951
16.151371,
17.083782,1.3607607
13.76073,1.525033
16.80325,
17.30636,
17.298637,1.2270565
16.523773,1.2547636
17.078125,
16.852282,1.2535496
16.835163,1.4545412
15.574303,1.4384308
13.514891,0.6228533
15.494287,0.9507036
16.95134,
17.503902,1.3811188
15.054461,1.2106276
12.487928,1.6852121
18.533567,1.4741821
17.941061,1.3104668
13.317614,0.7675619
17.48759,
17.597677,1.4041748
16.9557,1.2582684
17.291294,
16.830439,1.2744579
18.271555,
15.986856,1.3561611
16.862888,1.2329807
16.909399,
19.092627,
16.757593,1.2808437
16.112713,1.2472029
15.809764,1.4639168
16.216621,1.2801294
16.065197,1.2995939
14.15771,1.5410824
18.022488,
16.8635,1.0275173
19.514881,1.7061253
16.823849,1.2560368
18.96121,0.57920074
17.156439,1.3467884
17.244095,1.4332743
16.766243,1.3018951
17.350681,
16.331501,1.2599707
16.563482,1.2383671
17.126429,1.7224493
18.374533,
16.748941,1.1642084
17.633627,
17.040436,
11.155308,1.819354
16.556726,1.1990376
16.566498,1.2150545
15.888244,1.3356762
18.101574,
17.60685,1.5996819
13.401185,0.6317282
13.42562,1.5617876
17.321934,
17.142467,1.1967735
16.796911,1.2300644
17.422256,1.306612
18.395765,1.4300766
17.969208,1.3788357
17.835361,1.1966724
18.653818,1.3753357
17.084412,1.3224297
17.05113,1.26857
16.321457,1.2373161
18.4473,
16.140207,1.2509804
17.85204,1.2830486
15.23431,1.4608927
16.041985,1.3449068
16.867222,1.2268829
16.553297,1.2529106
18.617613,1.3691692
19.053648,1.3973408
18.971905,
17.616999,1.382267
16.219604,1.292429
17.880442,1.3925495
20.055435,1.9265728
20.475996,2.3231182
16.166185,1.4583998
16.385117,1.2953291
16.96756,1.2809467
20.264887,2.0679665
19.472284,
17.012236,1.2496662
17.324142,1.4605141
18.031223,1.419529
16.758055,1.3010159
16.807035,1.256916
17.194315,1.2985115
16.047562,1.3683376
18.16132,1.4977589
17.97146,1.4391308
13.531789,1.6716347
19.703022,1.7783127
19.282202,1.8327351
13.070184,1.2770462
18.149277,1.4402122
16.757965,1.2509613
16.45779,1.4404583
18.092236,1.4177952
17.658468,1.3256817
17.42557,1.3420029
18.644238,1.3598633
18.578293,1.5145226
14.700994,1.5257959
19.73665,1.7839127
17.988642,1.3879356
16.497574,1.2549067
17.625673,1.3022423
17.010693,1.2605801
16.362371,1.2579584
16.934885,1.2887726
19.03728,1.6447258
19.133667,1.744194
19.466974,
13.16119,1.0957785
18.262173,1.5173607
17.883253,1.3981552
17.689686,1.2336006
17.998959,1.3999138
17.446259,1.3410511
16.448875,1.2619982
18.95439,1.6291237
17.243011,1.3503189
19.530476,1.7709408
17.984379,1.3838139
16.526375,1.2934742
16.992414,1.3091888
18.042427,1.4050884
17.612993,1.3208046
17.71985,1.4172764
16.022795,1.3820114
17.172552,1.2831268
16.83011,1.3683777
18.097713,1.3648796
20.087152,
19.401558,1.8601742
18.778433,1.5870647
16.466454,1.2657604
17.155062,1.3106594
17.657902,1.4433861
13.497439,0.80878353
18.565187,1.5399513
16.56649,1.2640295
17.359291,1.362608
15.491589,1.380125
18.276102,1.3896904
18.94255,1.5772514
17.752493,1.3215771
16.39266,1.1896029
20.151697,2.1751328
17.469515,1.2715893
17.01276,1.19417
17.788822,1.3080807
16.91998,1.1920052
18.561966,1.5047684
12.486407,1.6132498
18.169321,1.3460693
17.71799,1.3006992
16.610054,1.1948309
16.286734,1.1523485
18.021458,1.36306
19.99011,2.2823963
19.46856,1.8043137
19.267517,1.5177002
16.799828,1.1705208
17.611986,1.21941
17.43084,1.219593
17.228739,1.2019234
17.20341,1.2223015
17.246508,1.2580223
16.533895,1.2066326
17.615965,1.3874302
16.60467,1.2128096
18.170147,1.3740311
17.973188,
17.538769,1.2971554
20.096254,1.7778969
20.395187,1.656107
14.623243,1.4594688
18.321661,
17.090544,1.1773415
19.103298,1.6769199
15.3479,1.4351721
15.801043,1.2491865
17.376528,1.2338715
16.942236,1.2199268
17.821299,1.3345242
18.48052,1.4841995
17.796144,1.3301315
17.346598,1.2641258
16.741642,1.218298
13.223539,0.7796602
18.50545,1.5051079
18.41005,1.4635048
16.705484,1.3350115
17.196253,1.2636642
19.008108,1.576191
19.670624,1.9039555
16.627752,1.2585831
17.804134,1.3554192
16.64397,1.2414522
16.76042,1.2542782
18.107466,1.4194489
17.849613,1.332262
16.26512,1.2473497
18.348959,1.4206104
16.247547,1.2313671
19.887417,1.7501945
20.204494,1.9018383
16.511087,1.2010593
17.674131,1.3056984
17.495007,1.3377819
14.025576,1.5183897
20.292952,1.5627956
19.541363,1.8289909
18.121143,1.4311352
18.130608,1.4459591
17.06397,1.2907829
18.511223,1.500967
17.180365,1.2684364
17.203876,1.2590351
18.20469,1.4454918
15.949921,1.3571377
19.47265,1.670126
18.08869,1.4162102
19.2066,1.9599724
16.996948,1.2588673
19.311338,1.8540344
17.018803,1.270752
17.052353,1.2845898
16.292793,1.2520037
16.45724,1.2388668
16.75042,1.4473495
16.136278,1.2373304
18.143036,1.3840771
17.884346,1.3672905
17.971544,1.39958
16.372097,1.2196941
16.141068,1.3032093
17.052576,1.291584
17.474773,1.303854
16.908485,1.2750492
18.586178,1.480156
16.927732,1.2878933
19.049786,1.6299343
17.327051,1.2826157
18.897133,1.6241283
18.644478,1.4135628
20.597198,
17.606459,1.2939625
17.927082,1.3552513
18.100916,1.4196491
19.140223,1.6655712
17.798277,1.344162
20.226326,1.8488121
17.815561,1.3979664
17.544384,1.3008118
18.364193,
16.764809,1.2453461
17.369658,1.2813835
17.028076,1.2787819
19.377916,1.7674294
17.468048,1.3333778
14.480839,1.5333433
15.605931,1.4861422
17.790384,1.375639
18.346933,1.5062218
16.926739,1.4099827
18.110558,1.4171524
15.922556,1.483737
17.830914,1.494484
16.00656,1.3390055
17.30133,1.3147907
16.751743,1.2581005
17.693806,1.4804993
18.078285,1.3949776
17.091887,1.2826271
12.836415,1.4222212
15.239182,1.5039892
16.85412,1.2717953
16.800386,1.2597198
19.74193,
16.768036,1.3037071
15.668815,1.6478119
19.283224,1.4340401
15.865043,1.0031214
17.660204,1.3644905
17.265718,1.4158611
17.207577,1.2628345
19.059546,2.113926
,
19.613588,1.9050369
15.29191,1.4960661
16.169949,1.4166393
16.806166,1.3631449
18.945585,1.5970268
16.400475,1.2954769
16.816458,1.2472134
16.44719,
16.846899,1.2697124
18.865707,1.5767803
18.972408,1.5699959
18.308392,1.5564137
18.77548,1.6471806
16.24613,1.3887405
19.050013,1.5674267
17.686237,1.3479443
12.552728,1.7621784
18.931871,
18.75861,
18.184687,
17.073275,1.3463688
17.469748,1.3885307
16.245607,1.3457384
17.232847,
18.261385,1.7310429
16.655767,1.3146124
19.063416,
17.123129,1.1946964
18.662073,1.658165
16.0603,1.3121233
16.137558,1.2997131
14.858903,1.5506916
17.758331,1.5301666
16.28773,1.3221674
18.619972,
18.04484,1.3421478
17.482046,1.0134354
20.041807,1.9299698
14.840676,1.4714012
17.799255,1.2987766
16.05219,1.2388811
16.696516,1.225955
16.664665,1.1996202
16.236414,1.2846127
16.338778,1.2215395
18.52908,1.4843464
16.408318,1.326972
17.609446,1.3232899
18.45281,1.3379936
18.042377,1.3609142
16.20149,1.2337294
16.407238,1.2553473
17.437498,
18.60668,1.4832535
16.586077,1.2271767
15.586568,1.4769278
18.771229,1.5652275
17.247261,1.2766609
17.14859,1.2391968
17.893438,1.3530006
18.534954,1.5185337
18.545515,1.8874397
19.521868,1.7034912
18.91821,1.5879993
17.44032,1.3596954
17.228655,1.3296928
16.388466,1.2419825
16.288742,1.3141222
17.633057,
19.5221,1.5466499
17.403795,1.3130455
19.239662,
16.668667,1.3117552
17.307474,1.2629604
16.184557,1.2838917
,
16.789806,1.3798647
16.952984,1.2609291
16.819757,1.2861719
17.460077,1.2949648
17.04194,1.345746
16.313662,1.3003845
12.790246,1.6033897
16.69938,
15.66781,1.4022427
16.805899,1.3684931
15.997249,1.3831224
15.0738325,1.5115433
14.956603,1.4286757
16.976704,1.2747517
13.412383,1.470357
16.357084,1.2691069
11.811248,1.7979946
16.70171,1.2534113
16.268309,1.30159
16.653702,1.240736
11.17555,1.8287668
18.504946,1.7153378
17.597786,1.3059235
16.842606,1.2806149
17.423126,1.3170586
16.039253,1.3206377
17.83816,
19.152344,
16.582747,1.2029352
16.3757,1.3941164
17.53904,1.3292217
17.72469,2.5727606
17.35232,1.3030701
19.334517,1.8427238
18.747946,1.488554
18.120726,1.4051781
13.071849,0.8538656
17.329287,1.3287649
13.239119,1.5707388
18.32241,1.6020889
16.549124,1.3185349
18.775797,
16.487658,1.2247591
18.015692,1.4401321
16.460083,1.1980295
17.674318,1.3943043
17.284855,1.2751808
17.430317,1.2906456
16.77867,1.2749844
18.100395,1.3956242
16.34997,1.3799715
14.733985,1.4862509
16.35015,1.2275953
17.13025,1.2618656
17.84189,1.4169846
16.85448,1.1910725
18.724714,
16.619312,1.2672262
16.169441,1.3211088
17.467344,1.2922134
19.149134,1.558836
17.103012,1.3107882
17.819279,1.3534088
16.03781,1.2975855
16.905174,
16.819822,1.2239971
12.942796,1.1120777
19.617615,1.8514023
19.487484,1.7620926
16.905552,1.2328682
16.769009,1.3040218
18.108562,1.423851
19.116087,1.6839752
17.198149,1.2793846
18.306202,1.4925499
20.317953,1.7692928
19.02546,1.7123356
17.785688,1.3898697
19.353857,1.6852074
16.700735,1.3125944
15.832778,1.4752617
18.492212,1.5373917
19.447441,1.7932663
17.965195,1.3956547
18.144339,1.3481407
16.021544,1.3856382
18.483389,1.4568329
19.373985,1.6133194
16.487728,1.2664146
16.962814,1.2545681
18.913725,1.5711288
17.304035,1.3155537
17.018309,1.2783394
18.788645,1.5597572
20.229948,1.7583961
16.477764,1.2720652
18.82318,1.5607796
18.099157,1.4266701
18.197922,1.4341202
19.743258,1.8967228
17.297808,1.2861786
17.727463,1.3974972
17.953157,
17.140757,1.3547707
18.185812,1.5329742
18.60462,1.5921459
17.022919,1.3423176
16.862171,1.2896976
17.406893,1.3111973
17.445349,1.3692665
19.267288,1.7519531
16.823875,1.2722359
17.244785,1.2888699
19.548748,1.8461056
17.640482,1.3022442
19.138021,1.6367111
20.098337,1.9525337
19.959127,1.8836002
17.127863,
20.128298,
18.397036,1.466938
16.868784,1.261776
17.926003,1.2398891
18.563578,1.3666153
16.49396,1.2676191
17.336906,1.2905159
17.167068,1.2883434
18.315874,1.4922733
16.974638,1.2148647
18.894709,1.6040096
18.709442,1.3791542
18.263468,1.4909115
18.770428,1.5039577
16.657644,1.1990767
17.774075,1.483635
17.827698,1.4078274
18.807379,1.585392
17.829092,1.3543491
17.817656,1.4200745
16.615604,1.2281418
17.79579,1.3544521
16.130499,1.3389664
17.081118,1.3280354
18.368397,1.4604778
17.854158,1.4041443
15.957656,1.4818764
18.18968,1.4914055
18.014221,1.405571
19.465405,1.840847
18.05048,1.371378
19.848843,
19.139307,1.6912441
18.480747,1.5745602
20.131723,1.8614178
17.667223,1.323225
18.136501,1.3807812
16.801125,1.3656807
18.08978,1.4239902
17.186995,1.2897491
18.95392,1.5735893
18.078346,1.4101849
17.158125,1.2896194
17.580767,1.4069729
17.282345,1.3024311
18.243225,1.484972
16.06799,1.4694233
17.200304,1.3518143
17.196674,1.3974113
19.64748,1.7141228
19.888988,1.908144
16.313734,1.3143501
17.31554,1.3068867
17.730013,1.3785667
19.860579,2.033165
19.722652,1.7435894
16.209324,1.2889557
16.823692,1.318922
16.574816,1.3273468
19.884523,1.841219
17.368437,1.3204937
18.101408,1.3343773
17.199865,1.2295113
18.502623,1.4599056
19.084455,1.5657578
17.41847,1.2710896
20.723734,1.519001
17.780838,1.3026409
18.557602,1.452322
16.721405,1.1830292
17.744326,1.4518433
14.617271,1.4301586
16.29729,1.1839256
19.329895,1.7376862
16.984764,1.1902103
17.138075,1.2452431
17.654678,1.2939453
16.49055,1.1863079
17.025196,1.3081017
19.007698,1.480156
18.54198,1.5917397
20.357382,1.8092728
19.675232,1.9798641
17.977789,1.3166122
20.110336,1.8352928
18.561138,
16.298494,1.203268
18.67105,1.5239391
17.655443,1.3295689
17.320362,1.2846298
17.324144,1.2733765
20.065868,1.9853363
18.630264,1.6323032
18.965736,
17.867891,1.4372559
15.735137,1.4283438
16.266794,1.256609
15.93765,1.3862638
16.931976,1.2728539
18.430798,1.5209293
18.6771,1.5465717
17.034159,1.2682915
17.575333,1.285553
18.098495,
18.076576,1.3977451
15.796706,1.3860512
17.354923,1.3326283
17.841684,1.3820801
18.055422,1.3732624
20.148262,2.3152027
12.894119,0.731061
16.564081,1.2138128
15.990738,1.374774
16.794632,1.2336864
17.70538,1.3271809
17.880505,1.3774872
18.027958,1.334528
17.811737,1.3289165
18.841053,1.5907402
15.030445,1.4754715
18.430708,1.4597721
17.616312,1.2844715
16.989912,
16.929615,1.2585926
17.038265,1.2612782
17.168674,1.253334
15.339412,1.4725437
19.469107,1.6083965
17.40733,1.3406086
18.059868,1.3992271
18.160362,1.4983654
18.1673,1.4270496
16.955612,1.2924786
20.008205,1.9683533
19.82644,1.8478584
17.041933,1.2713184
17.856346,1.3519249
18.840036,1.5749149
20.201376,1.672617
17.203121,1.2738342
18.66327,1.5446529
16.77652,1.2960835
17.802269,1.3774338
18.622358,1.5830936
15.747826,1.5470877
18.170427,1.3970947
17.205296,1.2780037
16.902306,1.3008728
18.00815,1.4137173
15.226992,1.5068703
18.346058,1.4711208
16.475883,1.2645674
17.614935,1.2995472
16.221172,1.2926159
15.728394,1.4840231
18.636103,1.4839497
20.445583,
19.60114,1.7613678
17.888811,1.3642616
17.718376,1.3018589
16.672638,1.2764425
16.125853,1.2917128
17.367945,1.315834
18.376034,1.5053635
16.13154,1.3542786
18.00138,1.4240742
18.884024,1.5896053
19.895819,1.756136
18.604267,1.5915089
18.258677,1.4594707
19.621336,
18.17396,1.7049866
16.734306,1.2666607
17.014606,1.3469963
16.853636,1.270338
18.156166,1.4345589
18.243744,1.4687767
17.35455,1.3073597
16.24462,1.2985926
11.158419,1.7880392
17.224253,1.2864571
19.754036,
16.854797,1.2075634
16.630198,1.2381954
14.721059,1.5084591
15.97291,1.4479656
17.687805,1.3305492
16.545635,1.2744608
18.677067,
17.288326,1.3570614
17.047266,1.2776871
17.336897,
16.025045,1.3674736
16.767466,1.2457371
17.895296,1.3889084
17.307371,1.2836189
16.75091,1.2599964
18.532845,1.5200062
19.2414,1.762434
16.41677,1.3449793
17.163694,1.3014145
12.138339,1.8268242
17.671003,1.4058895
17.366308,1.4044285
15.576931,1.489708
17.235725,1.305851
13.168872,1.2516356
16.042862,1.313446
17.910856,1.3904572
17.275612,1.2938576
18.54423,1.4705276
16.241621,1.2690954
17.909378,1.3270206
19.236416,2.1140633
18.252392,1.4921417
16.015514,1.4616289
15.156651,1.5019159
17.136694,1.4212751
16.625854,1.245348
17.044033,1.245882
17.973473,1.0250416
16.316381,1.2157984
18.946003,1.3983421
16.962664,1.3018703
17.793762,1.3477936
18.365803,1.375761
19.577112,1.5726833
16.43732,1.1867237
16.322065,1.1934862
16.962212,1.2152748
17.569155,
16.137188,1.2335749
18.403502,1.8993626
,
15.370638,1.3958158
16.27436,1.2397728
16.169687,1.3515253
16.548061,0.80002975
12.228829,1.4825134
16.240267,1.304327
17.363832,1.2551689
12.94676,1.0168676
18.3238,1.1447277
17.051619,1.2228489
18.356909,1.4707031
17.108273,1.3194675
16.442476,1.3425436
13.287695,1.6428041
16.51068,1.2750587
15.052078,1.5453691
19.239132,
17.00713,1.2792931
17.026958,1.2853012
13.19267,1.2540884
17.149931,1.2394543
17.667187,1.3953781
19.532475,1.6545639
16.293667,1.298356
11.415428,1.7486706
17.62146,1.0718699
14.411608,1.521884
17.01717,1.3733377
17.79031,1.5484695
16.440422,
16.43786,
18.818533,
16.888224,1.1817131
13.781274,1.5330906
13.123466,1.6015186
17.61977,1.3148289
16.815897,1.2609968
15.938242,1.4169197
16.662308,1.3220139
17.141254,1.31954
16.569706,1.2923822
18.575434,1.5068684
16.749573,1.2295551
19.836632,
14.452629,1.5070105
19.213907,
13.521775,0.6327076
17.09837,
18.553782,1.409399
17.620773,1.4562817
15.813724,1.3633614
18.494028,1.5463161
16.812454,1.2088051
16.91474,1.2846689
18.505585,1.5633965
17.166357,1.225975
15.834882,1.4134016
19.400845,
19.329304,2.1398754
17.99768,1.3766708
16.371914,1.2828283
16.569973,1.2466993
17.365236,
17.179277,1.282587
16.728493,1.2119598
16.51384,1.2023172
16.807768,1.2767086
17.765478,1.3532848
16.576283,1.3460321
17.356058,0.8180542
13.678859,1.5217943
16.934303,1.2178392
16.702898,1.2465401
17.818665,1.3385963
16.088915,1.2887964
17.025251,1.25243
18.378006,1.4725647
16.747564,1.2305899
16.243177,1.2399282
17.051905,1.2732658
17.766882,1.3610077
19.740944,1.9160213
19.829105,1.8039913
19.99647,1.8148956
17.962347,1.4307022
17.457209,1.3454399
18.624914,1.512619
19.195267,1.6266232
16.999254,1.2724724
19.79758,1.8054771
17.80845,1.3795261
17.691582,1.3341713
17.02738,1.2999687
18.014149,1.4006062
18.412945,1.4550209
18.810812,1.9410458
16.463345,1.2885609
19.806137,1.8090515
18.74968,1.5479374
13.092234,1.3446178
17.47295,1.35219
18.891935,1.609684
17.680788,1.3319378
17.501303,1.3111076
14.250355,1.531168
18.05821,1.3747921
17.84027,1.3797607
17.511873,1.3815708
17.579218,1.4204273
17.678051,1.3992863
14.513202,1.6236305
19.69839,1.8432083
18.281685,1.4481735
17.779709,1.4062977
18.679232,1.5133057
16.190302,1.2809153
20.059864,1.786005
16.23285,1.2661829
18.266006,1.4200344
17.328505,1.2789783
17.762173,1.3789158
19.938955,
18.632658,
16.483677,1.2595253
13.535965,1.6015644
18.006153,1.4013805
17.807459,1.282608
18.137398,1.3812046
19.035576,1.6304035
16.10233,1.2967691
18.735878,1.5521965
19.004015,
17.144123,1.2713604
19.786806,
17.795052,1.3909245
16.938786,1.2676449
17.421837,1.3231983
17.173542,1.240284
16.339827,1.246727
16.14142,1.3068933
17.731344,1.3518486
17.26943,1.3101826
17.16132,1.4055157
16.432531,1.2566872
17.359201,1.3915176
17.65497,1.1568737
18.29831,1.4718895
18.037107,1.3652782
17.475058,1.3817673
16.962883,1.2701073
18.525581,1.3515244
19.631071,1.9550781
18.360182,1.4467316
16.83509,1.2562923
18.805157,1.8053265
18.318102,1.3324203
17.956139,1.360939
20.090042,1.9865723
16.139748,1.3009443
19.025894,1.6289024
19.945978,1.9421997
18.098045,1.4564934
13.662747,0.7657566
17.950438,1.4277458
17.810867,1.3805084
19.124659,1.667202
18.773338,1.5742664
18.650461,1.5777855
16.450283,1.2370176
17.103184,1.2294445
17.299326,1.2372494
18.973667,1.5185509
17.891628,1.3299084
17.139496,1.2239189
17.921011,1.3215256
19.590454,1.7010937
19.119139,1.5708141
19.841305,1.7426071
17.070433,1.2218304
17.575047,1.2905197
18.575989,1.4668541
17.159195,1.2241745
14.843455,1.4266787
17.690674,1.2768707
16.109955,1.208664
18.331564,1.4329319
16.726162,1.168251
17.712336,1.2621346
17.513062,1.241291
16.632793,1.1664267
17.087393,1.2019062
16.654793,1.175087
17.685516,1.2877903
16.233486,1.1745024
17.400969,
16.044035,1.2084084
15.9572,1.2485151
20.049747,1.8580055
18.924955,1.5369225
16.959951,1.1806812
19.945698,1.7497101
18.52495,1.4955387
18.772663,1.4620228
17.409763,1.2262306
17.022898,1.1971684
18.254143,1.3737545
17.707047,1.2902184
15.248151,1.4243603
16.732353,1.1942368
17.80564,1.3479004
17.145115,1.1868057
17.517006,1.240078
17.573307,1.2232571
17.067783,1.2803726
19.30129,1.6627464
18.12731,1.4486294
17.32489,1.2713852
19.054876,1.61829
16.521746,1.2179489
18.936472,1.5712872
18.193008,1.486496
19.68012,1.9089279
20.117315,1.6087952
18.909445,1.5972672
16.701567,1.2241879
19.353313,1.7580547
18.882828,1.566206
16.596666,1.196621
13.672414,1.5506496
20.081387,1.7391376
18.683926,1.5504723
13.159423,1.6706095
16.518066,1.2877693
19.569635,1.7526054
18.991627,1.5958977
17.126364,1.2815952
16.813255,1.2631397
17.233171,1.2535992
19.302654,1.7390327
16.958467,1.2785206
19.623156,1.6905937
20.44184,2.194416
20.258816,1.8849144
19.777061,1.8788757
16.62076,1.2592831
19.605694,1.7795067
16.602476,1.237916
17.46851,1.2736244
18.088142,1.3830166
17.179619,1.2658062
17.757854,1.3572979
17.962267,1.355278
18.723446,1.5592766
19.699886,2.024685
19.833994,1.9974098
17.690073,1.3448486
16.622053,1.2683764
18.604925,1.570898
17.68367,1.3342018
17.842585,1.3587685
17.211586,1.2606544
18.15189,1.3735504
17.742353,1.2921371
18.414963,1.4348373
19.43585,1.8843899
16.780687,1.2905102
17.447662,1.3192158
17.555693,1.3157864
18.23128,1.4490261
17.863956,1.3843441
18.873825,1.5297413
20.611706,1.8532982
17.60785,1.3392773
17.50595,1.324501
18.217232,1.387867
17.057926,1.2729073
16.774736,1.2738247
17.217205,1.290308
18.842371,1.6031914
16.669014,1.2950907
15.516408,
18.461681,1.5353985
18.311583,1.4412804
18.633923,1.4640408
10.228633,2.104867
17.80318,1.2970409
17.30704,1.3198395
18.254335,1.46035
18.028786,1.3592606
18.075487,1.4133453
16.356886,1.3117924
16.419868,1.2904968
17.944544,1.406168
19.58517,1.8271961
17.102777,1.2742195
17.27774,1.3124905
16.661295,1.2631006
19.135443,2.173195
16.395874,1.2577953
17.416744,1.2865887
16.809273,1.2399273
16.992926,1.2735176
17.98466,1.4339066
18.209406,1.4312992
12.989594,1.62393
18.406271,1.4824848
19.700006,1.7942982
17.153736,1.3082676
17.029387,1.3047981
17.625154,1.2949238
16.331688,1.2574358
16.819483,1.3249073
17.252054,1.3204498
13.30846,0.92944336
13.357812,0.8544731
15.153676,1.1168499
17.70452,
17.718126,1.4096279
16.8952,1.3334084
19.037552,
19.021324,1.5428619
16.440617,1.1754007
16.96311,1.3927889
17.908651,1.598011
16.328876,1.3215027
18.250217,1.5234108
17.423777,
18.334223,
17.364355,1.2395496
16.348604,1.2999849
16.508154,1.2518902
16.26691,1.2419662
13.29941,1.5696316
17.081696,1.2548122
18.137665,1.4271603
18.583992,
17.580555,1.2671471
13.058182,0.76495457
18.34121,1.441103
17.04938,1.2425804
15.3175125,1.4175987
17.001013,1.2673645
16.08102,1.2767658
13.731937,1.5454168
17.434431,1.3333759
17.490726,1.3200855
16.184809,1.2779236
17.410318,1.3291397
17.398817,1.25947
18.103584,1.3889351
18.111708,1.4560642
13.300445,0.67400265
19.193548,1.9160976
16.913614,1.2051888
15.92805,1.3439522
17.14988,1.282135
16.85498,1.2334232
19.117641,
16.031263,1.2568645
14.2866745,1.5155745
16.543919,1.2074318
17.25671,1.2457294
17.707958,1.3447037
16.809666,1.3052616
17.289993,1.340189
17.194193,1.2579212
18.37426,1.4968624
17.319468,1.2946091
17.481358,1.5737915
17.67082,1.3496876
16.783787,1.2766562
17.87922,1.3776207
17.539665,
16.160374,1.0764112
17.458536,1.4302197
17.66556,1.4366665
16.346643,1.3705521
16.302366,1.3775835
17.737617,
16.683352,1.2659254
13.455789,1.5779247
17.234913,
16.178896,1.283431
16.067465,1.3331518
18.073566,
13.348495,1.578145
13.347692,0.6896553
16.79348,2.6139917
16.410845,1.272747
16.816092,
17.025333,
18.429138,
16.781956,1.2622128
19.590868,1.7059536
16.286825,1.3462658
17.144707,1.3903408
18.485798,
12.513895,1.5394936
17.750793,1.3678932
17.432276,1.2611408
16.74106,1.2770443
15.904703,1.4525461
16.701607,1.2909155
17.751768,
17.618492,1.1385975
17.920534,1.2726955
18.707754,1.6500721
18.76212,
16.621756,1.1236029
15.923552,1.3592901
17.750168,
16.53611,1.2329273
17.975414,
15.452378,1.531784
19.719095,1.5548286
17.402084,1.3352032
15.2964945,1.4206915
18.950779,1.4872494
17.489458,1.2591705
17.62917,1.3024311
17.89036,
18.133442,1.410078
17.401604,1.3089161
16.522413,1.22406
18.47565,
16.558794,1.2875195
19.56329,1.630928
16.926,1.2995491
17.626707,1.3583221
14.262468,1.5156116
17.366201,1.3365536
17.37312,1.2967854
16.090256,1.2568998
16.477589,1.2036791
19.62119,1.8078537
16.265783,1.241991
16.923452,1.2675629
17.506924,1.3574963
19.380056,1.6345406
16.951942,1.3029385
17.708155,1.3776741
18.305468,1.6884556
16.522345,1.3287029
16.779385,1.2878742
18.649492,1.3571339
19.700672,2.0272713
17.51858,1.3106995
17.851274,1.380619
18.24121,1.3917084
16.766853,1.2832108
16.918869,1.2815037
17.863787,1.41395
19.101883,1.7301483
18.048092,1.4159279
17.747358,1.3659935
18.148422,1.4341488
17.921629,1.3676949
17.838959,1.4488754
18.591234,1.5403271
16.456772,1.3654814
19.50128,1.7392597
16.469402,1.3637791
17.407206,1.3520737
15.799891,1.5643244
18.510273,1.5540657
17.87506,1.4427624
13.305604,0.919158
18.764265,1.5384502
17.17243,1.3495045
17.808683,1.3808594
18.729637,1.584692
17.670572,1.3108501
18.706797,1.4168291
18.603405,1.486229
14.194644,1.5211458
17.02661,1.2422504
16.35761,1.2483425
19.61742,
15.068724,1.5143557
16.568005,1.2885857
16.545307,1.2604218
17.19504,1.2745914
18.1891,1.407383
17.343977,1.3240757
19.62365,1.7527313
17.795748,1.3501415
16.172945,1.3021517
14.9214115,1.522541
20.172972,2.094429
19.050743,1.6155796
16.053535,1.3640261
16.108109,1.3402958
16.418894,1.289258
18.340343,1.4342403
18.226587,1.4901276
18.756357,1.5922413
19.570284,1.8481789
17.942327,1.4369678
19.531204,1.7818584
16.057201,1.4085255
20.17699,2.0914383
18.308407,1.4868317
18.810038,1.5755959
16.524717,1.2676716
18.78485,1.706234
17.487064,1.3147984
18.459623,1.4896717
18.818903,1.56353
16.030249,1.3514729
19.078959,1.6998196
18.673254,1.4539051
17.699902,1.4150143
17.806795,1.4781876
18.922361,1.646635
16.194262,1.3929749
19.123869,1.6676121
17.764984,1.3625507
17.20504,1.27565
19.317904,1.6895714
16.61308,1.2343378
17.362251,1.2926216
19.686535,1.9828033
17.083208,1.2695389
15.569146,1.3824692
17.499533,1.2504616
17.52788,1.287096
19.790712,1.7981777
16.366785,1.1806898
16.89601,1.2105579
18.394133,
17.47201,1.279789
18.009552,1.3855762
19.301632,1.8911572
17.048265,1.2197323
16.723562,1.173729
19.667017,1.7266464
19.685879,1.5500469
16.129246,1.1763277
20.521467,1.8951206
17.276403,1.1721401
15.943165,1.2318573
19.371675,1.68507
20.24372,1.8933601
18.016329,1.3596458
18.611193,1.4598083
19.332926,
18.227167,1.3759537
16.873007,1.1708317
18.299479,1.6307125
16.110796,1.1850042
19.996412,1.9620705
15.384771,1.4075785
17.46155,1.2322655
19.087996,1.5508461
18.467356,1.4852009
16.587267,1.1909609
17.334923,1.2464161
18.489426,1.4327126
16.094896,1.2533779
16.530632,1.2027073
19.049044,1.5358315
15.221526,1.4037085
14.583385,1.4308262
17.084814,1.2001438
18.629023,1.4963856
16.317034,1.1987858
18.104733,1.4042721
18.169193,1.3994045
17.68243,1.3173714
17.437847,1.2629147
18.391151,1.4354935
19.357925,1.748333
15.624715,1.341979
18.237808,1.4023266
16.562038,
14.970285,1.3973541
18.378054,1.4643517
16.401016,1.1606188
16.418036,1.179615
17.670982,1.3491211
14.387839,1.4918365
19.329338,1.7234249
17.559212,1.303505
20.359144,1.6953392
17.019667,1.212986
17.535147,1.3307056
18.848675,1.5716515
16.038485,1.34941
16.472294,1.2255068
17.585672,1.3767776
16.007402,1.4425211
17.335411,1.2588463
15.244472,1.5420017
18.662117,1.5134907
17.435152,1.3236122
17.757502,1.302208
18.324486,1.408371
18.254198,1.4198074
19.134668,1.609335
16.77042,1.2449627
19.037485,1.5924816
19.143333,1.6500301
17.35647,1.294529
18.138727,1.3922901
16.861631,1.2065849
18.265032,1.4071636
14.883391,1.4749355
18.22823,1.4204502
18.98519,1.5592117
18.855162,1.6381836
16.95673,1.2888088
16.092812,1.2755833
19.17302,1.6432133
20.241577,1.7864151
17.719957,1.1638489
19.527191,1.718256
17.20437,1.2845173
17.428291,1.2924938
19.216413,1.6828346
18.245626,1.4410019
17.603466,0.91955185
16.647564,1.2576637
16.625206,1.2874613
18.389614,1.4505711
20.172068,1.9833012
16.036707,1.3387718
17.293207,1.2911644
18.793638,1.5463448
18.233757,1.444252
18.993187,1.4889126
17.090252,1.276432
16.734531,1.2387543
16.766909,1.2012978
17.97743,1.3518982
16.72853,1.2439995
16.819374,1.2411861
17.2899,1.2682247
18.599388,1.4861774
18.541683,1.3784332
15.400627,1.4825735
17.161476,1.2893696
17.50314,1.3034916
19.524673,1.8524284
18.105602,
16.982006,1.259655
18.346199,1.4776726
16.6148,1.2478199
17.104177,1.256115
17.661837,1.3287506
18.571514,1.522665
17.664955,1.3725529
17.201796,1.2945023
18.058044,1.4280663
16.006245,1.4069586
18.865927,
19.66666,2.1890965
17.603613,1.3926659
16.758463,1.2935219
17.562757,1.3412914
18.044495,1.5366497
13.428165,1.2859726
17.116802,1.3306427
16.41512,1.2492056
18.444777,1.4813824
17.55191,1.3236141
17.479431,1.3240185
17.346306,1.3236923
18.005497,1.3541698
16.657402,1.2717915
17.208893,1.276411
19.483454,1.6975117
17.400198,1.3066616
17.95167,1.3903618
18.475008,1.4407425
18.6073,1.5831261
19.706842,2.2900715
16.76674,1.3336229
17.362854,1.3416882
15.376252,1.5157442
16.551874,1.2677784
19.27927,1.7239113
17.651941,1.3780041
15.987937,1.3679838
16.388575,1.2686892
17.031525,1.2982521
18.862951,1.4040928
16.773966,1.275917
16.827105,1.2429256
14.941183,1.4996681
17.362755,1.2693214
18.80174,1.5437527
15.889517,1.5060387
15.965485,1.4208527
17.028046,1.2051544
18.388535,1.4526768
18.892607,1.5961895
19.25671,1.7003098
19.193731,1.3998737
19.320925,1.6895027
17.380056,1.3466644
16.880001,1.2195902
16.467926,1.2760258
17.866114,1.3885231
12.359782,1.7023935
17.139517,1.2845821
16.477781,1.3078251
14.902454,1.5768232
18.335459,1.2519493
16.351252,1.261488
18.252754,
16.844936,1.3898335
17.069647,1.3635273
17.343473,1.3689766
16.773014,1.3246479
16.44259,1.3437986
16.264513,1.3778572
16.620333,1.3054485
17.672438,1.3862934
17.568588,1.2886238
17.89552,
17.020254,1.3921356
17.133326,1.33638
17.698275,1.402956
16.556284,1.3090649
16.780354,1.2299833
16.186657,1.2724552
16.432182,1.2680941
16.89734,1.2570705
19.964228,2.0041752
17.17532,1.2872543
16.730946,1.2275276
17.273869,1.2684689
18.476585,1.355648
18.721617,1.6758327
17.739588,1.306076
16.950357,1.2540874
18.462484,1.498127
17.167732,1.2263546
18.022945,1.3399696
18.687874,1.4884148
18.298931,2.1732664
16.192629,1.2491217
13.395209,0.60500526
16.294418,1.2163572
19.683586,1.7626362
,
17.748955,1.3139076
17.198627,1.2181072
17.229124,1.251894
18.811789,1.1439457
19.14348,1.6522808
18.743608,1.5206165
18.322922,1.4996357
17.34523,1.348649
16.213476,1.4023228
18.058826,1.4549179
16.313345,1.3582087
16.742716,1.2554464
15.332012,1.5475378
17.467896,
17.136751,1.3046837
14.967242,1.4918127
18.780058,1.7247238
18.645016,1.5548592
16.939526,1.3081741
14.017051,1.5937634
17.37097,1.2848854
17.436918,
16.78235,1.169178
18.280619,
16.712757,1.3004007
17.24505,1.288949
16.95927,1.5514259
16.092245,1.3952188
16.258055,1.2712154
16.02056,1.5132446
17.14095,1.4153824
16.332499,1.3020964
15.06245,1.2613163
15.017629,1.419858
16.119627,1.3024673
13.012247,1.3436947
16.27476,1.2337303
13.153509,1.1811705
17.452436,
16.115002,1.3242826
18.581497,1.5303288
16.848328,1.3746109
14.408604,1.5262718
17.31161,1.2969894
16.660297,1.2824106
18.115387,1.4760475
17.381187,1.2688236
17.847742,1.2717915
12.77618,1.2004642
16.592709,1.2700701
18.010294,
18.113344,2.1739674
17.620752,1.2425079
11.887618,1.7593279
18.099316,1.3963585
15.934395,1.3720379
17.494473,1.2502441
17.061563,1.2805595
17.980726,1.6208324
16.86836,1.2509613
16.898342,1.1996269
17.36029,1.2633896
19.716734,
17.020397,1.2156143
19.607473,1.6246147
16.888437,1.233738
18.135103,
18.465166,1.3794861
17.08707,1.259203
16.396837,1.2359743
18.005793,1.4399776
13.294268,0.6850729
17.09349,1.2051659
17.139103,1.2974586
16.540918,1.1855612
17.605799,1.3066349
17.968742,1.366169
13.498892,1.5265255
19.724434,
16.15925,1.2813396
16.845205,1.2688961
12.993499,1.3380032
13.020495,1.1982002
16.74067,1.2668972
19.157656,0.79089737
16.11737,1.3425322
17.075518,1.330904
14.059685,1.5112648
17.863396,1.3490868
18.452612,
17.846968,1.3080139
13.3639965,1.5836363
16.83615,1.2221737
17.307137,1.9201498
17.291313,1.2705555
13.030475,1.3459053
14.4511595,1.4969072
18.321009,1.372055
17.22321,
15.053718,1.4776497
15.555482,1.4535599
19.023243,1.6408787
18.109087,1.4749775
20.114077,1.7294292
17.171352,1.3237133
18.403257,1.4928379
16.590826,1.2755127
17.188078,1.332449
19.45326,1.7644386
17.20512,1.3794956
19.648342,
16.252094,1.3578863
17.73808,1.3706837
19.002884,1.6026897
19.072115,1.6705475
18.275406,1.4782276
19.751625,1.8540134
16.578728,1.2947111
19.243328,1.7400379
17.242477,1.3636894
18.885601,1.6567097
19.536028,1.8901501
17.361965,1.3497276
16.322235,1.3395061
18.798086,1.5555305
14.853106,1.588459
16.243473,1.4045982
20.012787,1.9284782
12.28316,1.7095957
17.21041,1.2767029
15.920235,1.3432751
18.49229,1.5393219
13.388887,1.5602789
19.069838,1.4235401
17.703995,1.2718735
18.38359,1.5168877
18.137527,1.5824852
16.723162,1.3088322
20.34423,
17.922527,1.3620472
17.36745,1.3002567
16.057993,1.3211765
19.820301,1.6811943
18.502304,1.4982052
19.775185,1.8069096
17.06519,1.2792568
16.906458,1.2445374
16.163675,1.299139
15.855359,1.4503956
17.271614,1.3551235
16.037779,1.3464785
16.206463,1.294569
17.129185,1.3062592
19.88487,
17.17813,1.2528896
16.628057,1.2536106
17.456364,1.3084679
20.215233,
18.474419,1.4680367
16.56415,1.2623177
18.54508,1.5335865
17.256947,1.35355
16.759409,1.2819862
18.21207,1.5310135
16.12799,1.3093281
18.166615,1.4084492
17.443424,1.3245106
19.639874,1.8822136
17.914564,1.3879414
13.979067,1.5649595
18.459915,1.4761429
18.22431,1.4752789
15.457182,1.5267992
18.18706,1.3891354
17.350304,1.3247108
18.883738,1.6326332
17.638906,1.3520508
18.506926,1.5637093
16.33096,1.430727
17.221281,1.3209972
19.307112,1.732357
17.887026,1.4111137
17.012579,1.3162174
16.474066,1.2822113
18.00011,1.4050217
17.801426,1.3701725
18.13473,1.4576702
17.282385,1.3920002
16.542103,1.3156443
17.105541,1.2976456
17.271317,1.3352013
16.977266,1.3423977
17.215633,1.3390179
17.902777,1.4161949
16.630543,1.2862577
19.804539,1.8829918
19.227829,1.6522884
17.25539,1.295578
17.92887,1.3017597
17.646284,1.2678795
18.93586,1.6068401
18.06621,1.3180504
18.117815,1.3732052
18.471079,1.4518375
18.741304,1.4511642
17.49639,1.2698212
16.857662,1.1896858
19.47683,1.6735954
17.423864,1.2541847
16.882792,1.2004833
18.071735,1.3494663
18.766993,1.5699768
16.882658,1.1863041
17.881538,1.2933807
18.423437,1.4072876
16.747997,1.1862946
18.686398,1.490488
17.672733,1.2633724
17.959938,
17.941076,1.3981152
19.249048,1.666851
18.785799,1.5183086
17.029915,1.3104324
16.409063,1.3058949
17.821386,1.3321762
16.733906,1.2111015
17.111431,1.228096
17.786526,1.3224869
16.882748,1.2629833
18.004944,1.367651
18.013563,1.3483505
17.424376,1.2757988
17.97449,1.3490677
17.473211,1.3218746
18.721828,1.5703316
17.018593,1.2427921
17.993862,1.3286209
17.382833,1.277031
18.516497,1.5265427
16.025927,1.3494024
18.085543,1.3955269
16.391405,1.2749958
16.692562,1.2559624
18.972605,1.5168877
18.629648,1.4003487
16.604443,1.2566357
19.407064,2.0552197
16.710371,1.2699594
17.247612,1.2842808
15.923908,1.367487
17.192043,1.2552662
16.772036,1.217186
18.012121,1.372715
17.731323,1.3579845
18.083534,1.385376
17.013887,1.274147
16.793245,1.2537613
18.345459,1.5126686
18.798697,1.5182686
19.498264,
18.36395,1.4403114
16.539494,1.277708
16.53119,1.2430401
18.064907,1.6998501
17.860428,1.4373226
15.280206,1.4646101
18.557941,1.4981613
19.076841,1.655613
17.086351,1.2219906
17.804295,1.3415718
15.892482,1.3807192
17.979588,1.2851295
16.643711,1.2373753
14.298941,1.5153427
20.052448,1.8824863
19.765028,1.770153
18.260466,1.4239845
14.233743,1.5926466
17.76226,1.3674278
17.901684,2.9278202
16.367205,1.2759142
17.70155,1.3674221
17.667835,1.3607769
19.009178,1.5922642
16.667345,1.3104858
18.673594,1.4202232
17.264832,1.3051414
17.147764,1.2815266
17.222887,1.274992
17.734718,1.389986
18.945433,1.614685
18.87141,1.5399208
17.158085,1.2636337
17.251808,1.2951813
17.027708,1.2644615
18.07654,1.3866005
18.327877,1.4699993
16.772505,1.2921333
15.156047,1.5108643
16.383785,1.3047886
19.491339,1.8325958
19.395546,
18.529173,1.5809937
16.633451,1.2235632
18.763342,1.5816765
18.247837,1.4776592
17.327042,1.2926903
18.760271,1.4204121
15.96361,1.361702
17.960947,1.3720455
19.572744,1.9233131
19.29469,1.5795307
13.142001,1.6685238
19.554705,1.859272
17.066332,1.2799053
17.94827,1.361557
16.18141,1.3459654
17.613255,1.3961449
19.15426,1.6880264
19.012678,1.8830528
16.322899,1.3341846
12.412602,1.693944
18.214064,
17.327961,
15.567427,1.4995079
16.767355,1.3252201
16.4463,
16.986744,1.326148
16.389711,1.6812878
19.714458,
17.622017,1.3077698
17.320612,1.3848591
16.691032,1.2880802
18.164759,1.3371277
14.932215,1.5120859
17.878313,1.3706436
17.035538,1.2331333
17.34351,1.0409279
15.672033,1.4273777
16.704237,1.2156944
16.559958,1.2401209
18.096905,1.3890953
16.149563,1.235775
17.339645,1.2342358
18.071983,1.4791012
17.850359,1.3332634
18.215992,
15.936374,1.3227015
14.164313,1.4907017
12.9765835,1.5931702
14.353808,1.4696131
14.970968,1.4446316
17.29512,1.2583847
19.24107,1.6160698
13.785763,1.5410185
17.562218,1.3182507
17.639736,1.3893566
16.965105,1.2172394
17.389105,1.2672501
16.459116,1.2100897
20.048353,
16.020863,1.2970734
19.236103,1.7541656
17.45588,1.4119396
16.75685,1.5665932
16.930151,1.2855263
18.077517,1.1406841
17.872643,
12.553124,1.6884394
16.071125,1.4487171
16.745598,1.4286699
17.394558,1.4648838
17.279034,1.3988266
16.903555,1.2652302
19.418217,
17.672844,1.5527945
15.497702,1.4730349
16.958593,1.2397413
15.881386,1.4630785
17.295298,
15.2470045,1.4510956
16.011097,1.401804
16.750298,1.452899
18.171574,
12.9432745,1.3139954
15.401298,1.4433451
17.48545,1.408701
17.607515,
17.138466,1.2439747
17.751974,
14.520876,1.5146351
17.990938,
15.216068,1.3886833
16.72652,1.3655396
10.21283,2.1160011
15.88126,
17.396484,1.3721848
18.39286,1.505352
17.7287,1.3974152
16.387264,1.2497053
16.165375,1.3017807
16.070848,1.2812719
17.066792,1.3114529
18.649055,
16.51639,1.263484
17.772556,0.9398117
,
16.60835,1.2475386
16.66489,1.3536606
13.938548,1.576354
17.481487,1.3355141
19.416409,
16.462545,1.235014
17.560432,1.4321785
16.452084,1.2805805
17.59564,1.354517
17.677944,
17.913774,1.4095764
18.212702,1.3293133
16.152622,1.270174
17.616085,1.3815918
16.573778,1.2959995
16.18193,1.3120089
17.23222,1.340231
17.672983,1.4195576
15.864647,1.3575392
18.696945,
14.288366,1.507618
12.395744,1.6636696
17.134895,0.9375353
17.840996,1.2769909
11.187421,1.7604046
16.807623,1.1329412
16.94146,1.2658272
17.221655,1.3227406
18.517132,1.5441036
17.561646,1.3429031
18.73399,1.8026371
18.121857,1.3956223
16.74546,1.4950705
17.033985,1.2203083
17.45167,1.2980537
17.014856,1.2444191
17.122591,1.3082924
18.560686,1.5757809
17.722706,1.2928085
17.287283,1.1808033
17.14009,1.2383099
18.184208,
16.406803,1.245408
17.927452,1.4105129
17.322697,1.2707138
15.328525,1.4521427
17.528437,1.2293282
17.548979,1.2763348
11.837648,1.641531
14.552733,1.5136061
18.30789,
18.067142,1.1066036
17.096333,1.277153
17.941944,1.3922577
17.32707,1.2881031
16.79735,1.3585701
19.044386,1.7013226
17.757734,1.311346
18.596472,1.5346565
17.757969,1.3101254
17.919716,1.3901482
20.295916,1.4567528
14.489523,1.4993753
16.99059,1.3467216
18.925598,1.5585861
16.45877,1.3547773
16.462837,1.3056593
17.31948,1.3410912
16.183626,1.412919
17.32715,1.2832088
17.201122,1.3642206
19.025541,1.7378979
17.069166,1.3327045
19.49346,1.7416134
19.167824,1.5942726
18.35045,1.4505196
16.971186,1.3153496
18.261951,1.4917164
17.306574,1.3041039
11.878854,1.7872581
16.51448,1.326994
16.903048,1.4650202
17.444088,1.3925037
17.224474,1.3625107
17.714947,1.4285431
19.690083,
18.694868,1.4734421
18.450733,1.5078869
18.77868,1.5798912
16.737947,1.3394918
19.04015,1.7134571
17.766941,1.4045105
18.029194,1.3066025
16.412088,1.251936
17.029242,1.2496796
19.440168,1.8477879
17.553808,1.2976036
16.87388,1.262825
17.39041,1.2742214
16.259504,1.228406
17.300106,1.28158
17.144915,1.2129307
19.034212,1.5994892
16.577238,1.2294989
18.627848,1.5239277
17.633434,1.3644791
18.373205,1.3494873
17.816334,
19.527775,
17.666836,1.2998981
18.029953,1.3954983
17.656496,1.3247795
16.279182,1.2051554
18.100592,1.4139938
13.845172,1.5669813
16.685255,1.2556725
15.975454,1.3825722
18.455442,1.5336227
19.773022,
18.79581,1.4891205
17.97394,1.3900833
19.339636,1.7678642
17.378681,1.3105183
12.993945,1.3786001
20.187845,2.4481468
17.382397,1.3383999
16.256027,1.2729931
16.643196,1.2930384
18.83192,
17.09119,1.299387
19.269682,1.5735226
16.62912,1.2489843
17.80148,1.3523521
18.244116,1.4633274
18.687788,1.4860725
18.18026,1.4494915
17.798971,1.3670063
19.83346,1.1387062
16.559397,1.2715731
13.038483,1.6410275
20.21424,1.7826405
18.366854,1.6977863
16.322096,1.300602
18.608665,1.5664597
17.108444,1.3156567
18.53909,
18.012428,1.442337
17.46314,1.3120728
19.308435,1.7671833
19.444746,1.8905449
17.885454,1.3919888
19.230038,1.7442856
17.186863,1.2694836
17.590466,1.3067322
17.96536,1.4067764
19.973866,1.7733002
18.214033,1.4416313
19.849558,1.8039818
19.25135,1.64258
19.136183,1.8489571
17.135618,1.3300476
20.161165,1.8932152
19.050037,1.6450329
16.110735,1.3068752
17.667645,1.3203602
18.433561,1.4093418
19.18787,1.599081
18.191761,1.367878
18.249605,1.3819466
18.825947,1.5332928
15.994106,1.227438
14.256052,1.4642267
18.984482,1.6674938
18.00298,1.3632584
17.907885,1.3234043
17.545208,1.2982254
16.74889,1.2330446
16.357513,1.1732302
16.636953,1.1450987
14.99473,1.3963528
15.883276,1.278575
16.895828,1.2072754
15.974576,1.2549372
17.04191,1.2134247
16.921385,1.1935215
16.779615,1.2234268
17.02274,1.2349815
16.378288,1.2481365
16.281832,1.2413387
20.353176,1.6356907
17.49324,1.2561626
17.336914,1.2433567
17.303844,1.2163277
16.87637,1.2156677
17.204643,1.24053
17.415707,1.2277699
17.554665,1.2105427
18.242561,1.3416615
18.550669,1.4151211
18.241756,1.3909607
13.029819,0.9122677
19.946062,1.7759342
18.392305,1.396534
17.960274,1.3425369
18.72226,1.5417595
17.633995,1.3292446
17.816725,1.3365746
18.596775,1.5555687
16.984247,1.2707691
17.49216,1.3282566
17.657682,1.3155384
16.127699,1.2713242
18.104473,1.3983154
20.685793,1.7251816
18.179838,1.4012814
14.868745,1.4144802
18.22036,1.4824524
16.805859,1.2766418
17.454176,1.3440933
17.565786,1.3009052
20.519547,
19.641113,1.7150574
18.061792,1.4074955
17.687138,1.334322
18.02707,1.448885
16.333754,1.3295097
17.399782,1.2952881
19.773495,1.8400478
14.763354,1.4753513
18.295233,1.4327297
17.190054,1.28759
19.037292,1.5988045
17.85447,1.3884163
19.656181,1.7746964
19.19158,1.6548271
17.840733,1.3451443
17.39113,1.2766895
15.846299,1.4149075
19.806606,1.8047676
16.859398,1.214468
18.00188,1.3711815
17.059755,1.2242184
18.602499,1.481924
16.397514,1.235261
20.386282,2.175972
16.530945,1.2198372
17.758303,1.3336658
17.519917,1.3140087
18.220152,1.4153881
20.146133,1.9179897
16.540949,1.313139
18.793455,1.579689
18.996668,1.6756
16.516247,1.213295
17.635899,1.2636719
16.78565,1.2241306
17.567482,1.3131695
20.709665,1.2916336
18.279995,1.4333344
17.402662,1.2875271
17.928673,1.4161625
17.693981,1.263216
17.218319,1.2851734
18.581451,1.4909782
20.771662,1.8976555
12.067852,1.681819
17.914675,1.3114605
18.566677,1.4681263
17.342287,1.3017826
11.203048,1.7299986
16.758467,1.2867823
18.747276,
17.243378,1.2540112
15.909745,1.3450985
13.167277,0.9036379
17.603012,
19.401722,1.7467594
20.346127,1.8882198
16.646284,1.242135
18.126171,1.4418545
17.982466,1.395855
20.121746,
19.289959,1.585516
19.917698,1.9154396
18.703882,1.5098362
18.953192,1.598114
18.388752,1.4713078
17.541168,1.2886848
18.203873,1.66218
16.910975,1.2779293
18.077927,1.4246979
16.683363,1.3088665
17.968624,1.4246922
17.708424,1.2933121
17.971962,1.4091644
15.816119,1.4320374
18.463533,1.4120617
18.078382,1.3981991
17.965643,1.34655
16.97515,1.2828255
19.269005,1.7169628
16.789196,1.3100414
18.4548,1.4817867
17.31373,1.3134594
17.374151,1.3370132
17.43177,1.3497391
18.668678,1.5757809
17.075756,1.2868347
17.521654,1.2990379
16.282167,1.3592901
17.444206,1.3258972
18.17381,1.4005756
16.99746,1.2940464
17.120144,1.2794132
16.46111,1.2817135
16.100073,1.3351631
17.327032,1.3182201
17.68279,1.2895069
16.959808,1.230999
17.942991,1.4189606
18.863775,1.7344131
20.3761,
17.240925,1.2801113
16.427843,
19.335468,1.6814499
18.213705,1.478939
17.328003,1.3411713
19.266256,
17.361101,1.3241787
16.966747,1.2994595
16.243181,1.2921429
17.558111,1.3182735
17.995813,1.3992691
17.19805,1.2894573
20.36473,1.757164
20.562315,
16.478882,1.2654247
16.83757,1.2293291
16.646149,1.3118601
16.50514,1.3138351
16.575987,1.8139458
17.947363,
18.315329,1.6139641
13.233371,1.3861113
15.613253,1.8634233
17.30717,1.2917309
16.871449,1.2823124
17.24557,1.3170834
13.094595,1.6581526
17.658009,1.3678837
16.715513,1.5933342
17.99849,1.4659996
16.590733,1.2544508
15.741924,1.5297756
18.108063,1.5917931
17.15978,1.3311672
18.138716,1.2488842
15.708428,1.4612398
18.549948,1.4870014
16.424131,1.21626
16.968533,1.2500153
17.23896,1.2762794
18.640745,1.5292244
16.540997,1.2440224
16.149399,1.2486925
17.386644,1.2207565
18.933628,
16.304203,1.2257452
17.244183,1.2395267
17.494183,1.3147602
18.344105,1.4923515
18.39115,1.4425812
16.517464,1.2753277
18.038445,1.3583832
18.805216,1.5105438
16.642456,1.2499151
16.151926,1.2902079
12.246568,1.6987562
16.063835,1.2705145
16.013758,1.3379946
18.292032,1.4403687
19.35383,
17.499914,1.2826042
18.165794,1.4659901
16.84221,1.2064629
14.767068,1.4576483
17.081339,1.3069
16.872198,1.330409
,
15.583251,1.5072184
16.610222,1.28158
17.708569,1.3015709
18.950613,
17.673094,1.4056873
17.248247,
17.968575,1.3752918
17.038458,1.2752056
16.448044,1.9129868
17.37654,1.3222809
19.027355,2.033966
15.531774,1.5146532
16.930767,1.2602081
15.729018,1.4589472
19.710045,
16.392302,1.2658644
16.429111,1.3951025
17.27613,1.307785
11.182191,1.761509
14.978317,1.4977951
15.349406,1.3421907
16.757198,1.6347799
17.254429,1.2096996
17.371738,1.2918539
15.698022,1.4115677
17.383362,1.212059
17.887823,1.226244
19.307755,1.758213
17.355495,1.5691738
18.415216,1.4882488
17.952803,1.5021553
16.311043,1.2955809
17.377712,1.3405628
18.209637,
16.063465,1.3355627
16.602093,1.2736168
18.775024,1.6347141
20.240608,3.8530655
16.818657,1.3097954
17.270313,1.2867699
16.680542,1.2652912
19.320877,1.9011154
18.243687,0.8883934
18.15438,1.3584404
16.943695,1.2296429
16.558348,1.274703
18.911085,1.6292648
17.357605,1.2193508
17.030134,1.288578
17.834358,1.111536
17.016317,1.0842886
16.060408,1.3703823
16.49924,1.3174448
16.093575,1.3135376
19.55975,
19.352276,1.6392117
17.001348,1.2364349
17.189869,1.2767277
17.43616,
17.379393,1.2602768
16.099915,1.2222013
16.262238,1.2383537
18.242233,1.2766361
17.771149,1.3410187
16.400173,1.2508688
18.388731,1.2111206
17.729185,1.3509274
18.05409,
19.509062,
13.288261,1.5970545
17.662712,1.2678757
16.7944,1.2261353
18.036238,
18.653324,1.380516
18.444305,1.1801186
17.1522,1.2556324
16.910196,1.2320557
,
16.67498,1.223196
16.63076,1.24088
16.206583,1.3788633
15.940985,1.3679943
17.453684,1.369421
20.6561,
14.952739,1.4443932
18.59079,
17.48465,1.2821865
16.321053,1.2736578
18.137707,1.4456062
16.801498,
16.034378,1.3142843
14.648629,1.4935589
19.257467,1.6765308
14.571297,1.4707222
17.539288,1.3138161
18.175037,
18.367538,1.4654827
16.76864,1.2144394
18.901012,1.6768951
17.108294,1.3504219
19.008636,1.6940899
18.431107,1.5824242
20.383514,1.990078
17.136671,1.3087769
19.695002,1.550642
17.793734,1.4232559
17.826916,
15.874528,0.94023514
16.691906,1.2805843
17.375648,1.5202389
15.678259,1.4991207
19.175268,1.5555649
17.977474,1.3790951
17.790962,1.3857689
18.475063,1.5397854
17.411213,1.3464947
18.562605,1.4900551
18.370361,1.486166
16.691498,1.2895422
17.488056,1.2267437
18.110691,1.4154625
16.15325,1.3115778
19.449772,1.7723675
18.33064,1.5552921
17.954329,1.4334927
15.235612,1.5711241
19.352358,1.7143879
19.270496,1.5187893
19.410255,1.8140602
18.479288,1.5583458
18.49891,1.4886074
17.305882,1.3590584
19.430206,1.6173973
16.52683,1.244381
17.478888,1.2959328
14.581978,1.4861698
11.914074,1.6019573
19.23569,1.6730728
16.69528,1.2315559
17.213068,1.2768631
18.219185,1.6564655
17.1583,1.3004093
16.18636,1.2687435
17.484953,1.3116627
17.33125,1.3123074
19.61321,1.7208099
17.406,1.3153038
16.37052,1.2344875
17.5675,1.318922
18.394556,1.4761372
16.278402,1.2663155
16.72374,1.240406
18.887585,1.6206589
15.833149,1.5061026
15.778759,0.12118626
16.531195,1.2733727
16.7365,1.2757044
16.79108,1.2590313
16.113916,1.2988167
18.308462,1.4983902
18.616774,1.4908981
17.291681,1.3127632
17.333565,1.3062401
16.762825,1.2793312
17.325495,1.3161125
17.019318,1.2798653
16.73739,1.3329296
18.82315,1.4299679
13.034874,1.4544678
17.430664,1.3011322
17.889612,1.3360634
16.153261,1.3351965
17.117243,1.3133869
16.957464,1.2731705
17.567665,1.3545609
18.839628,1.1330757
17.74307,1.3406773
17.107864,1.0587769
19.485214,1.7826481
16.197567,1.3138685
18.098993,1.4443989
19.467886,1.815052
17.328133,1.3168297
17.753422,1.4065342
20.414284,1.9829559
18.980902,1.6607876
16.591854,1.2778692
16.104647,1.3162212
19.304926,1.7242317
17.432522,1.3268642
17.063084,1.2069817
17.731613,1.3035145
18.48238,1.454546
16.358326,1.189518
16.478895,1.1783724
19.55622,1.8678608
19.501165,1.7965527
18.16225,1.3339138
17.332907,1.2553043
16.561462,1.190917
16.106783,1.1974039
18.226921,1.4493065
17.48538,1.2371101
19.74701,1.7801971
16.564373,1.1732025
17.807306,1.3731861
15.231543,1.4260883
16.078997,1.1698189
17.557056,1.2576141
17.47279,1.2204456
19.957315,1.9380798
17.404932,1.334362
19.112667,1.6254005
16.968004,1.2412682
16.816406,1.1917362
16.963207,1.2495155
16.447147,1.2409239
17.540527,1.2790833
18.100677,1.4910717
17.86209,1.3653736
16.51308,1.2141857
16.811419,1.2361336
15.274377,1.4727068
18.344078,1.4802685
20.154072,1.7488098
11.747231,1.6241245
18.925186,1.59906
20.452753,1.8644733
18.367275,1.4592094
17.286423,1.2913818
17.253,1.3438339
18.198996,1.4585724
14.015732,1.5906124
16.769516,1.2470684
16.689785,1.2395515
18.937037,1.5721664
18.352665,1.4776573
17.673983,1.3349724
19.438147,1.6405277
18.390991,1.4367237
16.250902,1.2661343
16.93357,1.2488422
19.51528,
17.480024,1.2665615
18.035446,1.3929329
17.669073,1.3110676
16.154987,1.2254095
18.32425,1.5394344
18.99072,1.5682697
17.401796,1.3186913
17.811945,1.3449154
19.417208,1.9268227
18.621752,1.4781189
16.524702,1.2626848
16.638727,1.2662449
16.706038,1.2438679
19.791222,2.092825
19.29862,1.7075596
18.354034,1.4400063
19.601538,1.8263512
19.666328,1.9307632
17.598898,1.2894478
18.933386,1.4053307
17.64231,1.3311768
17.236847,1.2861385
15.771054,1.4156866
17.463032,1.3558731
18.291433,1.4600582
16.765852,1.2496185
19.3417,1.7603664
18.462273,1.4945602
14.520738,1.5557451
16.108927,1.333457
17.073908,1.300003
19.879034,
16.720924,1.2876482
13.378729,0.8233185
20.79958,1.7598343
16.055801,1.3300705
20.267517,1.8119144
17.446972,1.3151398
16.69068,1.2729063
19.312498,1.686533
18.103985,1.4085102
18.21652,1.4237614
17.29836,1.3078251
16.577576,1.2692928
15.810363,1.5024071
17.491322,1.3890362
17.170973,1.3006725
17.201956,1.2907677
19.507513,1.8312683
18.387365,1.4313011
18.453665,1.529871
19.470356,1.771328
16.109299,1.3074293
16.86455,1.2444754
18.492981,1.4212494
18.631361,1.5638256
16.793955,1.236309
19.738007,1.7811356
18.796246,1.5225716
14.40776,1.5057964
17.652508,1.3379745
18.547672,1.5592251
17.629084,1.3151417
14.504092,1.553196
16.193165,1.3151779
16.847254,1.3226833
17.197914,1.5129986
16.770609,1.3081551
16.97861,1.244173
16.228565,1.2967796
19.309008,1.5925941
14.191415,1.5700521
16.02671,1.417551
17.750648,1.3890934
19.43596,1.8006668
18.95494,1.9166412
17.237318,1.421915
18.026892,1.445116
16.621521,
17.275047,1.3140621
17.95384,
17.2008,1.2920208
18.00215,1.4091892
17.796068,1.3335514
16.448275,1.2569923
16.19474,1.2649927
16.364935,1.1954756
16.759005,1.4916201
16.294815,1.2586765
16.642073,1.2969646
18.384758,1.4324074
17.842665,1.3471546
17.541822,1.5350657
16.066032,1.3007088
20.486004,2.1523495
19.015757,1.6391144
17.68317,1.3430328
19.84065,1.6048336
18.746275,1.566721
16.5591,1.2653027
17.446182,1.3486309
17.78166,1.4368
19.9882,
18.34465,1.4296093
16.053318,1.273797
16.703121,1.2352648
15.139621,1.4323044
18.961704,1.5574169
14.262199,1.4835548
16.54027,1.2720699
20.08834,1.7589474
11.179434,1.7470846
16.143858,1.2613173
16.906967,1.2558117
17.970821,1.4149494
15.88816,1.0494709
18.453175,1.3510895
16.734438,1.2414484
17.855251,1.332037
18.52615,1.3001461
19.33886,2.0889034
18.080214,1.4293251
17.631788,1.0372696
14.500297,1.5699377
16.888481,1.3044624
16.90176,1.2555408
16.51399,1.2551508
17.361431,1.5146389
16.460695,1.1616497
16.16581,1.3601284
15.818138,1.5078115
14.94656,1.552659
16.120089,1.4791126
17.204521,1.3084354
16.111814,1.2553215
17.819885,
16.532621,1.3232698
16.504633,
16.849922,1.4630833
12.809941,1.4276257
12.273993,1.4802799
17.05472,
13.93495,1.5499926
16.455212,
16.056997,1.2407522
16.044306,1.3673296
18.423399,1.3629723
13.767701,1.5211706
17.50374,1.2866688
16.391626,1.31283
16.761772,1.2559643
18.14253,1.4230156
16.496729,1.2754221
16.320707,1.1325588
17.610443,0.9764986
15.889033,1.4133129
16.274296,1.2970572
16.70651,1.2775326
16.782976,1.3436308
17.217014,1.2781734
17.069775,1.2695856
18.370007,1.3724079
16.005056,1.3311539
16.532766,1.2530308
17.078203,1.4071426
17.157137,1.3056564
16.065306,1.3074856
15.225049,1.4886131
17.7062,1.4419384
17.57617,1.2918282
16.234755,1.306386
16.484241,1.4623461
17.718513,
16.053984,1.2954855
19.654554,1.7634907
17.21992,1.2712498
17.304941,1.5067692
16.832851,1.2302456
17.272825,1.3139534
16.21277,1.2928028
17.180847,1.2646828
17.23607,1.3089046
16.550838,1.2535572
17.930273,1.3679867
18.126352,1.5639248
17.316092,1.2633743
18.359547,1.4198685
17.15121,1.2428665
16.69995,1.6085215
18.885126,1.6513786
17.2027,1.2366447
16.334547,1.1715708
20.50408,1.7748394
12.984235,0.7525635
17.74048,
17.403791,1.3287296
16.626335,1.2285719
18.841223,1.547905
16.980892,1.2545033
17.073912,1.2556305
17.324139,1.3651276
17.875584,1.387928
19.407187,1.7012768
20.167181,1.4468746
15.87177,1.3348026
18.033434,1.3682423
13.260267,0.77196884
17.839153,
17.895205,1.3477802
17.523367,1.248743
17.231365,
16.592474,1.232934
15.76176,1.4072914
13.826218,1.6828251
13.008289,1.803196
18.155128,1.4096508
17.787336,1.4360867
17.703533,1.3603382
17.769821,1.3496437
16.781488,1.318079
17.428604,1.3202744
17.101162,1.2574654
13.076383,1.645381
16.911024,1.2848892
20.204159,1.569727
17.885725,1.3077431
20.048706,1.6570797
16.011637,1.5035648
16.252743,1.3303804
19.384018,
17.868526,1.4307308
15.8698635,1.5668564
16.96406,1.363493
17.063032,1.3348179
17.036285,1.3191147
17.197582,1.3412971
19.564896,
18.799416,1.5610161
15.290399,1.4758949
17.556604,1.2045803
19.483826,1.3602867
13.094414,1.6185722
16.166658,1.2670956
17.179354,
12.575226,1.6621943
19.606894,2.1014194
17.970507,1.375
16.152868,1.2446136
16.85621,1.2615929
19.284365,1.6728306
16.700096,1.279891
16.709455,1.2423534
18.873047,1.7680893
18.783304,1.4786701
16.99948,1.2692623
17.928848,1.3570061
16.227995,1.2790918
18.413733,1.4292393
18.96997,1.6290073
13.017564,1.3669376
19.942364,1.8647728
18.477663,1.4086895
18.651823,1.6417179
18.133518,1.2887363
17.45978,1.3362274
16.906662,1.298872
10.053998,2.083889
17.512959,
19.257881,1.5965118
17.82322,1.3945923
18.284143,1.4201813
17.719152,1.3178844
16.879326,1.2273102
18.388958,1.4607239
16.388845,1.2804451
16.014118,1.365387
18.784096,1.5479279
16.429531,1.2732897
18.7681,1.5984077
18.144026,1.3997726
16.095806,1.3785133
17.596039,1.3325977
18.475336,1.5193176
18.498476,
18.678425,
17.670181,1.3786049
15.505337,1.4822187
17.466747,1.4047031
17.176014,1.3106956
18.665577,1.5439911
16.978804,1.286644
17.823694,1.4643307
16.392899,1.3210516
17.196505,1.3625298
17.083933,1.3239841
19.424683,1.7804337
18.28257,1.4801445
20.668396,1.7444706
14.983238,1.498621
16.086498,1.2821541
17.031488,1.192709
17.83331,1.3461666
17.394203,1.2368755
16.627424,1.1556759
16.237963,1.2154932
20.304123,1.7561169
15.690056,1.3794956
16.923508,1.1878662
17.769829,1.3244705
17.169914,1.2175121
17.610365,1.2814636
18.056255,1.3214512
17.100435,1.2199669
19.770382,1.8746223
18.315605,1.36129
17.443996,1.2542038
16.448063,1.1762705
17.993532,1.3288059
17.74126,1.2858524
17.844122,1.2944012
17.107792,1.1873169
18.534643,1.4615669
18.674253,1.3935375
19.131346,
16.571535,1.1694078
18.620771,1.4818401
17.61433,1.3093243
17.5513,1.2606373
18.674236,1.5093212
16.483255,1.1413116
19.089428,1.6194038
18.437954,1.5267239
17.731285,1.3059044
14.697198,1.0203419
18.931528,1.6211147
17.49616,1.2710419
16.31419,1.2049503
17.364595,1.2722893
19.788904,1.8803291
17.482718,1.2864914
17.061104,1.2238197
17.265802,1.2381
17.884682,1.3214417
17.358944,1.2545795
17.12653,1.331274
18.132517,1.373991
18.07984,1.3761482
18.005657,1.3468971
18.322193,1.3612175
13.345974,1.4796228
16.01595,1.182951
16.143803,1.172781
17.266489,1.2551327
18.880728,
19.47066,1.8063507
15.175433,1.4567442
19.65177,1.8141346
18.321201,1.4398365
17.00165,1.2455711
17.158054,1.235426
17.71379,1.2883606
17.813082,1.3041325
19.411089,1.7645702
17.053925,1.3088379
18.982344,1.3545856
18.347462,1.4858475
17.560162,1.2615795
16.647343,1.1912537
19.817202,
20.45592,
19.15101,1.6340714
20.327084,1.9041862
17.411373,1.264925
17.79664,1.2888508
20.010141,1.9470577
17.296417,1.252346
16.939022,1.2428818
16.520212,1.1947937
20.203009,1.5826569
18.691671,1.5140915
19.872454,1.7594852
19.442644,1.7809219
17.362614,1.2239628
16.04202,1.1647577
17.900967,1.3141289
10.163224,2.0150137
17.25709,1.2092495
16.38491,1.1905289
17.306711,1.2211132
18.627975,1.4295101
18.191616,1.5638103
16.460386,1.1802931
17.17264,1.250639
16.828556,1.2489643
17.129057,1.2725182
16.544683,1.1602535
18.306437,
16.973585,1.2629757
17.905638,1.3462448
17.039656,1.2083683
17.793457,1.3201275
18.737473,1.527031
18.619076,1.5872822
19.757454,1.7911606
16.84428,1.3055439
19.702902,
13.570564,1.5941792
16.80669,1.2322063
18.083317,1.3831978
18.628178,1.5281658
16.339506,1.1709499
11.958249,1.6344986
20.30689,1.9119434
19.658815,1.8811398
17.505203,1.2860527
16.380323,1.2108126
17.573885,1.2488785
17.259161,1.2381229
19.214169,1.6369724
16.45773,1.2360668
16.004047,1.2766142
19.812359,1.8230495
17.210136,1.273304
20.443941,1.2940254
16.65844,1.1846342
19.656565,1.7422771
16.53363,1.3241186
16.893152,1.2904186
17.390305,1.3007164
16.454443,1.312767
16.487007,1.3016338
18.604046,1.4974747
17.079262,1.2229176
16.927197,1.3123055
19.742144,1.8502254
17.474901,1.2954769
16.866894,1.2332573
18.029182,1.3716965
17.906416,1.3629417
13.395767,1.2464008
18.506834,1.5037861
16.851954,1.2815304
19.071789,1.6541672
17.840427,1.3320484
16.21141,1.1726713
14.809206,1.5466986
16.760406,1.2848339
17.427114,1.3114338
18.148924,1.4314365
19.008772,1.8663578
18.822054,1.6486626
17.221336,1.3002338
16.518589,1.3562593
18.261198,1.462637
17.81239,1.2765827
17.627834,1.2586422
17.748384,1.2889271
16.166069,1.1592455
19.898643,1.8569164
16.802755,1.2399864
16.79569,1.2064114
20.130121,1.8805599
16.27684,1.2511024
18.070414,1.381916
18.890024,1.5871677
16.233719,1.2538729
17.133934,1.2714252
17.053837,1.2310162
16.470749,1.2635822
17.16756,1.2881107
20.197569,
19.329979,1.6365376
19.286201,1.5828152
12.491627,1.730813
18.63324,1.5461693
15.441739,1.5205631
16.05666,1.3124475
18.542728,1.451685
19.744684,1.7578163
17.366192,1.3213234
16.502825,1.2726555
18.183807,1.456253
17.14743,1.2942028
17.97177,1.3644772
17.36601,1.2324333
17.244785,1.249836
16.970339,1.2163239
16.304127,1.201067
17.742603,1.2244816
18.507097,
18.405806,1.4039574
,
16.09152,1.1852083
12.868374,1.2617426
17.07708,1.2647018
16.443485,1.2185183
18.000465,1.3328495
18.446186,1.4624386
19.470587,1.6615047
18.572588,1.4671535
16.764563,1.2551823
19.043034,1.7236595
18.868292,1.5863514
14.198831,1.574667
17.375298,
17.592615,1.3324966
18.347929,1.419136
18.818317,1.5324421
17.620346,1.3637981
17.681646,1.2897396
15.806383,1.2840881
17.679855,1.2869568
17.723478,1.3662205
16.711618,1.3528204
18.7738,1.5011253
18.300901,1.4307785
16.015291,1.2808771
16.060413,1.2129469
16.061407,1.2729673
17.989046,1.3408604
19.530798,1.9614544
13.026099,1.659524
18.60994,1.5511131
17.678656,1.3114986
19.81758,1.7029953
13.898291,1.5062437
19.091957,1.589922
18.506338,1.4024467
16.875738,1.1810017
17.893015,1.3625908
16.42951,1.2729521
20.196575,1.9143047
18.254618,1.6631699
19.69752,1.899725
16.36536,1.2103109
17.182997,1.2663918
19.436432,1.710249
19.446205,1.642931
18.804863,1.4439945
17.919271,1.4347572
17.525232,1.2853088
17.551794,1.3160896
18.378204,1.4354267
20.09169,1.9097404
16.84251,1.2531319
18.25504,1.3891735
16.39743,1.2248201
18.060463,1.3938026
17.07446,1.2914772
20.607985,1.5884495
16.62053,1.2459345
12.416409,1.6930313
14.569889,1.5447474
17.929802,1.3703384
17.709654,1.3438721
15.916177,1.4695816
17.425808,1.2959652
19.128376,1.7280197
18.593117,1.492815
18.22732,1.4230728
16.345716,1.14322
13.339554,0.69621944
17.934683,1.3795853
19.671392,1.71562
18.292065,1.4056225
14.555423,1.4791975
16.391357,1.202775
17.005877,1.286766
16.355648,1.2366419
19.451092,1.7821121
16.805199,1.2855606
17.687534,1.3485909
16.073881,1.3300915
17.315,1.309824
17.842422,1.3792229
16.699907,1.2213278
16.637264,1.21737
,
17.248817,1.264782
18.003658,1.3944626
17.68084,1.321825
17.40269,1.3581333
17.186285,1.3526917
19.186327,1.6098671
18.820055,
19.111076,1.5069618
16.323542,1.2121754
18.085443,1.3847523
16.596508,1.2251244
16.587948,1.2341156
17.626804,1.2764969
18.624004,1.4698067
16.78396,1.2417469
18.023617,1.3720322
17.684208,
18.35692,1.4740353
16.858362,1.2634354
17.030165,1.2865963
19.065687,1.5947914
16.121744,1.4382877
18.122684,1.4025078
17.17339,1.2760792
16.955309,1.2493916
18.174133,1.4459133
18.014992,1.4021931
17.325869,1.2878075
18.024706,1.3606262
18.599695,
18.33638,1.4075756
16.718227,1.2695246
19.772299,1.944788
17.265343,1.292942
18.530935,1.4829311
17.473248,1.2849541
18.180351,1.4398937
17.912455,1.3464127
17.937302,1.3759022
19.248945,1.6306381
16.097593,1.3349104
17.151323,1.3128719
17.913034,1.3654709
17.769205,1.224289
15.735492,1.4928083
16.508566,1.2713728
17.738905,1.3556213
18.245586,1.4380779
16.711458,1.276845
17.286932,1.3037891
19.57739,1.7303486
16.304176,1.3029337
9.759284,2.2287807
18.482475,1.3544807
20.341269,2.1921558
15.828813,1.4482021
,
17.758762,1.3598061
15.929015,1.1677656
16.74469,1.2704992
17.237366,1.2986164
18.924337,
18.71223,1.5940323
18.168339,
13.0429325,1.3284159
19.68832,1.882124
16.720043,1.2684412
18.332664,1.422615
16.676807,1.3065615
15.99215,1.4041328
17.459091,1.2840137
18.960022,1.7140408
17.174818,1.2934132
19.359606,
17.077112,1.2762012
18.058445,1.4513912
16.13234,1.3064251
18.032751,1.3776207
19.42604,1.466898
17.114685,1.3269424
17.10772,1.2825241
20.529758,3.819212
15.444335,1.5226698
16.161108,1.290266
17.437353,1.3242283
16.85478,1.820013
17.235025,1.3945456
17.484434,1.3370419
17.985174,1.404747
16.746815,1.3247042
19.720354,1.745512
17.521774,1.3244629
9.839228,2.2985077
16.140495,1.3084774
18.101719,1.3506622
17.237066,1.3945446
16.561045,1.274662
15.693278,1.402606
16.890596,1.3506374
13.045402,1.2630873
17.547348,
15.367954,1.4925776
18.140316,1.3987808
16.013088,1.3258591
17.968363,1.3740978
18.453121,1.5318089
17.77431,1.3503742
16.114697,1.3174334
17.570778,1.2949715
16.694868,1.2409134
17.987658,1.3541985
17.144634,1.2259235
16.973938,1.1929626
17.352283,1.3278408
12.587707,1.6040802
15.234839,1.4096718
17.25778,1.2081566
16.213964,1.1871147
16.64854,1.2227297
17.375252,1.2636013
19.067005,1.7777805
16.12519,1.2640982
17.233501,1.2533188
17.60081,1.2846298
17.57811,
19.234768,2.2398071
17.17003,1.270277
15.299635,1.4800959
16.71843,1.1959095
,
16.546673,1.2581921
16.860699,1.2235317
14.532358,1.4653301
16.71045,1.2493362
16.274857,1.2193556
19.125761,1.6456184
17.148806,1.2673702
14.705283,1.4553881
18.694185,1.5220966
16.71542,1.326335
16.44531,1.3320704
16.709309,1.290391
18.828592,1.5182076
,
17.057356,
18.168943,
16.614145,1.3055248
17.991276,1.5067806
17.152796,1.1812763
18.256807,
16.971395,1.3939438
17.337786,1.3353348
16.31501,1.2878036
17.909584,1.3527813
17.03665,
14.800021,1.4875317
18.160206,
13.787431,1.5363932
16.370049,1.3237362
12.366206,1.6790781
14.151736,1.550477
17.182428,1.0119715
16.194294,1.273634
17.596388,
12.92028,1.6164169
17.385544,
17.687174,
16.130865,1.29317
17.983294,1.3398056
18.218716,1.0772343
18.465446,1.4069271
18.88638,1.615385
20.313711,1.3027267
17.979027,1.4500713
18.429485,1.4287853
19.101612,1.3871899
16.341734,1.2509737
18.347054,1.6131973
15.65013,1.302661
18.254484,1.5374184
18.650898,1.5876904
16.357807,
17.489494,1.3805599
16.031275,1.2765293
17.283989,1.252924
16.697802,1.2828474
16.620455,1.2712355
18.704142,0.846962
14.294248,1.4924841
13.01431,1.1460724
18.823315,
16.370749,1.1148739
17.16528,1.285923
18.406143,1.4925117
16.81276,1.3490934
17.40263,1.3172207
18.09237,1.3573513
16.994474,1.2924519
17.933556,1.3215275
18.9248,1.631422
18.279716,1.4020367
19.216639,1.6181526
19.952974,1.573719
17.307232,1.2940388
17.25254,1.1667328
18.57899,1.4259853
17.91483,
17.267284,
17.247057,1.2763863
15.663718,1.4557266
17.377367,1.260191
17.219986,1.3365631
18.947788,1.4465256
16.818758,1.1457987
18.327158,1.3791561
20.223362,2.591217
18.585339,1.5672836
16.773022,1.2690821
18.333006,1.4938526
18.177595,1.4711571
18.140913,1.502449
19.421593,1.4156094
19.792545,1.85919
13.129869,1.6739893
18.065771,1.3927536
17.417757,1.3014851
17.094366,1.3017502
18.790356,1.6195965
17.95679,1.4267597
17.482155,1.336832
19.762974,1.933136
20.318409,1.7783947
16.477154,1.3637018
18.512802,1.4683533
17.805002,1.4416981
17.691772,1.3965492
16.633257,1.3108139
19.107141,1.5481281
17.367538,1.3530159
17.208551,1.3152294
19.641397,1.8750687
17.988955,1.4340668
17.463125,1.179678
17.476738,1.300209
19.103907,1.6451759
18.318405,1.4747448
17.04177,1.2295122
16.891674,1.2656784
18.087273,1.3527107
19.833677,1.6971493
17.157745,1.2481785
17.547953,1.2898331
16.320395,1.2882185
16.901543,1.1318865
17.284426,1.2656155
17.857737,1.3657951
17.95999,1.3852901
19.768486,1.7310333
17.10581,1.2861614
17.496958,1.3055897
19.782555,1.7601318
19.282019,1.7551651
18.703009,1.5961704
20.149855,1.9218578
18.492966,1.5321579
16.771452,1.2907715
20.523764,1.8766441
16.18545,1.3885336
17.319754,1.321806
20.097277,2.0208664
19.476273,1.742136
17.688488,1.3311901
15.899972,1.458231
18.437386,1.4662914
17.655104,1.3426876
17.461779,1.3372211
15.774163,1.4927721
17.285952,1.3578835
17.281546,1.2663021
16.794638,1.3806114
17.858759,1.3663368
17.656416,1.3476639
13.652484,1.6371012
16.94842,1.2730312
18.8126,1.6186581
18.37881,1.4946022
19.249945,1.6495132
17.499186,1.3799152
17.796957,1.3586655
19.355057,1.684864
18.67992,
16.765564,1.2876339
17.259445,1.348299
17.367142,
16.517431,1.3729887
11.212219,1.8488302
19.468384,1.8390026
16.19662,1.3233662
18.337797,1.5050373
16.457216,1.2933769
16.32824,1.2436581
15.359417,1.4152145
19.261272,1.6436539
17.95077,1.3315277
18.226978,1.3601303
16.120375,1.2539253
16.49858,1.1874657
17.7509,1.311636
17.829193,1.3071461
17.79848,1.3486881
17.737576,1.2895184
15.893168,1.2413692
17.51793,1.2243671
18.569784,1.4600105
17.396435,1.2310791
17.955343,1.2930717
18.48613,1.3560295
18.045748,1.3238773
17.453861,1.2528572
16.609613,
17.70452,1.2834034
15.325488,1.4043894
18.405865,1.3490524
17.460924,1.3047523
19.635452,1.7455368
,
17.352955,1.2177563
18.675678,1.3333683
15.42151,1.3893728
16.935402,1.1990452
19.727787,1.7378197
16.679577,1.1627941
17.376854,1.2608585
18.171019,1.3541222
12.546171,1.5981541
19.584852,1.6930103
20.005829,1.9363976
17.097115,1.203968
18.67795,1.4674454
16.275467,1.2059126
20.235046,1.8022327
13.626277,1.5127115
16.329887,1.2101746
16.82567,1.2164898
16.172142,1.2075024
17.775352,1.3930511
16.324663,1.1706696
16.924507,1.165348
18.074982,1.486496
10.640378,1.8851566
17.737473,1.2823448
18.217527,1.3820744
16.031275,1.2290812
18.046928,1.3775253
17.863245,1.3011589
19.330389,1.4854088
17.404665,1.2305336
18.507185,1.4389572
18.372917,1.4211884
17.575169,1.2311573
17.680273,1.341505
16.365389,1.1523829
18.606161,1.4968987
20.131805,1.8226337
13.654579,1.5439386
17.917753,1.3069267
18.19661,1.4273777
16.734507,1.2406883
19.65808,
16.951923,1.2271824
18.046011,1.3448582
18.27945,1.4021873
17.992804,1.3418255
16.12109,1.164175
16.770153,1.1925869
18.68831,1.5044632
19.888578,1.5795403
18.968433,1.4359722
16.652782,1.2595005
17.98171,1.376812
17.477549,1.2888336
17.296093,1.2495117
16.89627,1.2616405
18.62764,1.555315
17.858898,1.3637295
18.461147,1.5041561
16.966125,1.2037277
16.508553,1.169014
15.84494,1.4154997
17.592243,1.3476524
16.05764,1.3891268
18.259203,1.4314842
17.343607,1.3086739
17.68663,1.3377228
16.207762,1.19557
17.496101,1.3514957
16.040203,1.4189644
18.055689,1.3831158
17.186253,1.1659393
18.323019,
18.298635,1.4822292
18.600698,1.4974365
17.272976,1.2850437
18.383394,1.4684734
17.329573,1.2417297
17.203806,1.2599888
18.294033,
17.223192,1.3030415
18.135109,1.4049034
17.337805,1.2540779
17.827576,
16.904339,1.5335207
16.699602,1.1928596
20.866762,0.9252224
17.351921,1.2297478
16.764492,1.1777687
16.147022,1.1625242
17.421144,1.2129173
19.047403,
18.3149,1.4271545
16.42558,1.227211
17.153046,1.2166996
17.303097,1.167572
18.197748,1.3898563
18.585932,1.4696598
18.435976,1.4675045
16.209707,1.2086859
19.575481,1.9487686
15.93754,1.2311926
16.56773,1.2026939
16.757082,1.2081566
16.763176,1.2134476
16.617533,1.18505
17.252598,1.1963482
15.093267,1.4008684
16.638567,1.1583948
16.525385,1.1633825
18.239769,1.4066772
16.789883,1.1293507
19.9063,1.9269199
17.07805,1.2513332
17.448977,1.3375797
16.86259,1.240696
15.128544,1.4501286
18.838936,1.4982376
19.493252,1.8421288
17.762943,1.3537922
19.056973,1.598032
18.519234,1.5975895
18.705717,1.4681225
17.133553,1.2090855
17.382347,1.2412262
18.313322,1.4152832
17.26072,1.2911491
19.21292,1.6602154
18.228556,1.4250526
16.554792,1.210228
17.98733,
17.268505,1.2335491
17.019613,1.2388535
19.242897,1.7651882
17.41558,1.2615795
16.964573,1.2414951
20.072206,1.8795109
17.93167,1.3196507
16.978395,1.2053967
16.49348,1.152978
17.665005,1.2799435
17.203661,1.2398701
16.93104,1.2039948
17.883554,1.3395863
16.925385,1.297327
17.838629,1.3867512
19.29165,1.7039547
16.414564,1.1408415
19.53324,1.7296505
18.587406,1.420702
16.915213,1.1830635
17.793383,1.3919125
16.081371,1.2431765
17.022755,1.2362347
18.83152,1.6738853
18.174269,1.4229965
18.045456,1.4270153
16.443056,1.2845125
19.425444,1.8978863
18.32878,1.460207
13.036275,1.6266108
18.167723,1.4188099
17.288038,1.2614975
17.493637,1.2497673
20.432844,1.8873005
18.130297,1.380331
18.075077,1.3281231
16.841898,1.1932964
16.872545,1.2959766
16.62512,1.2692623
16.398697,1.2537155
18.086617,1.3852844
18.371906,1.4437675
19.052095,1.6483784
17.075392,1.2795486
18.565111,1.4557114
20.110987,2.0369415
18.620115,1.6537609
18.946665,1.6859798
16.5299,1.3103504
17.86209,1.3533573
17.763647,1.3826141
18.667152,1.6358166
15.842546,1.40271
16.554832,1.2226286
17.943113,1.3895302
18.837381,1.537838
18.377806,1.4491863
18.17653,1.3703499
16.874,1.2465286
16.762802,1.218813
16.043705,1.254075
19.476786,1.6092777
17.732038,1.1560783
18.179577,1.4433231
14.262153,1.5259771
18.537588,1.5484352
16.633707,1.2545795
16.53959,1.2092133
17.552286,1.3199005
20.321915,1.822155
19.072693,1.7018414
18.734468,1.6574287
17.42264,1.2885361
11.413573,1.8066254
17.722233,1.3224239
15.546206,1.0841131
17.437992,1.294672
16.145338,1.2389889
19.299986,1.5986996
12.971879,1.3671923
17.625822,1.3475113
13.082922,1.3553782
18.522726,1.4949608
17.428782,1.331892
16.924213,1.3283634
17.300606,1.2989597
18.746515,1.5229511
13.951547,1.5547686
18.885483,1.5804768
20.076056,2.0051804
17.424585,1.2850304
19.367632,1.6440754
13.006931,1.3643761
17.959257,1.3648548
17.088745,1.2254696
17.882917,1.3303986
17.300646,1.2646713
17.00248,1.240118
18.14518,1.4068851
19.536503,1.7225208
18.904202,1.5033245
17.495657,1.3344936
17.722328,1.2574158
16.541101,1.2332354
18.377836,
18.946938,1.6334343
18.493946,1.6178036
17.842764,1.4140129
17.011238,1.332119
16.970905,1.3418407
20.381931,1.9970112
17.78945,1.3880215
17.929321,1.3497181
17.88339,1.3332291
17.608349,1.3507843
18.156656,1.407032
17.184263,1.2904472
17.891384,1.4545021
16.710335,1.2638054
14.442573,1.5222492
16.10581,1.3613939
19.087618,1.6434841
18.852116,1.5587845
17.282846,1.3135471
18.218946,1.434803
19.080782,1.7876892
16.97153,1.414814
16.772789,1.2569408
16.172264,1.3289042
17.744905,1.3467445
20.178577,
16.355476,1.3166151
17.428944,1.3243847
17.403347,1.2929153
17.692366,1.3430481
17.03539,1.2743664
18.163843,1.3917618
15.907937,1.3873005
17.429077,1.3124714
16.762522,1.2879038
16.821447,1.2593861
16.988327,1.304863
19.626783,2.0574093
17.539927,1.3254948
18.27512,1.4989834
17.385853,1.3612995
16.644415,1.2985268
15.927214,1.4186573
16.948029,1.2704105
17.40543,1.275692
17.127085,1.4876804
16.819204,1.267168
16.44974,1.3578463
16.181929,1.4179544
12.959215,1.693429
16.128607,1.4457664
16.40096,1.3743534
17.754871,1.371458
15.090464,1.6288576
17.484812,1.3140182
17.871595,
17.772602,1.4437561
17.354794,
17.547733,1.3891106
17.558113,1.099186
18.756634,
14.9560175,1.5494518
16.332249,1.3393869
17.493023,1.3069134
16.480116,1.247549
17.230152,1.288374
16.27337,1.2521391
18.702879,1.643671
18.051043,1.3907337
12.929993,1.6134968
17.527025,1.293251
16.434237,1.2427578
15.959104,1.4348202
16.172087,1.2867613
14.5951185,1.5045338
17.418547,1.3046093
18.37086,1.4544182
16.028214,1.3228636
16.728855,1.2181625
17.580217,
18.017622,1.4343529
17.114138,1.2260323
17.038776,1.2608109
17.639105,1.4588814
17.992685,1.3638725
14.427449,1.4833212
16.092657,1.2962475
16.95684,1.2347279
17.858522,1.5164242
16.883158,1.2298298
14.897389,1.447731
17.386768,1.2664146
20.2449,1.7197857
17.53713,1.2870827
16.328894,1.2611732
15.913328,1.3967247
19.347609,
17.867329,1.444046
17.07151,1.2386074
17.254644,1.2167263
14.289146,1.5499096
16.442207,1.2767286
16.766119,
16.77811,1.2927475
17.512653,1.4394798
16.601332,1.2394495
16.632736,1.2415209
16.054089,1.4020824
17.099741,1.477871
16.814405,1.2612829
16.02499,1.2751904
15.133518,1.4745426
14.268329,1.4745779
17.743458,1.2813034
16.529863,1.1425047
15.823525,1.370491
13.2120285,1.4868183
14.973215,1.4535551
16.01426,1.3360443
17.442118,1.3115158
19.17115,
18.796734,1.6979847
18.81594,1.542635
19.037552,1.6799545
19.78445,
16.157398,1.4103041
16.949743,1.3056602
17.459072,1.3180256
16.859205,1.3901587
17.550001,0.7550907
16.39101,
16.882748,1.1950741
16.758307,1.4074154
16.32962,1.306365
,
16.194536,1.2620621
13.562447,1.6050978
17.35177,1.3122635
17.366058,1.3604317
16.812775,1.1709471
18.762672,
14.459488,1.5003595
17.747465,1.4356422
16.734934,1.2161036
18.619062,
17.622574,1.1814976
18.807178,1.1887455
16.821375,1.2173986
16.511139,1.2593002
15.973418,1.3513565
13.0720215,1.5788145
18.289774,1.3194771
15.99994,1.2790804
18.235315,2.3105154
18.199755,1.3876076
17.793718,1.3161011
17.416912,1.3047619
16.794874,1.2300148
17.208288,1.2449207
18.865892,
15.40805,1.464427
19.268015,1.714016
18.547667,1.5936699
18.616468,
18.043257,1.3982201
15.905007,1.1041708
16.145851,1.4032688
17.08843,1.3447723
18.729357,1.5982857
19.719524,1.8236828
16.687624,1.371378
17.384134,1.3948078
20.224594,2.0693283
16.629143,1.2718935
16.284552,1.2840815
18.067793,
19.645262,1.8260517
18.720013,1.5272694
19.563902,1.8249378
10.99041,1.9018412
20.32688,1.3476524
16.120138,1.3175936
17.646946,1.3651199
17.56347,1.3179779
18.150791,1.432766
18.434364,1.4535885
17.236748,1.3125763
16.592411,1.2759151
16.297817,1.361784
17.134296,1.364996
16.83308,1.3277874
18.654417,1.561264
18.450663,1.5678005
16.56495,1.3411493
17.966528,1.4036636
19.01476,1.5786495
18.421103,1.2012253
15.40202,1.476819
17.51235,1.3056889
17.327185,1.2967701
18.30271,1.4263153
18.077976,1.3935013
17.7816,
13.078429,1.1905012
18.527872,1.4495201
17.808058,1.352705
16.624676,1.2709932
17.197592,1.4163399
18.396126,
19.01254,1.6939545
17.564417,1.3449326
19.240738,1.0673904
17.29802,1.2929745
18.69038,1.5553188
18.022594,1.4548264
16.752619,1.354723
16.86504,1.278492
17.611532,1.3057461
16.17387,1.266366
18.016298,1.3594227
17.065193,1.2829952
19.762268,
16.699303,1.2937574
20.447067,
17.063929,1.2907047
17.79759,1.3365498
13.112647,1.3743572
17.505878,1.3723278
20.285225,1.7035522
17.042774,1.2986832
17.262695,1.3165855
18.183231,1.4876919
18.686152,1.6437435
17.356901,1.3157101
16.369347,1.4587889
18.706245,1.5499554
17.014862,1.2902966
16.311863,1.2543058
18.509876,1.4854145
19.541939,1.7829342
10.7577,2.0453625
16.934528,1.3151035
19.00703,1.6864967
17.986477,1.4344082
14.862799,1.5067005
18.173029,1.50243
19.21154,1.6694717
16.602167,1.3607521
18.024801,1.4321537
16.244537,1.3052778
17.102446,1.2728348
17.371754,1.2317219
17.110985,1.2129402
17.299566,1.2478676
15.062556,1.429575
18.696321,1.498167
16.038153,1.2647085
17.07204,1.2377777
16.537077,1.2161455
17.0272,1.2075806
16.013027,1.222992
12.902146,1.3151855
19.100718,1.6610527
13.081257,1.1070738
18.824928,1.9557381
20.203173,1.8022003
17.880955,1.3077984
18.724056,1.5442562
17.41996,1.2410507
16.596418,1.1554489
17.989267,1.4041901
17.16864,1.23983
17.531782,1.2416496
17.026735,1.1932087
,
16.044964,1.1865635
16.536184,1.1601982
16.589312,1.1629782
20.593569,1.6739998
20.271248,1.852665
18.471188,1.472126
15.8591795,1.2208805
17.254969,1.2696953
17.882635,1.2026749
18.686523,1.4879646
15.910608,1.2886124
17.174213,1.2362576
16.643274,1.1949501
16.74364,1.2278175
17.283579,1.2750168
20.579226,1.4560375
17.461359,1.2776928
17.857061,1.3521404
18.86991,1.4998722
17.039003,1.211565
17.156324,
17.762135,1.2781887
16.185497,1.162591
18.94263,1.5967827
16.402702,1.1583099
17.392664,1.2881413
16.49312,1.2250957
18.811111,1.6010742
17.953657,1.3539543
18.915613,1.6587276
17.49216,1.275137
16.140448,1.2625265
15.467026,1.4663315
18.039219,1.3994904
18.4686,1.4622421
17.628506,1.3699017
18.659967,1.5364761
16.343908,1.3140926
16.489973,1.2748127
16.457504,1.1401205
17.870811,1.3035736
17.73475,1.2703648
18.705963,1.4917564
16.527367,1.196681
17.322866,1.2376118
13.019692,1.5880356
16.145002,1.1896362
16.763725,1.2034626
15.917692,1.3246889
18.416811,1.4084244
17.269428,1.2397938
17.095978,1.3025608
17.346058,1.2184582
18.326195,1.4751358
17.043737,1.2230091
17.080467,1.2010059
16.870405,1.1796093
18.85058,1.5340195
19.165249,1.6833878
17.63943,
18.926508,1.7694092
15.838386,1.4381771
17.09114,1.2431393
17.398554,1.3225422
18.515844,1.4941998
19.931349,1.5310307
19.647669,1.7196064
16.750591,1.2136669
16.773687,1.3032656
17.234587,1.2918644
17.71665,1.3414669
16.628468,1.1881466
17.887972,1.2990074
16.018972,1.1863356
16.3474,1.1601524
17.587523,1.2765064
17.013397,1.1916275
16.800945,1.1160336
13.688854,1.5606241
19.792404,1.9962864
16.781599,1.2491207
18.224796,1.4164829
17.129532,1.243721
19.27002,1.7272015
17.107695,1.2707233
17.499405,1.3157196
19.326721,1.7078552
18.23572,1.4302826
17.767715,1.3325062
17.177303,1.2310295
16.707342,1.1771832
16.881311,1.214365
19.050037,1.5877361
17.89654,1.3514996
17.888096,1.4003849
18.533379,1.5137367
18.944027,1.6975822
17.952269,1.3831501
17.516733,1.3443203
18.983006,1.9810638
18.296997,1.3520203
16.90011,1.1844692
19.043524,2.0226574
16.22049,1.1664543
16.960611,1.2036915
18.30735,
16.111816,1.1811419
16.95434,1.16675
16.840736,1.143673
17.716873,1.23592
16.525778,1.1633911
16.028738,1.1777086
17.342648,1.2026501
16.178677,1.212573
16.899035,1.2006111
17.520895,1.243557
19.37044,1.6595402
17.893528,1.3230877
16.737442,1.174427
17.97503,1.3585243
18.6538,1.4742527
18.427317,1.4274597
17.35482,1.2719212
18.81249,1.5745087
17.053442,1.2495975
18.461414,1.4936638
17.31549,1.2615166
20.51737,1.6818295
16.59585,1.1583138
17.150852,1.245884
17.35195,1.2502804
17.388313,1.3549023
17.419191,1.2306156
18.418009,1.45327
19.724373,1.8591805
18.818306,1.5937462
17.33142,1.253521
18.928404,1.5922966
18.662647,1.5182686
18.134651,1.4080467
16.228859,1.2543058
17.6798,1.3301983
13.127646,0.71169186
18.24288,1.4249191
19.502964,1.7220116
18.345425,1.4962559
17.869848,1.3559456
15.615854,1.4396896
19.741781,1.9215622
16.308975,1.2198458
19.632847,1.8637066
18.597914,1.4976101
19.342815,
18.934578,1.6263218
15.982057,1.426713
19.375319,1.7668896
17.46989,1.3107414
18.564362,1.5803318
17.170906,1.2876854
16.102453,1.2726574
18.614664,1.5707626
16.714514,1.1749973
16.914957,1.1853809
17.113398,1.1970596
19.731768,1.7130547
17.414053,1.2658329
16.303694,1.2148075
17.461317,1.2824402
15.915304,1.2572069
14.788281,1.4233484
17.176794,1.2112312
19.413904,1.6219406
16.597965,1.2103281
17.480137,1.276638
18.38468,1.442606
16.831083,1.186202
18.1861,1.3785152
17.75267,1.3062611
17.66893,1.305994
20.078808,2.162119
18.383856,1.4133434
17.285215,1.1969967
19.542923,1.8922272
11.726303,1.5839167
17.267115,1.204937
16.66481,1.1642437
17.98148,1.3931656
19.957922,2.0826092
17.802305,1.3472118
19.935629,1.7184448
18.375437,1.3991718
15.025249,1.4638758
18.313402,1.418047
17.996998,1.388567
18.229378,1.3979893
17.315199,1.3169422
16.994959,1.2846451
16.854675,1.2016525
18.459068,1.4163399
19.284222,1.7495956
14.678005,1.4560871
19.396456,1.830637
17.276716,1.2962303
17.8003,1.3584614
19.503368,1.7890568
15.957202,1.3636827
13.010847,1.4006605
17.548338,1.3066235
18.2095,1.5026646
19.384218,1.745964
14.477537,1.5183277
18.036636,1.4203358
18.07823,1.3716164
16.117065,1.3100967
18.293861,1.4299564
18.12608,1.3932724
16.69559,1.2116375
16.223259,1.249465
17.867897,1.3487988
17.562267,1.3078651
16.822218,1.2368069
17.36303,1.296957
19.341507,1.8357697
19.873264,1.6840324
18.188463,1.3781643
17.522978,1.312912
18.906206,
18.532776,1.3880348
19.497293,1.8436546
17.93524,1.3777256
18.713787,1.4983788
18.274183,1.4620895
16.338264,1.2743616
13.430879,0.6277199
20.643915,2.0879784
16.520798,1.2265701
20.02226,1.9040947
17.897736,1.3534946
18.752142,1.5776939
17.595224,1.3029003
19.527346,1.8297405
18.053059,1.3727131
16.66978,1.208066
16.177774,1.2907181
19.059778,1.7100086
17.320284,1.289011
16.399267,1.2363167
18.679142,1.5840149
18.337992,1.431078
19.23848,1.7175369
11.948604,1.7383623
19.273409,1.6587982
16.670923,1.2269211
16.716822,1.2229557
18.84277,1.5110207
18.416426,1.3498287
18.57477,1.3486443
18.023462,1.3658447
15.492444,1.4322405
20.626553,
18.286476,1.4333744
17.01979,1.2496586
18.20389,1.4455547
9.356756,1.9141092
15.794792,1.4340849
18.88154,1.6074753
17.559452,1.3504887
18.589699,1.5030575
18.527857,1.5057163
18.156427,1.4026756
15.946275,1.4942093
17.267653,1.4058762
17.899082,1.3850918
17.590927,1.4009113
17.307188,1.3518009
20.060848,1.8957081
16.950003,1.2799721
18.610106,1.4754276
16.024061,1.3663473
16.063635,1.3573284
20.389841,1.756216
18.803123,1.4972172
18.759567,1.582346
16.890045,1.2723389
17.471981,1.3359051
17.020117,1.3266163
18.210758,1.447813
12.854494,1.4797592
17.493265,1.355444
18.499998,1.473465
17.688839,1.3557625
19.591034,2.040268
15.287607,1.5182362
17.638943,1.3209763
17.153757,1.3043404
16.56669,1.3052549
13.045399,1.3377857
20.250338,2.2655563
16.678164,1.3097
18.717505,1.6548176
16.84355,0.9171858
19.56769,1.7925472
16.158928,1.2767181
17.772755,1.3338432
17.575344,1.3377361
18.001055,1.1221523
16.11168,1.3515129
18.71617,1.5173492
17.213707,1.2507858
18.242579,1.357687
17.278908,1.2934456
17.26952,1.3101406
18.563099,1.5095215
16.88967,1.3031483
17.528545,1.2971478
19.558792,2.1157322
15.674242,1.474618
17.363974,1.2771187
16.50529,1.239109
18.218641,1.5030556
15.937277,1.1433725
18.190844,1.4075661
17.466766,1.3331718
16.883947,1.3179321
17.742926,1.3885098
16.093857,
19.008904,1.7374573
15.584327,1.5196342
16.472885,1.3396416
16.5048,1.3178663
17.399578,1.35573
17.228357,1.337326
16.175665,1.3487692
14.105766,1.5636168
16.829168,1.4297476
17.436249,1.2751064
17.19461,1.2987652
16.020252,1.5298748
15.533454,1.5151348
13.246394,1.2650747
13.422252,1.5749445
16.93128,1.2343216
16.005465,1.2073298
15.641813,1.1196508
15.799729,1.403821
17.081804,1.283947
16.701483,1.2023458
15.881334,1.4110842
16.267803,
16.709393,1.2300692
17.466978,1.393259
18.845247,1.5391102
15.282522,1.4419012
17.042202,1.2016811
16.738008,1.258873
16.575357,1.252801
17.14095,1.2503757
16.651274,1.2089071
17.040861,1.2547874
17.200136,1.2630272
17.774717,1.3922367
17.989202,1.3597107
17.55976,1.3153114
16.88697,1.3027096
16.823114,1.2268276
17.404263,1.2322121
19.864347,
17.067738,1.2481613
16.121069,1.2596331
16.912365,1.3155651
14.099,1.586133
13.131022,1.1979914
12.91467,1.681922
18.884598,1.5634289
19.48358,
16.726416,1.2223501
18.060116,
17.057096,1.2981682
17.085594,1.268198
16.807915,
16.24298,
17.177319,1.5254288
16.712574,1.3726578
13.000287,1.3693924
16.041828,1.370554
12.346567,1.4889994
17.593966,1.2923832
16.212603,1.2778969
17.96646,1.3704739
16.805948,1.255724
13.065824,1.2361107
17.091837,1.265398
19.000021,1.6678848
15.960926,1.4124546
16.033487,1.3773441
17.264393,1.319067
17.093584,1.3028908
17.634863,1.3321438
17.812105,1.2737675
16.345041,1.1657629
15.922435,1.4778404
16.42433,1.2575245
16.818235,1.2347889
15.95517,1.3937197
17.658222,1.3682594
15.898592,1.4135056
18.229176,1.4599533
20.199112,
11.561037,1.7348328
11.859961,1.762599
17.795137,
15.980536,1.3050852
17.247414,1.2932148
17.683134,1.2125149
14.112202,1.5241108
16.940332,1.2110577
17.989069,1.376051
16.862537,1.2874184
17.16824,1.2587776
19.125935,1.6081238
15.836652,1.3902397
16.675085,1.251895
18.103683,1.8108654
17.147484,1.3019991
16.430798,1.2040186
17.93686,1.3935986
16.23848,1.2206173
12.998131,1.6150341
17.553322,0.871192
19.372587,
18.807793,1.5982552
16.280186,1.2601547
18.970356,1.5875263
15.93865,1.3675747
16.028475,1.3000631
17.399508,1.2920303
19.483107,
19.3432,1.6142025
18.691687,1.5191631
17.141521,1.3006153
20.00778,1.9708538
17.411875,1.3793755
19.322586,1.8138142
16.646381,1.3652592
18.226822,1.4836216
18.17205,1.4724941
15.108144,
16.62735,1.2619591
16.973204,1.2711315
20.665539,1.9301567
17.586523,1.3666039
19.557838,1.8121567
17.056807,1.3075352
17.852463,1.3482456
17.386854,1.2879276
20.256744,1.6922054
17.649405,1.3607368
17.03932,1.3135872
16.04385,1.3912659
17.726229,1.3876762
17.39598,1.3290653
18.884972,1.6218586
17.041416,1.3339615
17.569393,1.4063759
17.201298,1.3519573
17.037458,1.3476105
18.571999,1.5755234
17.532713,1.3972244
16.306652,1.3633099
18.332218,1.4670696
16.98438,1.2519188
16.217072,1.272912
15.590199,1.4731464
18.857721,1.6535873
17.69728,1.295599
16.806385,1.22118
16.127167,1.2717066
16.238255,1.2474728
18.436447,1.4940491
17.755526,1.4296112
19.056128,1.5643806
20.514015,
17.565231,1.1196594
17.701576,1.3758907
17.755707,
17.539652,
18.591452,
18.753906,
16.774265,1.2496643
18.20206,1.715332
19.562767,
15.684846,1.4726982
19.95922,1.832367
17.009712,1.2660713
16.845875,1.258728
13.183245,1.0876455
19.22914,1.6922626
16.765968,1.287466
18.275135,1.5332432
17.215305,1.2868023
19.508053,1.6964989
19.297329,1.7835579
17.28159,1.2912884
17.407398,1.3200111
19.483164,1.6808987
18.845768,1.5886898
18.223152,1.4730034
14.924958,1.520175
16.680586,1.2699308
17.506573,1.3342552
17.271645,1.2936497
18.988811,1.6151295
17.795933,1.3598804
17.278727,1.3078995
15.572697,1.5071249
17.870865,1.3819351
19.863989,1.6944618
17.787611,1.398016
17.706924,1.3608398
18.435968,1.4958687
19.871536,
17.254103,1.3186035
17.823881,1.3804703
16.506363,1.3063955
16.021149,1.4284124
18.60367,1.4813423
16.271778,1.1861649
16.929544,
17.470417,1.2578754
17.364235,1.2532387
17.75727,1.3044643
15.856026,1.3446722
17.990877,1.3387833
19.877071,1.5137348
19.117056,1.6068325
16.85588,1.1790905
20.288548,1.7079754
20.059898,1.5826263
18.146412,1.3704624
19.863327,1.8919029
17.009521,1.2170696
16.783157,1.1946888
15.911775,1.2373266
16.515503,1.1382446
17.477365,1.2458553
19.084532,1.5087032
11.36923,1.6027708
17.850912,1.3986912
16.795584,1.1888065
18.992617,1.579565
17.920757,1.3060226
18.371655,1.4422989
18.82313,1.4854584
15.820014,1.3940086
18.355427,
17.311016,1.4055405
17.613832,1.3684616
17.007088,1.226265
17.935337,
16.285656,1.0419064
16.987732,1.1693001
14.172312,1.4516106
17.18576,1.1766815
16.8442,1.1610069
17.463707,1.2367897
16.70629,1.1702881
20.520895,1.6878777
17.904827,1.3163242
16.738693,1.236496
20.590801,1.7031994
18.400578,1.4559841
18.308958,1.4657974
18.909807,
17.54242,1.267107
16.901081,1.2736111
16.652916,1.2580929
18.184134,1.3524456
18.736116,1.6207542
