phot_g_mean_mag,bp_rp
16.953608,0.77124023
16.783304,0.8903847
17.364672,0.94480705
18.139967,1.0108719
15.520258,1.0641727
17.900543,1.0322914
17.4844,0.9097271
17.784157,1.0135422
19.250542,
16.961842,0.88225937
18.122484,1.0192814
18.44333,1.0780792
17.176573,0.9042797
16.798267,0.8746605
18.02291,1.0198402
17.56873,0.94768333
17.167387,0.9063835
17.909237,1.0015354
17.972158,1.0180168
15.622894,0.9878273
17.356918,0.9831581
18.290539,1.0852509
19.115484,1.2348328
18.32511,1.0962658
16.354149,0.8768959
17.328733,
17.99974,1.0080585
18.094051,1.0890217
16.633541,0.85027695
18.29726,1.1398602
17.197979,0.9071312
17.978071,1.0207653
17.25329,0.91153526
18.283138,1.2301159
19.82603,1.4600353
17.725107,0.98150253
15.822344,0.94448185
17.885418,1.0234795
16.538515,0.8794098
15.617295,0.97029305
16.540878,0.875762
19.190569,1.2390099
18.658058,1.1536903
18.534805,1.1603355
18.463734,1.1316414
17.321112,0.92020607
17.99732,1.0085697
18.998276,1.0707283
16.253214,0.81976604
19.946173,1.5551682
16.625864,0.8311825
15.424322,1.0232105
17.815643,0.9944496
17.90681,0.9699383
17.765001,0.96245193
18.688349,1.1230545
18.715963,1.1851101
16.879139,0.8782387
18.817907,1.1455669
18.726244,1.1942215
17.333809,0.9081707
18.136803,1.039772
17.748274,0.93580246
18.249313,1.0342102
19.218132,1.3365936
18.466759,1.1256676
16.504248,0.8637943
16.801205,0.86016655
17.176702,0.8956795
18.198673,
19.798864,1.3836842
16.892859,0.8943405
16.96813,0.862381
16.988516,0.85497475
18.593237,1.1551933
17.86321,1.0003471
19.230566,1.2276039
18.730013,1.1988983
17.614645,0.95713615
17.754751,0.98840904
18.350933,
15.995281,0.87737465
16.380135,0.843112
16.870235,0.871788
17.04444,0.8567867
18.40966,
16.930857,
18.367392,1.1831722
19.063242,1.0895157
16.2228,0.9109516
17.553835,0.9562912
19.231153,1.2818489
19.085228,1.2233906
17.34264,0.93069077
16.378803,0.82474613
15.981471,0.8464775
16.71851,0.9160156
18.55846,1.1568336
17.189283,0.883688
16.539816,0.87388134
17.617176,0.90810585
17.644068,0.99194527
16.609852,0.8580723
17.78216,1.135212
15.357825,1.0578976
18.456596,1.1296577
17.035498,0.73916054
16.7636,1.1206703
17.233063,0.9266834
16.837618,0.8582783
18.974178,1.0030518
18.566452,1.0556431
17.196241,0.95015144
16.121315,1.0276098
15.532089,0.46023178
16.48496,0.8496628
16.237305,0.88081646
18.193516,
17.411999,
15.712245,0.92253494
16.308033,0.87214947
15.728021,0.8683891
17.017612,
17.14235,
13.213307,0.3172989
18.694914,1.1246071
18.103716,1.0357513
18.722904,1.1494884
19.879854,1.5432434
16.857782,0.87753105
17.42831,0.90208626
17.57559,0.9513416
17.602554,0.9331856
17.939213,1.0311661
17.696033,0.9690838
19.094408,
15.908237,0.8713646
15.680655,0.95599556
18.91327,1.1703091
19.28251,1.4626522
17.979076,1.0588512
18.890442,1.2250004
18.39034,
19.56713,1.4934998
19.773817,1.3392601
16.456827,0.8937578
17.488178,0.9363842
18.939268,1.2622128
16.652962,0.87509155
15.894511,0.89896584
17.396242,0.9659538
17.924013,1.0048065
18.582796,1.1522903
18.285158,1.0916634
18.156271,1.1626835
16.892681,0.85636616
17.47451,0.9233532
18.4598,1.071619
19.072042,1.3024998
18.28867,1.046669
17.400875,0.94355583
15.570485,1.0128565
18.826443,1.3032055
19.837557,1.4871616
16.967796,0.8920021
17.783792,1.0300903
18.290337,0.9848404
14.149381,1.0933275
19.55306,
15.791109,0.91455936
17.843721,1.0816422
17.963367,1.0285988
19.109844,
15.995922,0.8658314
17.048622,0.88871574
17.698736,
18.083853,1.2989941
19.982878,1.3286076
16.264412,0.84136105
18.630157,1.0524178
17.114416,0.8706074
19.26684,1.2368927
18.933395,1.2002335
16.758144,0.8590412
16.847965,0.881958
17.15141,1.0283546
18.998648,1.0026474
17.308575,0.93821335
18.347002,
16.827795,0.8834915
17.547564,0.95316696
16.577972,
17.233355,0.9027958
17.460869,0.9670391
16.747261,0.89684486
14.373022,1.1356478
16.60489,0.84733295
16.41934,0.82654
16.95567,0.9649544
16.072123,
16.023388,0.7952385
19.252138,1.0853767
15.84139,0.91198635
18.559958,1.1302872
18.071968,1.100977
17.071814,0.89365005
16.27487,0.87153244
16.300524,1.3184538
17.074366,0.9492817
16.4294,0.87779236
18.247469,1.362154
18.576225,
16.357409,0.8004608
18.078117,1.0732727
18.924835,
18.560179,1.1569061
18.182999,0.97891045
17.475004,
19.493998,1.2770824
17.783213,1.0157089
16.338135,0.86531925
16.89051,0.91534424
18.388542,1.1057262
18.854528,1.2808552
18.511335,1.1119118
17.895506,1.0388985
18.564444,1.2476807
17.278751,0.97507095
16.749992,0.9092655
19.778023,1.3956203
15.226068,1.1177588
17.973648,1.0352097
16.394775,0.86165905
18.812428,1.1788082
17.970407,1.0460854
18.163164,1.101429
17.721094,0.969717
13.390994,0.2850399
16.427847,0.86173916
17.869787,1.0488548
17.540794,0.94703484
17.729958,0.98548126
18.359493,1.1620159
17.011036,0.8932152
18.69431,1.1458073
16.32022,0.86122894
16.65394,0.86556435
17.39073,0.92822075
16.856571,0.8986397
16.669636,0.8726883
18.027777,
19.879404,1.540844
16.412682,0.8491659
15.895424,0.9261694
16.777699,0.8882656
19.603464,1.2877045
16.75432,0.8846359
15.932171,0.87540436
18.646736,1.1392136
17.958399,1.0206432
14.012932,1.1604424
15.718018,0.9508133
17.570175,0.9281311
17.029232,0.86281204
18.042246,1.0231628
17.94148,1.0196514
15.664782,1.1108093
15.171477,1.1154432
17.17597,0.97899437
16.544312,0.87000275
14.921696,1.1021566
16.17547,0.85911274
16.919619,0.87054634
17.449875,0.97231674
18.716473,1.1976471
19.054035,
15.143014,1.0964603
17.898338,
13.995185,1.1223307
17.118681,0.87314606
16.525208,0.8939886
11.144875,1.4105606
13.924749,1.1972857
16.78392,
15.966063,0.9696646
14.782821,1.1417189
13.53433,1.1800871
16.9263,0.97603893
18.787485,
17.308187,
17.322857,0.8975315
18.726395,
16.070885,0.8910265
16.72145,0.862133
19.214478,
18.111412,1.0601788
17.857012,0.941309
18.491209,1.0846863
17.532091,1.0469723
17.883327,
17.970285,1.0195656
18.462963,
16.01727,0.8939209
18.848413,
18.32844,1.065548
18.292196,
18.250343,1.0725517
18.459984,1.1255512
16.668772,0.89963055
16.042725,0.8860874
16.709747,0.8625965
17.771189,1.0056324
17.659817,1.0025291
17.484356,0.96505165
19.324465,1.2092342
12.816672,0.50487614
16.716434,
16.105604,0.8574848
17.238758,0.89834785
18.460983,1.1212177
19.305033,1.3077469
18.365736,1.1168041
14.626902,1.1297388
17.562094,1.0007019
19.737185,
17.010147,0.9045582
15.875222,0.91429806
17.8248,0.99762917
16.707764,0.8883915
16.800673,0.8972187
19.436075,1.2600384
18.218634,1.0637665
19.93728,
16.989132,0.8993206
18.07266,1.0419044
17.264248,0.9208145
18.727219,1.1477451
18.050852,
18.633718,1.1418114
16.1645,0.8736954
19.249332,1.2054901
19.598042,1.3753605
17.289972,0.9307327
18.362331,1.0769558
14.824587,1.1511555
17.68453,1.0006561
18.993624,1.261816
14.870978,1.127037
18.862206,1.2464256
16.08743,0.87872505
17.049942,0.91425514
15.721497,0.9651966
16.881945,
16.53877,0.87470436
17.598888,0.9901619
16.027166,0.89987564
17.724995,0.9792156
17.954065,1.0350533
18.094837,1.0322723
17.529943,0.9573574
15.7999735,0.9225426
16.212902,0.87156296
16.667694,0.8540249
16.85187,0.95734024
17.681957,1.09906
17.595491,
19.26259,0.96305466
17.02168,0.8575382
17.073975,0.92071724
16.35559,0.86721516
16.180902,0.87759304
16.50455,0.85715103
17.31222,0.9658642
17.624796,
17.173553,0.8870697
18.18162,
19.990154,1.6226101
17.029963,0.8931351
18.750992,1.1784782
16.099298,0.87800217
18.415907,
18.040503,0.99481773
17.971447,1.0065784
19.43044,1.3598461
16.625021,0.8420601
18.567795,1.1646214
15.735291,0.9187269
17.99904,1.005621
17.827885,1.0035343
17.038818,0.8612919
16.676548,0.90110016
16.62344,0.86257744
18.720545,1.1302128
16.753378,0.87233543
19.489323,1.3973331
17.053314,0.86286926
17.554129,0.9350815
19.687368,1.3593674
19.38879,1.3722076
19.12067,1.2216263
17.174997,0.89811707
18.875916,1.4285793
19.204113,1.244585
18.090742,1.0362701
18.568937,1.060461
17.277706,0.9208336
16.304253,0.8600073
18.742138,1.0787525
19.388414,1.4420891
18.443783,1.127903
16.710377,0.8395424
17.072044,0.88752174
18.505312,1.1379433
18.688013,1.1672268
16.760641,0.8618965
16.675093,0.8623657
17.927443,1.0409145
17.733809,0.97613716
16.683743,0.8899803
17.899096,1.0178108
19.45021,1.3141174
18.516842,1.1051445
17.787838,0.98166084
16.163446,0.8808508
16.290434,0.88146305
17.291157,0.93795204
18.990767,1.3073158
18.178547,1.0832958
19.946571,1.3796787
17.56183,0.9560394
18.467922,1.1362057
18.457542,1.1542568
18.631002,1.1483135
19.387932,1.3639755
17.89804,1.0181732
16.364525,0.83299637
16.792624,0.83833694
17.314734,0.8664646
15.288071,1.0365314
19.40437,
18.46519,1.0613041
15.924591,0.8620291
17.175844,0.8852577
17.319475,0.8993473
16.451561,0.8396988
13.616028,0.18944168
17.325481,0.9229851
16.593512,0.84358215
17.051256,0.89059067
18.455229,1.1022434
16.958696,0.8579502
16.345589,0.83989334
17.894234,0.988554
16.97164,0.85175705
19.656368,1.4217472
17.587074,0.9196243
17.161465,0.917305
17.729282,0.96250343
17.930227,0.93655014
19.359482,1.1516075
18.387339,0.9637356
15.982839,0.8670778
16.99491,0.9026909
18.77922,1.1904259
17.388838,0.9365139
17.296305,0.9868412
17.935715,1.063097
19.607454,1.3704395
18.14594,1.0399818
17.023335,0.8842354
16.231903,0.8760481
19.527754,1.6422958
19.077436,1.2779961
17.090874,
17.80277,
18.57134,
17.710226,0.83281136
17.048222,0.9090996
19.787313,
17.467934,0.92131805
17.744503,1.0127563
18.76095,1.06213
17.70761,0.8695297
18.546148,1.1377392
17.191164,0.910038
18.442688,1.1602688
15.543138,1.0141487
16.61425,0.8790531
17.666552,1.0167866
18.302841,1.0931797
17.28865,1.2689734
17.840866,1.0146847
17.317623,0.91801834
17.443222,0.9526577
17.521597,0.9329872
16.320787,0.8844862
18.548038,1.038393
12.254356,1.2276497
18.66411,1.4188175
17.257212,0.9037323
17.501968,0.9289074
17.665718,0.97206306
13.79523,1.1707354
18.347801,1.0771332
17.216894,0.88342476
17.636236,
16.5438,0.90185547
16.311419,0.8899784
16.466934,0.87908363
16.9777,1.2604694
14.290341,1.1428814
15.007642,1.0934753
13.675952,0.2561159
17.955156,0.983572
19.206652,1.2955742
16.742344,0.8716297
18.031141,1.0197563
17.973577,0.9975643
11.368939,1.3096628
17.104572,0.89470863
16.903105,0.86619186
18.153822,1.0602875
19.605576,1.4649181
17.347466,0.95749474
16.206205,0.8398037
16.737297,0.87288284
18.276407,
16.764149,0.8650856
16.380512,0.8542938
19.585993,1.3703423
17.978617,1.0235138
18.411991,1.1183167
17.85676,0.98280334
17.727917,1.0297947
15.609018,0.97419834
17.603186,0.98122406
15.805015,0.9497433
14.799068,1.1250954
19.224045,1.2552834
19.148603,1.2161407
19.07959,1.289505
15.00487,1.1263599
18.47052,1.2084179
19.583157,1.375452
16.369238,0.84114647
17.980846,1.0723209
17.827555,1.0006943
18.467062,1.1335945
19.05463,1.244627
17.465534,0.951313
17.967485,1.1068707
15.238168,1.1037741
17.558653,0.9388523
18.536997,0.967247
15.980023,0.9017992
18.72195,1.1814461
17.29876,0.8685303
17.312675,0.9163799
17.994383,1.071043
19.824144,1.8310776
17.995771,1.0105076
17.2859,0.8968048
17.572786,0.9867611
19.91014,
15.39704,1.0554161
16.96912,
17.67957,
16.441376,0.85720825
14.368835,1.1313276
16.763311,0.9297943
17.722542,
17.444324,0.94200325
16.442232,0.85363483
17.492928,0.936718
13.2309675,1.2138805
18.592737,1.2657204
17.15889,
17.105019,0.91768837
16.769695,0.8784418
16.336243,0.82085514
18.346622,
17.112057,0.9828987
16.684664,0.9269085
12.431726,1.0453444
16.924429,0.8962879
17.299883,0.8974991
16.195528,1.0242596
16.419159,0.87055016
17.560457,0.92860603
16.334242,0.900156
16.454885,0.8696947
17.941977,1.0243301
15.500243,1.0505304
17.8058,
18.971739,1.1363811
17.385513,0.94122124
16.432875,0.83341503
17.59276,0.9963627
19.946003,
15.629895,1.001092
18.390696,1.0868778
17.691023,
19.345533,1.3198662
19.69689,1.0723305
15.614662,0.97769547
17.622149,1.1372356
18.350275,1.0986156
17.804527,1.0240307
16.75943,0.86737823
17.071053,0.89424706
17.199554,0.89084244
18.471817,
18.568464,1.2157707
19.915102,
17.40357,0.9268627
19.054895,1.3368607
17.85584,0.9961033
16.39434,0.8582182
17.224483,0.9110069
19.319607,1.3489265
18.64783,1.1555481
17.99903,1.0243015
18.445972,1.1160088
16.33314,0.8494358
17.89806,
17.330904,0.9123821
17.008366,0.901886
16.38111,
18.750221,1.1797256
17.65605,0.904562
16.342861,0.857111
16.60249,
18.35169,1.0901699
15.954874,0.89752007
18.890215,1.234005
17.65292,0.9339962
18.426523,1.1347694
18.315413,1.0884953
17.280466,0.9426136
17.689877,0.9646702
17.12569,0.9041233
17.943401,0.9982815
17.06142,0.9141464
14.854504,1.1046982
18.190699,1.0164165
18.326109,1.1572933
18.747562,
16.760187,
17.224764,0.8962803
17.927958,1.0786457
17.549467,0.94571877
19.122133,1.1609344
16.476587,0.86460876
17.214003,0.9003658
16.33979,0.8514576
17.389952,0.9203396
17.022343,0.9213562
18.66631,
19.568336,1.1324577
15.667572,0.96489334
16.08582,0.87359905
17.870602,1.0299683
17.306366,0.91981506
17.420183,0.9375973
10.765337,1.4703159
17.880304,1.013195
16.27581,0.8197794
19.878242,
17.657803,0.98968124
17.891455,1.0154228
19.00515,1.2639046
17.267956,0.9471512
18.900978,1.3125362
17.92955,0.9824619
17.792542,1.0462627
16.722538,0.93803024
16.558292,0.88158894
19.146214,1.1679516
17.33961,0.9594917
18.237103,
16.99457,0.98207283
15.83579,0.9330931
17.101515,0.8927784
14.476147,1.1305513
15.41245,1.0871716
16.80137,0.8816471
18.6809,
15.832852,0.6528082
17.030294,
16.479197,0.8446436
18.18483,1.0295715
16.08325,0.8813486
16.393456,0.9210205
16.07979,0.8481293
16.749197,0.9775467
17.146063,0.9962692
17.767082,
16.48164,
18.027756,
16.516146,0.89642334
16.519808,0.8797884
15.691969,0.90430164
13.337586,1.1835766
16.718182,0.9045801
13.685035,0.24469662
17.055696,0.9204674
16.259882,0.9035969
16.126732,0.87046623
16.106783,0.8664465
17.714674,1.0418358
17.517733,
16.58182,0.8433552
18.160328,1.0234146
15.406931,1.0467014
17.359495,0.85455894
17.330969,0.9447918
17.327394,0.91482544
19.391897,1.2427082
16.673897,0.87433624
17.807074,
18.313349,
16.919556,0.9295654
17.920416,0.9374676
16.033634,0.88722134
16.459667,0.85485744
19.21998,0.7006378
17.220612,0.851387
15.024792,1.1090555
19.406427,1.4849644
17.661469,0.9935074
18.92245,1.2903214
16.805305,0.8856869
19.54956,1.20331
18.255634,1.369339
18.899036,1.2194214
18.506475,1.1745071
19.275028,
13.794906,1.1785717
18.495176,1.2375336
18.195143,1.1025696
17.562693,0.9499397
18.544598,1.1119804
18.182941,1.0930519
17.623335,0.9647999
19.86867,1.6707706
14.927433,1.1224442
19.93682,
16.44691,0.8590107
17.567446,0.9580021
18.685257,1.1295681
14.769602,1.1281824
18.43525,1.1365852
19.328238,1.2968903
17.10805,0.889534
16.346832,0.9177742
18.062883,1.0449142
18.078917,1.0373173
19.358624,1.3039093
18.276876,1.0199814
13.713596,0.17926788
17.137075,0.89294434
18.0542,1.0362644
18.060282,1.0200882
18.084797,1.0604305
18.820591,1.1504307
17.829615,1.0235786
17.971577,0.99531746
16.429602,0.8648863
18.53828,1.1330395
17.97081,1.1609764
18.193031,1.0503025
18.819195,1.100811
17.279118,0.9268017
18.02738,1.0278282
14.5485115,1.1003408
18.261873,1.0749912
17.201157,0.90737534
18.87477,1.1861172
17.022018,0.8697586
18.94122,1.1333523
17.343958,0.93665886
16.867067,0.85352516
16.021675,0.85402775
16.491833,0.85230255
16.743353,0.8509407
16.118929,0.8386164
17.33329,0.98386955
16.345057,0.8428936
15.839784,0.8746834
19.124645,1.2447586
17.850801,0.98727036
18.201368,1.0517578
19.573442,1.3568764
18.740929,
18.249676,1.1073341
17.772066,1.04743
17.330566,1.0725288
18.140404,1.0534611
19.137583,1.3750744
18.51227,1.1599102
16.776186,0.8907871
18.716677,1.260994
18.029215,0.9728508
18.196087,0.90799904
17.839916,0.9704113
16.884857,0.85502434
17.635311,
16.939371,0.87781715
16.241806,0.84085846
18.80478,1.4488659
18.6211,1.1619225
13.049618,1.1989107
18.621277,1.1122055
17.525051,1.0147362
17.735806,0.86249924
18.20742,1.05023
16.998156,0.9318733
16.73556,0.84345245
17.454056,0.936491
16.704735,0.87812424
18.920399,1.2036991
17.860544,0.9889107
19.117636,1.336483
18.996935,1.2525082
19.698257,1.5687256
19.837017,1.5351295
17.707207,0.9786587
19.877016,1.5043106
16.170933,0.8708353
18.572628,1.1512909
18.262104,1.0594692
18.15743,1.0592709
16.25807,0.8466425
14.67607,1.1110878
19.128286,1.2112865
18.337841,1.0572186
19.699282,
16.841478,0.86141014
16.778683,0.8597622
17.652435,
15.078679,1.094882
17.779467,
18.482649,1.1308441
17.489584,0.95030403
16.744503,0.85866547
16.031958,0.86636925
18.53875,1.0866432
18.584415,1.1479492
17.239273,0.8951969
13.419372,0.2593994
13.888477,1.1596184
17.137009,0.87527084
19.055506,
17.216585,
18.2306,1.1669483
17.899958,1.022707
18.634447,1.0648994
17.032562,0.8102417
16.937208,0.85573196
16.5946,0.8690796
19.340286,
16.550219,0.8517437
17.614939,1.0623894
19.445621,1.3176079
18.294497,1.1073627
18.891764,1.2541924
15.9789295,0.90505314
14.4209,1.2352133
14.125393,1.1452074
15.860074,0.9224558
17.508898,0.72559357
19.59024,
16.788366,0.94672966
17.065865,0.89380836
17.235909,0.93754005
18.856058,
15.631929,1.0179071
17.685173,0.9501705
15.543011,1.0490837
15.8256645,0.9246769
16.194515,
16.585314,
13.319112,0.31460094
15.65926,0.9695244
16.525019,0.8544769
16.588251,0.8930836
15.531476,1.0186424
18.11058,1.0355263
17.856693,0.9824867
19.9143,
18.814486,1.2443485
17.900393,0.9859772
17.612162,0.92975426
17.464273,0.9456539
13.466245,0.27257347
13.879603,1.1642132
17.683407,1.0672741
17.534967,1.0395279
13.404525,1.2021112
18.98118,1.2785997
16.220509,0.87288666
19.746346,
18.55138,1.1785717
18.11962,0.97545433
18.170141,1.072689
18.494144,1.1580238
15.628801,1.0177298
16.89409,0.895977
17.094044,0.93330765
19.457987,1.3127537
19.935394,1.444521
17.57202,0.96866417
17.588705,0.99281883
17.861204,1.0125847
17.33177,1.0254536
17.75703,0.8892975
17.638657,1.0723972
16.777378,0.8309574
18.147343,1.0114098
17.413338,0.90307236
19.434587,
17.742159,
18.233114,
19.44171,0.9916477
18.95342,1.2441425
18.040722,0.95798683
16.1532,0.85900974
18.917274,1.190237
17.895554,0.95729446
16.756487,0.8350277
14.69799,1.0857363
18.52979,1.2133331
18.297386,1.0823593
16.719131,0.8994732
18.306408,1.0410252
17.328693,0.98565674
16.346092,0.863348
16.033182,0.85473347
19.719503,
18.016579,1.0905247
12.211925,1.2781181
16.412731,0.93602085
16.27648,0.92898273
11.091217,1.4049263
17.387833,
16.643478,0.88238525
17.613699,
17.562174,1.1597595
15.517103,1.0180864
18.495663,1.0678387
19.01957,1.2097301
16.415308,0.8798275
15.667927,0.99700356
12.64339,1.2373915
13.679857,1.1624622
13.698429,0.32891273
16.43882,0.9036722
17.128305,0.74184227
15.493658,1.1029329
17.932096,1.0392609
17.721113,0.8687496
17.216944,0.9324589
17.925974,0.9578438
16.59226,
17.168062,0.906868
18.242924,1.046566
19.15989,1.3054695
19.116266,1.0405712
14.639753,1.1132812
17.37542,
15.915015,0.93384933
14.383144,1.1505365
16.069574,0.89119434
14.472627,1.1397667
19.89306,1.3769035
12.193237,1.2874918
18.803955,
18.051096,1.0798302
19.373718,1.2734108
19.614508,1.5330505
17.23938,0.9143276
18.013243,1.0589981
17.334764,0.9424248
16.050213,0.86238575
11.534018,1.3625002
18.296583,1.1004391
18.523064,1.1248894
18.83162,
18.921978,1.3111267
15.920247,0.9094553
12.769588,1.240962
18.70124,1.1601925
17.467562,0.9551029
19.98074,1.4946823
19.305296,1.2464161
19.765509,1.3061638
16.750212,0.8764515
18.693705,1.164156
18.45257,1.0970135
18.716654,1.2490807
18.789083,1.2313938
17.73114,0.98545074
17.686594,0.9751835
16.741243,0.8627262
18.657225,1.1087589
15.5727215,0.99980164
17.37328,0.9236603
13.106641,1.2100086
17.23849,0.9020958
15.777957,0.9378834
16.945461,0.87775993
16.273216,0.86586666
17.303814,0.9256325
15.944991,0.89682865
17.571661,0.9368763
18.526997,1.2080898
16.46798,0.8614855
19.933668,0.73127174
18.340132,1.0807858
18.334206,1.042944
17.257702,0.9146023
15.208975,1.0826492
18.297897,1.0251656
18.531572,1.0755978
18.90373,1.2122955
17.321978,0.91918373
19.803741,
16.685003,0.8501644
15.996128,0.8922205
17.442587,0.94145393
16.29821,0.9147587
17.983053,
18.853024,
17.604462,0.9305153
19.104145,1.2440224
17.412163,0.9574585
18.600712,1.0236225
18.458021,1.3399124
18.888151,
18.220156,
15.864984,0.92156315
18.969393,
15.452613,1.0408449
18.270323,1.1760159
17.334091,0.83823586
17.621859,
17.736412,0.96738434
15.791899,0.8776808
15.791516,0.99666977
12.2491455,1.2815733
13.509338,0.28291607
18.384836,
16.903044,0.8766527
16.873583,0.87437534
13.636872,0.24156284
16.631657,0.93490887
17.428186,0.8731899
16.92481,0.92658615
17.993765,0.96227264
16.30465,0.8524227
19.12245,1.3546906
16.956562,0.9106884
18.332853,1.0613995
18.128565,
17.155708,0.9135189
17.061745,0.928133
16.844315,0.8923359
16.763205,0.85744476
18.649654,
17.297527,0.9269905
18.103107,1.0256653
19.100744,1.1319466
16.908123,0.9130173
17.562862,0.99858093
17.458553,0.9349518
16.881186,0.87571526
18.620546,1.1713848
12.148172,1.3025198
15.502882,1.0333958
17.657776,0.89839363
17.9,1.0029888
16.226566,0.8793192
17.266972,0.9214077
16.403706,0.8494539
18.620834,1.2527885
17.844316,1.0265656
17.73576,1.0011044
14.971642,1.1138353
17.822739,0.9748421
17.970737,1.0106583
15.095845,1.0829763
17.75759,0.9899006
16.550276,0.88798714
18.227055,1.0396214
19.182737,1.2772598
19.531353,1.3455887
16.716805,0.94605064
18.55572,1.1463242
19.332815,1.3908997
17.262928,0.9228153
17.63289,1.0249863
19.529175,1.3760262
18.702257,1.241642
19.488459,1.4100361
15.266489,0.99801636
16.917469,0.8907833
18.151766,1.0261993
17.355122,0.93548965
16.784536,0.905653
13.585033,1.1973858
17.873621,1.0229588
18.64939,1.1927814
17.903973,1.0064373
19.224415,1.3393002
18.771778,1.2248116
19.542717,1.2999554
17.474348,0.9519901
19.611177,1.27672
19.264095,1.0819836
13.523331,0.2824707
17.74959,1.0034122
15.100897,0.4942484
13.799916,1.1875601
18.796572,1.2367153
18.568747,1.1366844
17.310352,0.91049767
18.641788,1.133501
17.940395,1.0159779
18.342419,1.0901127
18.593721,1.138916
19.392925,0.9330883
16.613264,0.88264847
16.284327,0.8654156
17.283186,0.93671227
18.691132,1.1374836
18.428183,1.1142979
18.015703,1.1232586
17.212488,0.91482735
16.419998,0.8577204
19.828281,1.4775162
16.617847,0.86177635
18.771418,1.1789513
15.970316,0.89228725
14.969918,1.0785637
18.296938,1.0706444
19.764227,1.2873516
17.420906,0.902483
18.342562,1.0896358
18.381283,1.1103859
15.690768,0.9380264
19.702118,
16.029207,0.8427658
18.305544,1.0980549
18.875961,1.2372322
18.592714,1.146862
18.07937,1.07687
18.887075,1.1352558
17.854319,0.9899235
16.057083,0.87157154
18.049482,1.0265675
18.854511,1.23983
19.788134,1.6006241
19.449175,1.3676624
16.55354,0.8674221
17.014446,0.8646946
19.502745,1.4143276
17.30423,0.89513016
17.754963,0.99669456
19.07722,1.2760925
17.442705,0.9319458
13.369188,0.28870487
18.684221,1.2251015
19.340271,1.2658863
16.949049,0.8907051
18.875416,1.2140884
16.89868,0.8934841
18.082636,1.0299091
17.752443,0.9823246
16.10747,0.8833561
15.746325,0.948514
17.345778,0.9180889
19.388506,1.232048
17.04828,0.8848877
17.671387,0.9955101
17.681906,0.978878
19.055079,1.3391418
18.42336,1.1029739
18.210676,1.1315613
16.758965,0.9099922
16.194914,0.8168974
17.841536,0.9475517
17.051336,0.86982346
19.789076,1.5461636
18.723686,1.1075993
16.71489,0.8670025
17.80667,0.9524441
17.020445,0.86343384
17.777632,0.9509678
16.38013,0.83297825
19.14756,1.3236675
19.43227,1.3119564
11.23176,1.3727179
19.185345,1.1701488
18.150805,1.0216427
18.142807,1.0637379
19.966873,1.722229
19.358377,1.3984871
18.138784,1.007927
16.679386,0.8618355
17.747503,0.9816456
17.7931,1.0019703
17.356966,0.9827461
18.801695,0.9694233
17.21849,0.90670395
17.267065,0.9108372
17.421377,0.9185295
19.165247,1.3097229
15.922745,0.8612728
18.233406,1.1233616
18.554583,1.156807
18.998623,1.3533878
18.381042,1.1345577
19.614798,2.0461178
18.761711,0.7853794
17.396238,0.9355221
16.42982,0.8414793
17.699186,0.9523277
18.370092,1.052475
17.537998,0.9328022
18.610641,1.1218128
19.27885,1.2359085
16.79174,0.86922646
17.42261,0.89775276
14.563361,1.1320162
15.745829,0.92422485
17.376753,0.9405575
19.083036,1.2698059
18.391989,
18.691286,
17.049265,0.9853668
16.186499,0.8493118
18.667225,
19.085644,
18.072426,0.93219566
18.016476,1.001255
15.774941,0.9027605
16.547178,0.8067131
15.559982,0.9993353
17.878075,1.0016956
18.693869,
16.496195,0.87773323
19.820862,
17.848263,
16.433575,0.91919136
18.31818,
18.102842,1.0138187
16.228643,0.87082005
17.44388,0.94314384
13.858031,1.1727581
16.85553,
16.171324,1.0086117
16.908884,0.86536026
19.64321,1.4235382
16.78794,0.86346817
17.87459,
18.474472,
19.181347,1.3165627
19.36394,1.4287701
16.364801,0.8682327
16.896507,0.89896965
17.322893,0.9302139
18.75279,1.196804
18.167091,1.0716076
16.239067,0.87068653
19.195858,1.2608871
18.486324,1.0766869
16.227297,0.86358166
16.842186,0.8810978
17.58878,0.95560074
13.131667,0.35880756
16.888065,0.91612244
15.850085,0.9421406
17.713047,0.9727688
18.874758,1.2744274
17.481995,0.93860054
18.26526,1.1127129
19.911383,1.6095905
19.560621,
16.842152,0.87280846
17.514973,0.92017365
15.734084,0.9487524
16.805836,0.8677769
18.352608,
16.44635,0.85925484
18.532858,1.195404
18.102577,
15.338683,1.0556545
15.543693,1.0089521
18.989058,1.0797062
16.421894,0.83928967
16.30771,0.87100697
17.703743,0.8906441
16.355938,0.87411594
15.540177,1.0121479
19.413769,
19.57702,1.0935268
19.329918,0.9082546
16.721033,0.84449005
17.166178,0.89307594
17.521523,0.8805866
15.630959,0.9488096
17.923561,0.9059162
18.209036,0.9818649
18.46778,1.0761681
17.947592,0.86206436
17.8587,0.9653206
17.871159,1.0119534
18.7355,1.0718403
16.88311,0.89263153
17.950575,1.0351219
17.686213,0.9760437
17.535992,0.93273354
17.824734,0.9604435
17.012945,0.8693962
18.033503,
11.734228,1.3311319
18.169046,0.7795334
14.4124365,1.1188688
16.274687,0.837677
16.93681,0.8594971
18.014874,0.9899292
13.853028,1.1524363
15.741783,0.93830204
12.1796,1.2885103
18.823908,
18.474062,
16.568388,0.8785038
12.828995,1.2235012
10.549574,1.4963102
15.512446,1.3936338
16.433624,
16.628996,0.8841877
17.718275,0.44464684
17.918262,1.0271358
18.448164,1.0730228
16.517227,0.8680725
17.91257,
17.441015,0.9321537
17.567526,0.9905071
16.749372,0.77521896
17.063986,0.9593601
17.428465,0.91812325
18.375235,0.985363
16.975317,0.91646576
16.049358,0.85837936
17.98021,0.9661045
15.93745,0.88128567
16.399511,0.8725233
15.755681,0.9516134
17.71138,1.0397663
19.441404,
17.601553,1.0395203
18.637756,
16.700748,0.84145164
18.231396,0.95266914
17.940018,1.0180492
17.005863,0.91396713
16.627335,0.8820915
16.4186,0.8569689
17.779303,0.97933006
17.241991,
16.567211,0.87119675
19.074682,1.4547367
17.083979,0.91181374
17.790642,1.0383282
16.709454,0.84991646
19.119705,1.1061497
18.777527,1.24687
18.537716,1.142807
18.288042,1.064434
18.284662,1.1581421
17.414831,0.9400692
13.767365,1.168582
18.179363,1.0112476
18.90725,1.208046
18.839548,1.1295261
17.335846,0.91436005
16.001163,0.86463547
18.122507,1.0551033
16.641005,
17.417175,1.0491486
17.681803,1.0937862
18.234695,
19.455408,1.3289337
18.141155,1.0766869
18.416368,1.1020374
17.611523,0.94075394
18.957024,1.2426453
17.538498,0.9510956
18.033716,0.97587776
17.49118,1.0128746
17.815948,1.0019741
17.621866,0.9995289
18.59257,1.1841545
18.691515,1.274292
17.115341,0.8879738
11.990104,1.3170719
16.708782,0.89585304
18.65826,1.1872177
18.47366,1.1015091
19.894342,1.4173775
16.864883,0.8637886
19.82784,1.716032
15.24256,1.0790634
17.673552,
15.011169,1.1218824
16.408905,0.8724308
17.508133,
16.228584,0.9595995
15.977964,0.95358753
18.18059,
17.19671,
18.030632,
15.61039,0.86890125
15.858223,0.9368677
16.892506,0.8882446
17.930737,1.1878166
18.112526,
17.75489,
13.580465,0.29494572
16.606476,0.9041071
13.903492,1.1534519
17.912666,
17.72481,0.94797516
17.034487,
16.362614,0.83540726
16.062737,0.8713198
19.765587,1.4154663
18.095388,1.1400032
18.897348,
17.530079,1.0507812
18.208698,1.0594807
18.999058,1.2785301
19.019558,1.8384914
17.181831,0.9187393
18.066662,
17.105738,0.87791824
17.11642,0.90315247
15.606632,0.9965172
17.565987,0.92713356
18.06078,1.0398693
16.628128,0.86071396
13.042184,0.35184002
14.714219,1.1340799
18.514082,1.1752815
17.708534,0.968132
18.122463,0.98775864
18.197742,1.0607338
19.110102,1.3344612
18.360107,
17.128645,0.93201065
16.463112,0.86184216
18.399479,1.1056156
19.576117,1.3354511
19.464937,1.2454147
18.719387,1.2578621
17.874718,1.2303162
17.62039,1.0226936
17.624136,0.96606255
16.817142,0.8797703
17.883116,1.005209
16.818302,0.87940025
17.612947,0.9644699
16.440323,0.8700409
15.723088,0.9661951
17.63226,0.9318619
19.48651,1.3780041
18.61047,1.1473255
18.638283,1.1829033
19.608313,1.4527531
17.88905,1.0377789
14.748202,1.1699181
16.43805,0.8661957
13.6008415,1.198988
18.00017,0.9848881
18.49581,1.1779232
19.382462,
16.422176,0.89054394
17.99265,1.0242443
18.756117,1.1711063
17.712362,0.98719025
16.644957,0.9009514
19.67929,1.0127926
17.287895,0.9473591
17.30077,0.9453163
16.86966,0.894577
16.512173,0.89875793
17.849304,1.0059319
17.637894,0.89769363
17.936094,0.9780979
19.087044,1.2488174
14.4656105,1.1474743
18.885086,1.2874107
18.661001,1.1179504
18.528662,1.1492653
17.554747,0.9392376
17.926798,1.0123787
18.924809,1.1601791
18.559452,1.176321
15.499439,1.0211201
16.828812,0.87265015
18.165598,1.0452061
18.512522,1.086832
19.462206,1.3906479
16.731026,0.8693638
16.236,0.8571987
17.366098,0.9128399
18.215136,1.0358047
18.613113,1.1674271
17.8331,0.97003746
18.982182,1.1968422
16.417315,0.83649063
17.576662,0.92713356
19.806465,1.279335
17.462889,0.9006195
18.199286,1.0571194
18.076645,1.0289536
18.30243,1.040659
16.244806,0.87658215
17.053314,0.8897152
18.553608,
18.932775,1.2049026
19.306728,1.3449726
16.791773,0.86284065
17.258293,0.9000168
17.71928,0.958725
18.075586,0.97433853
18.31791,1.0648155
17.805485,0.998476
16.848475,0.8858814
18.222843,1.0645885
18.39176,1.1012936
18.474443,1.0838242
16.4831,0.8768244
16.599703,0.8736954
16.233702,0.87002087
19.501808,1.455225
17.769104,1.0074234
19.417677,1.4143696
18.95763,1.2619228
14.45277,1.1388569
16.834387,0.91244507
16.356035,0.864666
18.947006,1.2474308
19.109104,
17.711182,0.9455967
12.87215,1.1964779
17.501377,0.9134388
17.941648,1.0109482
19.183245,1.3054848
15.546942,0.9818945
16.541492,0.84688187
18.753525,1.616251
17.922134,1.0081253
16.902056,0.88402176
18.15203,1.0538769
18.268036,0.99939156
19.654022,1.258976
18.765024,1.0905113
19.421236,1.438034
19.129282,1.2101059
18.203707,1.037672
19.842817,1.5167751
18.551247,
18.801517,1.1447659
17.26781,0.8959656
18.516941,1.0942059
16.544073,0.92020035
17.536758,0.91936684
17.907423,1.0013065
18.17622,1.0023499
14.84875,1.1117353
18.17641,1.0860577
17.484957,1.0200062
19.34806,1.7393475
17.00128,0.87044525
16.232317,0.8687458
13.542491,1.1834326
17.131512,0.95054436
19.14091,
18.630945,1.0689716
16.571497,0.8593941
18.014729,
18.085533,1.0989399
17.587069,0.9745598
17.178122,0.89320564
18.700596,1.1068401
17.052496,
17.995302,
17.658167,
17.982615,
16.260511,0.86914635
18.181877,
16.728962,0.89964485
16.669245,0.9402447
18.917887,1.5637589
18.816475,1.1990662
16.985373,0.84976196
16.560333,0.84546375
15.855641,0.899662
13.585879,1.16224
16.886572,1.5268736
17.560932,
17.471441,
16.121021,0.9945755
14.735838,1.123518
17.126467,0.9028568
17.781092,0.9815979
18.269825,1.0472641
19.502737,1.4891987
19.58973,1.3744564
14.645622,1.1198578
14.499995,1.1511135
17.329748,0.97834396
19.896618,1.5046158
16.562447,0.84472847
12.825939,1.2299957
16.350103,0.8662958
18.94745,
18.400139,1.0679455
19.931316,
15.901796,0.88005924
18.109394,
17.757433,1.0168514
15.916661,0.9234247
17.578808,0.95838547
18.359617,1.0722904
17.184032,0.92738533
17.248333,0.9446659
16.566063,0.8504734
17.616411,0.99869347
19.03096,1.3338604
16.57691,0.86130905
18.13251,0.9260063
18.426102,1.1369076
17.620247,0.98129654
14.070925,1.1672506
17.51624,0.9658146
18.096802,1.0450115
17.439302,0.9309578
19.03954,1.2698479
19.653751,1.4557362
18.375988,1.1507587
17.287693,0.90623283
16.227026,0.88363457
19.400978,1.3967228
13.435447,1.189373
17.8512,0.9274292
16.968567,0.8890743
14.94173,0.46858692
18.60558,
14.033684,1.148201
17.273499,0.92321205
18.175394,1.0445786
18.64583,
17.234251,0.9151802
17.178045,
11.740006,1.3231144
16.926645,0.85905266
14.12355,1.1619978
17.480133,0.98910904
18.393822,1.1044083
16.591297,0.8867893
17.600765,0.9436245
19.194138,1.3957787
18.289017,1.0656548
17.803495,0.99417496
11.479084,1.3585072
18.930935,
16.928186,0.8774719
17.193108,1.013443
17.306417,1.0999413
17.20363,0.90047646
17.656876,0.98999596
15.950735,0.8899336
16.172485,0.84543705
17.494839,0.9625702
17.942127,
18.042284,1.1122284
16.559813,0.8917589
16.777773,0.9053097
16.667727,0.8542347
16.19021,0.8326225
17.109783,0.8991928
18.82816,
16.968117,0.8813286
17.781319,1.2070541
18.71358,
17.510166,0.897562
16.529741,0.7935238
15.89855,0.9100752
17.840227,
16.239166,0.923316
18.333117,0.8636551
16.25876,0.84399223
16.347698,0.92406845
16.315796,0.8690653
18.213512,
16.488827,0.8711996
16.980665,0.86369705
16.391214,0.86101055
18.9748,1.1995792
17.750954,0.96928215
14.13725,1.1676483
19.064318,1.1687679
16.823668,
16.370596,0.8865948
17.606192,0.9680538
18.724934,
17.25383,0.9250622
19.13178,1.3116131
16.536175,0.88143635
17.62891,0.966547
16.265278,0.8596163
19.282011,1.3564415
17.419683,0.9343281
15.604196,1.0054083
17.628244,
18.80761,0.96767044
19.859707,1.3319969
17.56403,0.9715748
18.476965,1.1510868
14.996182,1.1058073
18.182793,
16.525171,0.8535433
18.091408,1.0200729
18.660446,1.1695557
15.996374,0.9046421
17.74826,0.9734287
14.726914,1.1216955
16.835907,0.88770485
14.0825405,1.1392622
19.082539,1.3363953
19.78302,1.5506325
18.369045,1.0854359
17.791954,1.0083141
18.309944,1.1164951
16.722559,0.8787918
19.638979,1.3671875
19.841566,1.4785156
17.585419,0.93574333
18.391775,1.0677166
17.959421,1.1627789
17.630909,1.004036
16.573496,0.9322758
16.631525,0.8470135
18.853535,1.2839622
17.982811,0.9554596
19.041777,
19.300426,1.3327808
14.155051,1.1338186
15.707853,0.93520737
19.405052,1.3326702
17.249043,0.9359112
16.816748,1.0035648
18.65491,1.1691208
17.422657,0.8854866
17.307678,0.90519524
16.683048,0.8619213
13.725414,1.1778355
16.697727,0.87529373
17.904608,1.0771561
18.66159,1.1468182
18.139915,0.75961304
17.991173,1.1123047
18.059618,1.0390663
18.207806,1.0699444
17.736153,1.0245991
16.985815,0.88897514
18.65911,1.1669254
17.963049,
13.67525,0.23074722
16.72576,0.78415394
16.275057,0.86383724
19.988914,1.491333
16.906437,0.88848495
15.7667675,0.93263817
16.124859,0.8585901
16.906363,0.8928509
17.911554,1.0851822
17.526463,
17.90124,0.9991112
17.796173,0.9530468
17.492567,0.90984917
18.346432,
18.58402,1.1714935
15.61908,1.0410709
16.178696,0.8510046
16.417053,0.93525696
18.158205,0.92684364
16.603369,0.82984257
18.917524,
17.036999,
17.766064,0.9808693
19.177319,1.5191555
18.176125,0.9204426
15.615394,1.0151844
14.766077,1.0593519
16.318018,0.8692608
15.690396,0.9706726
16.784876,0.875556
16.914295,0.9168606
19.7174,1.0143242
16.95705,0.889061
13.528442,0.2463789
18.23883,
16.423347,0.91974735
18.112219,1.1081867
19.61986,
15.634963,1.0001659
18.742792,1.1780281
18.532019,1.1039238
17.054893,0.8918495
19.108953,1.218441
19.422506,
17.979933,0.91209984
14.891808,1.112854
17.730663,
15.729397,0.9563408
18.41002,1.0620098
18.902443,
18.400414,1.2298603
16.65657,0.885849
18.16499,1.1823502
16.40075,0.8739052
17.066551,0.89945793
16.335613,0.882884
15.989436,0.8733702
16.54995,0.84298134
18.828026,
15.06352,1.1150217
17.919556,1.0102997
16.502804,0.8516197
16.115099,0.86752224
17.531263,0.9582405
16.528585,0.8669567
17.041903,0.9067688
15.7992,0.9309912
18.196602,1.1460247
17.700542,
16.856483,0.919157
18.194103,
16.99365,0.89155006
17.497538,0.9325123
18.457987,1.1433086
17.199188,0.92227364
16.473593,0.8917475
15.829662,0.9433212
17.161413,0.936512
19.790565,1.5795326
16.78994,0.8509283
17.15099,0.92674637
18.915688,1.265091
19.759426,0.971529
17.167763,0.87353516
15.958458,0.85642624
16.0884,0.7685404
15.486459,1.0305433
17.329044,
15.159052,1.0555334
16.19983,0.85608673
16.81246,0.86157227
17.49195,0.9162617
18.359993,0.9464359
16.64234,
19.265612,
17.217735,0.92486
13.95702,1.1669941
16.108349,0.8905401
17.204332,0.8983307
19.830044,1.5056801
15.885978,0.8907471
18.267912,1.0845909
18.204517,1.0400505
15.898369,0.93190956
19.400545,1.3018723
16.803474,0.8682766
18.395565,1.1867409
18.485878,1.1226788
18.919254,1.2165413
16.17922,0.8661995
18.393747,1.0932598
18.69745,1.1772518
18.994425,1.3087921
18.829554,1.1687794
17.742908,0.95103264
14.316098,1.1009321
18.5626,1.1240711
18.841011,1.0962963
18.82107,1.1823978
16.537504,0.8434677
19.477453,1.3360863
18.958855,1.2419682
17.530605,0.9381275
16.888327,0.8441639
18.46847,1.0790558
14.637919,1.1216946
18.858034,1.2294121
17.520603,0.95217514
18.504084,1.1389427
18.912472,1.2536583
17.919611,0.99554634
18.054699,1.038084
16.446806,0.8721266
17.293514,0.9492016
19.326925,1.4281349
18.456713,1.1218281
18.694176,1.1621704
19.804407,1.4489079
14.319012,1.1162233
16.851557,0.883976
17.355322,0.92573166
17.60671,0.9721489
19.58939,1.278244
17.918768,0.9549122
18.69668,1.1904659
18.583996,1.1523781
19.888355,1.1821461
19.461576,1.3577976
19.699324,1.014473
19.417522,1.4770908
17.31237,0.8837662
17.832623,0.9770279
19.99273,1.6260395
17.517035,0.93040276
18.646755,1.198
16.16484,0.82663536
16.527939,0.8398819
18.180616,1.0380039
19.565018,1.3103924
19.784697,
18.607372,1.1871662
14.923192,1.0947552
16.421896,0.8405304
16.962736,0.9172554
18.842693,1.3892384
17.549997,0.9602299
14.872221,1.1285925
17.291555,0.8968296
17.526756,0.9671211
16.92427,0.8705597
17.385223,0.9417896
18.868021,1.2297764
19.665663,1.4396133
18.12059,1.0492611
18.892859,
17.147348,0.8934803
17.621862,0.9389324
18.928478,1.3574657
16.474953,0.8415499
16.697773,0.8568821
16.477856,0.8649187
19.014359,1.4276562
18.767231,1.1207714
17.121935,0.89567184
15.255596,1.0690498
18.215223,1.1318874
17.408947,
13.402556,0.28311348
17.772356,0.9886284
18.443981,1.1650352
16.028475,0.8914547
19.612413,1.2205582
19.758173,
19.206387,1.2296734
15.624556,0.9754057
19.09036,
17.29632,0.8969021
19.448486,1.1881046
18.166939,
13.248711,0.26715183
17.935972,0.98646545
16.91361,0.86834145
15.707425,0.9216261
18.41991,0.8428421
18.498743,
17.82955,1.0201702
18.107939,
13.738992,1.1544571
16.975319,0.91736984
16.613556,0.8520546
18.758993,1.1351223
16.688316,0.9976311
10.777186,1.4213543
15.44128,1.034195
16.298409,0.80827236
13.227397,1.207551
18.62305,1.102478
18.74818,1.2313099
16.677795,0.8618183
18.49017,1.1055374
18.793726,1.1732311
16.610903,0.8758354
17.949118,1.005352
16.800592,0.88674164
16.425615,0.88570213
16.049822,0.86506367
18.497469,1.119381
18.58867,1.079401
17.602129,1.0032406
19.910309,1.4602871
15.547948,1.0367365
17.264269,0.94914436
17.62523,0.9881706
18.67439,1.1626759
18.424105,1.1289215
18.983044,1.4497471
14.753594,1.1219244
14.51323,1.1194382
17.859932,1.0016232
17.250637,0.91596985
12.306697,1.2835159
17.986923,1.0352192
18.25469,1.1104412
18.300674,1.0999622
18.497969,1.1100063
16.400263,0.85664654
17.862856,0.9936981
19.557667,
18.944366,1.1911812
18.116222,1.141758
19.534885,1.4679546
18.584133,1.1025276
16.408642,0.8750906
17.536589,0.9446888
15.917705,0.8975725
19.501097,1.3473072
16.961498,0.88321495
19.367912,1.2933025
16.153522,0.86737823
16.61246,0.88404274
17.928705,1.0074196
17.72092,0.96834373
15.880495,0.8965874
18.580137,1.1713028
15.719318,0.9677992
15.556857,0.8839474
18.273098,1.2135277
17.55791,
16.7117,0.92653275
18.26355,1.0498505
17.115646,0.8978176
17.515087,0.9256153
16.187859,0.8748989
16.502184,0.87647724
16.212595,
18.320183,1.0800514
18.122505,
17.536842,
17.199524,1.0222111
17.420933,0.93684006
17.293549,0.92324066
16.769798,0.8728981
16.991434,0.8888626
17.233854,
17.895458,0.8686733
16.908255,0.7339735
18.719978,1.006176
18.151484,1.2273979
17.602182,1.0049915
19.716381,2.4429169
16.891638,0.9316368
16.126585,0.89063454
18.089148,0.9565716
17.901014,
16.469717,0.8367033
16.459682,0.98302937
16.08362,0.2633934
15.380285,1.0570297
14.861093,1.0901766
11.468475,1.2979345
12.125022,1.290803
12.382115,1.2678595
15.614273,1.0022869
16.017607,0.8276739
17.589552,0.94836044
17.513424,1.3112106
17.372646,1.0196457
15.694571,0.9457216
14.949558,1.1086206
17.718815,0.947628
17.29255,0.90828323
15.809886,0.89152145
16.814043,0.95635986
16.302313,0.82363605
18.384262,1.0834827
16.74212,0.89995575
19.397259,1.0985775
18.749325,
18.453123,
17.112436,0.9160061
17.422215,0.94971085
15.440897,1.0758514
17.933191,1.0783482
19.39212,
18.846813,1.2465687
18.576134,1.1805916
16.862988,0.8810253
19.13008,1.4090538
16.443483,0.86266804
17.108864,0.9105797
16.7657,0.88150406
18.592648,1.0671463
14.918717,1.1195431
18.797234,1.2356663
16.910482,0.8976383
18.058891,1.0729733
16.210438,0.863554
16.968178,0.87714386
19.165462,1.2752666
16.842764,
19.697542,1.5206013
18.720753,1.1484051
18.137007,1.0331497
17.650885,1.021761
16.51505,0.87062645
16.364939,0.8906927
17.633558,0.972311
19.44549,1.6134815
17.20479,0.8812504
18.547764,1.1761703
17.087057,0.92079926
18.108484,0.99749947
17.016968,0.8889313
17.629421,0.93463707
14.82941,1.112339
16.630938,0.8403549
17.253431,
16.502483,0.8906603
18.417612,1.1082268
17.76274,1.0208416
18.78325,
17.927866,1.1996536
18.593718,1.1236668
16.565605,0.8791704
18.767384,1.20471
18.663382,0.9349365
14.710418,1.1233788
17.850616,1.0066338
19.237516,1.3715744
19.463524,1.3671494
14.481458,1.1490078
17.148647,0.9346428
18.927599,1.1404381
15.946452,0.91862106
18.11517,1.0832405
17.835875,0.9570885
17.786665,1.010519
18.510365,1.1462231
14.256944,1.154664
16.518745,0.92249584
19.595089,1.3722134
17.35929,0.94081306
15.491863,1.0368319
17.26931,0.9033127
17.853895,1.0538654
14.956611,1.1152973
17.785309,1.0749397
13.097233,0.31724644
16.45441,0.8520012
18.789074,1.2869873
16.656563,0.8748665
17.713583,0.87552834
17.462538,
16.152573,0.8739052
16.512962,0.85094833
18.601044,1.3727741
17.519588,0.833374
17.372107,0.99242973
16.849508,0.947279
17.198994,0.9325161
16.013088,0.9434376
18.738182,1.0542221
16.333273,0.8317232
17.635674,0.9123783
16.662804,0.8840866
13.396927,0.25706387
16.584564,0.9032097
16.597382,0.86161613
13.072686,0.3990717
16.285414,0.87827396
16.890863,0.876194
17.812267,0.9422016
16.446873,0.9433012
17.073444,0.9115429
12.6720295,1.2297897
17.452347,1.0292549
17.323252,
13.679941,1.1814842
16.17161,0.88845634
18.020336,
17.319706,0.9101639
16.214432,0.8159723
17.53936,0.8986263
17.386839,0.8895378
17.190784,
13.602244,1.1733551
18.08244,1.0229588
17.92647,0.97626114
19.216846,1.3836765
17.09904,0.96990967
17.425858,0.98311615
12.046986,1.1886244
17.36475,0.93924904
17.062653,0.93496704
17.066055,0.8882885
16.82499,0.88033676
17.50025,0.9307556
19.06736,1.2825432
16.546118,0.8603687
17.616907,0.97767067
17.597328,1.0197487
18.667227,1.1367893
13.753811,0.20006084
17.579395,0.9559593
19.913357,1.5546207
17.852385,0.99237823
17.678564,0.9326649
19.69849,1.5342312
17.051836,0.91716576
19.779366,
17.588345,1.0791435
17.066925,0.89850235
19.166153,
17.414501,0.9908447
17.844149,0.92991066
17.752441,1.0107765
19.423695,
17.73236,0.92593
18.358135,1.0886326
16.594816,0.8871765
19.794035,1.3953972
14.735539,1.127079
17.186752,0.9310322
16.9017,0.88097954
18.719023,1.0758514
17.436914,0.95729446
17.692503,0.9728546
17.119059,0.9175892
14.69197,1.1189728
18.615026,
17.376917,0.95342827
17.795776,0.95969963
11.988591,1.3178005
16.715654,0.8315048
16.49201,0.8426714
19.336557,1.3877411
17.17455,0.89394
17.141472,0.9252205
17.574125,0.9706001
17.088766,0.9125061
19.00046,1.0312195
17.951754,1.0286846
18.11568,1.0588799
19.74967,1.4206333
19.519817,1.4089565
19.841768,1.6399212
17.72468,0.9859009
17.433619,0.9240627
18.41375,1.1053429
19.300535,1.137619
15.690129,0.9115553
17.306612,0.9055157
19.844286,1.484972
19.174145,1.2957897
18.512472,1.1370621
19.296188,
17.750744,0.9507656
19.233221,1.2557735
18.232866,1.0022755
19.173027,1.2095203
18.25128,1.0701828
16.839462,0.8700943
19.07872,1.4655132
16.654045,0.87838364
19.21362,1.3446083
16.668907,0.8535595
14.977987,1.1150188
18.555857,1.183733
17.650587,0.9789448
17.12243,0.9477196
18.667856,1.3441181
17.992373,1.0088348
19.04606,1.2416744
17.690355,0.9838047
19.242458,1.2511139
18.155552,1.0342579
17.05335,0.89678
17.85589,0.95733833
17.128721,0.8685188
19.723206,1.3643208
18.959734,1.0976219
15.890428,0.8631525
16.501265,0.849596
16.72292,0.8467369
17.05905,0.8886833
17.229473,0.8963165
17.303595,1.0794048
19.201681,1.2674923
18.945337,0.46842957
18.388083,1.2136993
17.307863,0.9006424
17.186922,0.87174416
16.497995,0.84778404
18.274715,0.913044
18.502075,1.1039524
19.602339,1.3511639
19.90872,1.0924263
18.71818,1.1817551
19.45618,1.3422108
17.651855,1.0304718
17.657654,0.92577934
18.642788,1.1263943
16.21796,0.8422947
19.31302,1.316742
15.563397,0.99121
18.634098,1.0780983
17.362164,0.89834213
17.805706,0.9445896
16.914217,0.9765892
15.604745,1.0100813
17.267887,0.8936863
18.605087,1.1354389
17.604233,0.9284706
17.23768,
18.246473,1.0357761
19.111547,1.2388458
18.524317,1.0875874
17.4494,0.91973495
16.389708,0.84683895
17.622374,0.92671776
16.384136,0.8802366
18.915155,1.2050514
13.00329,1.2049007
18.35141,1.1030426
14.662873,0.32949924
17.390186,0.95581055
16.475538,0.9259739
16.370451,0.8587141
15.940224,0.86164665
18.869217,1.1590767
11.029315,1.414813
16.455793,0.8902397
16.132124,0.9107046
17.968306,
16.75108,0.887146
18.039646,0.9343052
18.447617,
16.322638,0.8889885
16.1895,0.8739147
15.285064,1.1095514
18.294592,
13.852178,1.1649542
18.109034,0.868618
17.622482,
18.09189,
16.57746,0.86699295
17.421207,1.0521488
15.4227,1.0763626
17.108616,
16.585867,0.7679758
17.013958,
17.493315,
17.208225,0.948225
19.084503,1.2383652
15.283513,0.5438614
16.50118,0.8667517
18.051489,1.0657082
18.241842,0.99010086
16.073378,0.8575163
17.946728,0.90719414
17.060759,0.8825455
18.082298,1.0367584
16.364815,0.867506
17.275778,0.94551086
19.887068,1.4131565
16.99991,0.88557625
16.6113,0.88140297
16.80375,0.8636608
18.08262,1.0359478
19.214798,1.329567
16.734327,0.88438034
17.405218,0.97717476
17.40304,0.92417526
17.00432,
16.896004,0.87192154
13.335598,0.28847122
17.195827,0.91947556
17.108007,0.900465
18.738718,1.2173309
18.096844,1.0346317
18.836157,1.0396366
19.093542,1.305767
18.707289,1.2079945
17.167515,0.89712334
19.532085,
18.149855,
19.655445,1.3550777
18.399982,1.085537
16.611055,0.86872864
17.490715,0.9613762
16.68939,0.87101364
19.03826,1.2741451
18.366173,1.1407299
18.589333,1.1732559
17.438585,0.93694115
18.007175,0.99655724
17.465324,0.9227905
18.45667,1.1212082
16.56035,0.836792
15.969316,0.85920906
15.985191,0.8828316
13.188564,1.1817179
18.829662,
19.105255,1.2641258
18.463278,1.0879745
19.70763,1.5254974
9.366061,1.7780085
17.837523,
17.964254,
15.56247,0.99034214
16.726812,
19.215227,
19.76652,
17.477758,1.017376
18.229742,1.0200996
16.476925,0.8627138
17.498384,1.0060921
16.740112,
18.19644,1.0483437
18.017242,1.0457153
18.616941,1.0624886
17.712301,
18.260813,
16.860704,
16.901533,
17.2106,0.9033356
17.16772,
16.338543,0.8717146
15.0386,1.0373058
17.427666,0.9367657
17.986713,0.8631153
16.927525,0.9584322
16.666462,0.8361721
16.833593,0.82077503
15.689226,
17.682589,
17.69188,1.1450272
15.493259,1.030179
15.04769,1.158555
17.052643,0.8990059
19.666172,1.5251865
16.66255,0.8818445
18.579489,
16.940596,
17.616823,0.94459534
15.540427,1.0327024
16.554476,0.8813515
19.65464,2.5029564
18.542007,1.1005344
16.644474,
15.608338,0.9604578
16.550322,0.86841583
17.704533,0.9562092
16.330143,0.8565445
17.947704,
19.106829,
17.605122,0.9938545
18.287054,0.99492836
16.906347,0.860939
16.995415,0.9308567
13.994175,1.1669397
16.85319,0.8890476
18.296835,1.0416088
16.940147,0.9258537
16.197088,0.88405037
17.018986,1.0412941
19.502728,1.4707775
16.160366,0.32359314
17.364395,0.92253685
18.606289,1.1142349
18.98333,1.2984905
15.39377,1.0647697
18.919819,1.2539978
16.66358,0.8980503
18.751217,
16.249065,0.8875828
16.768108,0.89177895
16.431002,0.8591118
17.75773,1.0748615
17.05022,0.9024658
18.41012,1.1473694
18.248934,1.1791286
17.436132,0.9496021
17.770618,0.92873573
16.50859,0.8411827
17.575985,0.9642372
15.820517,0.89581203
17.385267,0.9325981
17.639156,0.9726486
18.89021,1.1948738
17.730658,
17.89315,0.9888344
19.104889,
16.98324,0.88809586
18.449596,1.0340309
15.718863,0.9373417
18.3086,1.1136723
17.074036,0.90454483
19.073303,1.2700958
17.710957,0.9824734
17.43337,0.9276829
19.685495,1.243515
18.61411,
14.390831,1.1529932
17.000847,0.9206219
19.933842,1.4188538
16.09405,0.90793514
17.351908,0.92019653
16.031033,0.869009
18.444313,1.0879135
16.821646,0.8842869
19.485209,1.2873898
17.237648,0.9171066
18.702456,1.1354122
17.022722,0.8841572
15.191398,1.0787821
17.70499,0.97909164
13.834058,1.178442
15.629803,0.9957895
19.736029,
16.684269,
18.990852,1.3678818
13.622037,0.23781776
14.993078,1.1205349
13.010169,1.1630096
18.322927,1.1145782
11.510412,1.2849693
16.897251,0.9648018
13.413594,0.27329636
16.74915,0.8893547
16.78406,
16.51205,0.88595486
16.627182,0.88273144
16.490171,0.8107424
15.547818,1.0642691
15.09661,1.0691586
17.611406,
16.725138,0.88708305
14.20363,1.1490297
16.818653,0.7557678
17.055101,
15.645502,0.9612808
17.129564,0.8221035
16.441202,0.84844494
18.741032,1.4762402
17.55818,0.8709011
19.514183,
15.917239,0.8538799
14.804881,1.0585842
16.321579,0.85606766
18.09366,1.0049763
17.19311,
18.817482,
17.35663,0.92036057
17.891844,0.965559
16.1359,0.8769064
19.657925,
16.834118,0.9010773
19.361885,
17.799116,0.96759415
16.844814,0.88975716
16.65291,0.86792374
17.568983,0.9548149
17.421825,0.9351921
18.282389,1.0999756
17.87841,1.0099468
15.118469,1.1052532
16.282703,0.8733597
16.553476,0.8511658
16.512953,0.89097404
19.981441,1.498827
16.928806,0.90184975
15.350122,1.1476164
19.062311,1.26968
17.972603,1.03191
17.214695,0.9186764
12.987066,0.33223152
19.331253,1.2801094
17.999916,1.0533371
19.887197,1.1211548
17.582457,0.9601555
17.159492,0.9689846
19.183231,1.2868786
18.353687,
18.537947,1.1492558
16.15829,0.8839016
15.54025,1.0415115
17.096676,0.8936558
17.838932,1.0076847
19.124117,1.2490597
19.462442,1.2141075
18.869967,1.3403168
16.643864,
19.068802,1.3331165
17.909143,1.0069084
19.31247,1.2496376
17.07006,0.9066067
18.942488,1.1110439
19.337605,1.4857883
17.60156,0.9745407
17.656454,0.997139
16.594444,0.91568565
19.433128,1.4443512
17.514944,0.96336555
16.752573,0.91779137
18.311668,1.0863953
17.010378,0.9061909
17.073889,0.92076683
16.384495,0.8620167
17.899675,1.0577946
17.692383,0.9655628
17.331879,0.9393616
17.66909,0.9606304
15.985536,0.8840904
18.828033,1.2285671
19.620428,1.5372524
18.401188,1.094862
17.233591,0.8658314
18.840813,1.2210026
17.823837,0.99246025
18.2031,0.81726265
18.1925,1.0342331
18.639853,1.1248131
16.88298,0.9040375
17.46135,0.9367008
17.84256,0.99152374
17.445328,0.92596436
16.804714,0.8448448
18.53233,1.1401501
17.80666,0.9925518
19.578856,1.4542027
17.952387,1.0514889
18.809086,1.181221
17.421354,0.9165001
18.641298,1.1167278
17.208359,0.90724945
15.4642935,1.0447254
12.928904,1.2211046
16.810974,0.8743496
18.984926,1.1772423
18.404736,1.1078548
17.077337,0.90818405
18.383928,1.111206
18.629004,1.1688118
19.826094,1.381691
18.585392,1.1347237
17.558336,0.9433117
17.082096,0.8693886
17.379343,0.9348488
18.597982,1.1591835
18.3328,1.0973186
19.335625,1.3645439
17.555613,0.973856
19.92094,1.1826916
16.676714,0.83750343
19.840424,1.5700111
17.777082,0.96770096
19.200779,1.5830879
17.550308,0.91477776
17.52604,0.9043884
17.352901,0.9020977
10.023374,1.5845509
18.726797,1.1731434
18.952337,1.1502151
15.400768,1.0206394
17.958242,1.0010185
13.867827,1.1443367
17.598614,0.97829247
14.790081,1.0894938
16.782578,0.8559418
16.850534,0.87361526
18.945286,1.3349838
18.085833,0.9875679
18.851418,1.2271442
18.428967,1.2196331
19.756294,
19.441168,1.3700314
19.443224,1.5360317
18.246794,1.0666637
17.59644,0.9222393
16.719261,0.84716034
17.444656,0.9393425
17.484558,0.939888
17.10982,0.8892193
18.75566,1.1327362
18.588827,1.1349964
18.033943,1.0024185
16.46914,0.84685135
18.877916,1.1305733
17.02417,0.8866749
14.738525,1.1108255
18.0906,1.049284
16.33525,0.8491802
17.411446,0.90934753
13.379071,1.1878691
19.659918,0.9116154
16.769314,0.8607502
19.058886,1.2195225
17.053198,0.8856087
18.177628,1.0469055
18.521603,0.98919487
17.968472,1.0246925
16.758621,0.88059044
17.168644,0.92682266
17.549837,0.97774315
17.378654,0.9513855
16.783545,0.8789787
19.499022,1.5796089
19.41106,
15.933132,0.901165
16.203917,0.862504
17.089264,0.8920059
17.510696,0.91332245
16.572546,0.88005066
18.595926,1.1237068
17.745056,1.0523567
17.986372,0.96998024
17.697243,0.99451256
14.469103,1.0907393
17.23585,0.93185806
16.245543,0.8400278
18.35033,1.1046638
17.46348,1.0383682
17.604103,1.0174084
17.57198,
11.405846,1.3636198
10.808009,1.4550772
18.690212,
16.214338,0.9804287
15.481825,1.0322838
16.734386,0.8739414
16.213669,0.84657
15.926967,0.94618034
15.6353,0.9878893
17.773804,0.96416855
17.353947,
15.667919,0.8502779
13.644182,1.120223
17.420609,0.93224335
17.9438,
17.500532,1.0238075
19.681639,1.5994644
17.989592,1.0679474
18.774218,1.2658539
16.344358,0.8485384
16.750797,0.8728676
17.261843,0.7385063
16.585352,0.87682533
18.904009,1.1370659
18.843424,1.1958752
18.315172,1.1018028
18.284246,1.0667362
18.68474,1.0701084
18.20034,1.0416641
16.805267,0.87386703
17.809404,1.0148163
16.249134,0.83240795
16.366941,0.87060356
18.975906,1.0658188
17.038116,0.908165
19.679352,1.252634
18.679073,1.1622524
17.137363,0.9026966
18.891687,
18.312923,1.1797752
15.914512,0.9149494
19.006193,1.2043686
15.700185,0.97832775
18.336546,1.0959625
17.554674,0.9503765
17.839434,1.0069866
17.697344,0.9858055
17.094444,0.92580795
18.871674,1.2326775
17.619644,1.0298901
18.964075,1.2576561
16.646397,0.8636761
17.560904,0.8637104
19.334322,1.3715744
17.343178,0.9371319
17.754221,1.0689735
18.434526,1.1701393
16.928818,0.8944626
16.646309,0.8795738
17.929895,1.0580025
17.627802,0.9139633
17.471174,0.95796394
16.922922,
17.393948,0.98410416
19.184834,
16.454643,0.8435831
19.070242,1.0934753
17.152834,0.8682308
19.52998,
18.137434,1.0580978
17.819818,1.002739
17.942924,1.0186062
16.465925,0.84087944
15.206205,1.0697203
17.404737,1.0094204
17.210068,0.8941784
18.123278,1.1807251
16.997337,0.89528084
18.976583,0.89076996
17.479416,0.9457207
16.330309,0.9104023
16.665768,0.8559561
13.420738,1.1830673
16.344013,0.7844162
16.279186,0.85661507
17.31267,0.89622307
16.496983,0.85820293
16.86273,0.8893318
17.38468,0.9659195
17.91603,0.9776573
18.43298,1.0127888
16.417093,0.8344345
16.773592,0.9746647
16.933134,0.8774891
17.3381,1.0270557
16.834038,0.8218479
14.81524,1.1254902
16.423521,
16.735353,0.9326439
16.521957,0.7801676
16.94046,0.91703606
18.27828,
17.26721,1.1121655
16.167383,0.8450556
16.036272,
15.949502,0.9297352
17.721426,0.94636726
17.01147,0.89629555
18.560717,1.5343628
19.769764,1.4129467
18.606558,
14.832911,1.1183805
18.489737,1.1054955
17.695837,0.93149185
17.47771,0.87000465
16.118032,0.9447632
17.144955,0.8895569
16.255972,0.8497515
18.62448,1.1655426
18.06447,1.1068974
17.787588,1.0112095
12.895864,1.2350435
15.374486,1.0466595
16.269766,0.8504057
18.635199,1.1384792
18.205162,1.0593033
17.354082,
15.120475,1.0952883
17.492294,0.95404243
17.626463,1.0609341
18.246016,1.1212635
19.39339,1.4128132
18.629099,1.1304207
17.0554,0.866724
18.963722,1.3723373
16.67579,0.8818054
18.632917,1.1906166
15.313304,1.0846882
17.605494,0.9713268
15.458692,1.0597
17.95733,1.0086689
18.23493,1.0843639
19.237797,1.3382759
18.105663,1.0164204
18.381289,1.0840111
17.216484,0.93829346
19.01693,1.1460342
18.615885,1.1173115
17.409927,0.9302521
16.740805,0.9085808
17.923668,0.94885254
19.341986,
18.522242,1.0815239
17.470726,0.9236603
14.481686,1.1410799
17.68995,0.94404984
17.384993,0.94145775
17.311588,0.91827774
15.330987,1.0885086
19.589079,1.303793
17.194294,0.94041634
17.326336,
18.213211,1.0653038
18.362846,1.0107307
15.325998,1.0889654
15.895795,0.90033436
17.942202,1.1808205
17.00244,0.9018154
17.574017,0.9762707
19.07168,1.2119617
17.205965,0.94228554
17.293179,0.8849602
17.534695,1.0730686
18.076317,
16.629557,0.9142666
17.820002,0.880579
17.903906,
18.097656,0.7711239
18.046543,1.0083027
17.005333,0.8654499
16.502888,0.88334465
17.676395,1.032404
14.816357,1.1264048
18.942625,
17.443378,0.91963196
18.691078,
17.947443,
14.710115,1.1321688
18.097982,
17.049623,
13.322712,1.2028952
14.487869,1.1276741
16.976862,0.93178177
15.296665,1.0667782
13.57515,1.1764345
13.597385,1.1527071
16.523188,0.9006243
13.8100815,1.165103
15.705294,0.98925495
14.877928,1.0769129
16.627155,0.8882046
15.847353,0.93950653
17.985313,
19.09611,
16.752743,0.87589836
17.611814,0.9184284
17.24315,0.89748573
19.418297,
18.649359,
16.001318,0.867115
18.541243,
18.18235,0.85523033
17.309273,0.9607258
17.839485,1.0037842
18.378922,1.1350613
16.139418,0.86511326
16.568678,0.8774891
16.931313,0.8558903
18.859678,1.0862141
17.267187,0.9114132
19.276676,
17.741428,1.1053238
18.7769,1.1206474
18.620266,0.7584572
15.480004,1.0478697
16.689013,0.8959923
17.237057,0.87983894
19.331766,0.609869
18.645391,1.2326431
19.742147,1.4468765
16.275509,0.82898426
17.40735,
18.458586,1.0381107
16.39376,0.860898
18.654186,1.228056
19.649078,
13.9848585,1.1439543
16.52061,0.88049984
18.176748,1.0458126
17.90206,1.0423698
16.95035,0.9019718
18.82499,1.2285175
17.739338,0.990633
19.967115,2.1513996
17.469954,0.95684433
16.7739,0.89979744
16.714085,0.8756962
17.302052,0.9272213
17.971708,1.0285511
18.277107,1.0771885
18.218271,1.0146236
17.385406,0.9404545
15.87411,0.92567444
19.690039,1.2559052
19.468887,1.3590355
16.723036,0.89079094
17.136522,0.9023285
17.912218,1.0265388
17.654902,0.96003723
19.379107,1.3985252
19.60919,1.4280701
17.742867,
18.314028,1.0504913
18.764997,1.1450386
18.72634,1.177824
18.44617,1.0623302
16.799017,0.88230896
17.542475,0.89165497
18.614439,1.1169853
16.896723,0.8499317
18.638657,1.1824741
19.372673,1.3724957
18.560495,1.0787926
19.28756,1.3193398
16.8711,0.8543892
18.600517,1.1031265
19.717052,1.3604164
19.010925,
19.080587,1.0567131
18.237474,1.080452
18.528286,1.1251526
16.626167,0.8534603
18.421614,1.2229328
19.792017,1.3540897
17.843967,1.1217117
17.153574,0.9067097
16.638838,0.87192726
15.793139,0.95259476
18.148485,1.0891056
18.975864,1.2620049
19.186802,1.2889652
18.296707,1.0594406
13.84507,0.14864635
18.328897,1.1154785
15.883039,0.89789104
15.249084,1.090889
17.678173,0.96516037
19.462738,1.3578815
16.056656,0.91299915
16.719156,0.86958313
17.179,0.90398216
18.012152,1.0164127
13.701223,1.1446371
18.319197,1.0648937
16.534773,0.8622322
19.095907,
19.615849,1.4049873
17.467415,0.92611504
18.222244,1.0349922
17.691065,0.95555115
16.40093,0.84146595
17.54641,0.90171623
18.965063,1.1846905
15.071837,1.0704718
19.806236,1.4094429
14.785079,1.097476
19.99951,1.4603958
15.903145,0.8520088
16.034143,0.8525381
17.085125,0.9052067
14.019249,1.1417179
15.564471,0.9658804
17.520945,0.940712
16.602116,0.83281136
17.092201,0.88861656
18.476175,
17.646078,0.96985626
16.642946,0.850523
17.269358,0.8985119
19.246634,1.1615944
18.937538,1.2384491
17.61582,0.9370823
17.108944,0.9060383
17.762285,0.9645786
17.972334,0.9752712
19.37207,1.2952976
18.262259,1.104042
17.44951,1.0077019
17.348131,
19.592943,1.3663139
17.539938,0.9545078
16.717903,0.8669605
17.312126,0.9114361
16.98793,0.8787117
11.304006,1.370101
18.366766,1.0167065
16.674288,0.844635
17.198454,0.90027046
18.487652,1.0600033
18.230265,1.0532608
16.588093,0.9141741
11.45956,1.3583355
18.530594,1.1245689
17.437033,0.98981094
18.81389,
19.466665,2.3155136
17.627895,0.95498466
17.15979,0.9176636
18.63582,1.1137257
18.060022,1.005024
18.827961,
19.939734,
16.60488,0.86803627
16.399706,0.8749895
17.924646,
18.470873,0.9592476
15.707454,0.9519682
14.514533,1.1058159
17.764055,
17.699648,0.93628883
18.63853,
17.50317,0.9148884
17.482267,1.0280247
19.103418,
16.329573,0.85627365
16.96809,0.9555626
17.54621,
18.631775,
16.51255,0.7415476
15.842239,0.9216986
16.21978,0.90489674
16.925692,0.954792
16.339306,
11.856636,1.3329401
14.315432,0.6148739
16.059126,0.8785677
18.372332,1.141079
17.820312,1.0325985
17.508394,0.96369934
19.957441,1.4494057
19.276075,1.2972698
17.077595,0.895071
18.9738,1.088419
19.15806,1.1881618
17.574806,0.9168072
17.232143,0.89733887
12.547429,1.2835655
17.826906,1.0408192
19.575554,1.5301781
17.980804,1.0053654
16.047743,0.88591003
16.887222,0.9058018
18.031826,1.7533159
18.443542,1.1333809
18.619337,1.1734924
19.290014,1.2580757
19.357708,
19.053476,1.2258606
18.6256,1.0842857
19.842037,
12.399699,1.2699652
14.6587305,1.1275034
19.605513,1.4548244
16.247055,0.8540144
19.50078,1.4824505
15.542507,1.0089207
17.172348,0.86878395
18.27388,1.0560684
15.291366,1.0505562
16.777489,0.885725
17.398306,0.9323807
18.243681,1.0525799
17.131506,0.8271122
17.452675,0.8825264
16.307741,0.86650944
13.528607,1.1857519
18.395267,1.0574989
17.709108,0.99188614
17.161448,0.9117737
16.298662,0.87383175
18.37965,
17.549446,1.0033474
17.594305,0.9962311
11.080844,1.4119549
18.97344,1.1029797
17.53049,0.89105797
18.058462,1.0678425
17.593588,
16.231352,0.84585667
16.516787,0.89865303
13.378986,1.1861773
17.462706,1.0353374
12.250254,1.2781448
16.302378,0.91259193
14.879279,1.1052809
15.750463,0.9356241
16.267805,0.80228996
16.325607,
15.227473,1.0644464
17.387646,
18.578598,1.1434917
17.05551,0.91804504
17.211653,0.89123154
17.378967,
13.505647,1.1408052
16.36263,1.0510187
17.8488,1.4927559
18.317728,
17.064426,0.8827839
16.719164,
16.805,0.9148884
16.385046,0.86790276
15.085904,1.0936928
16.698008,0.87187576
17.807293,1.0392609
16.75223,0.88290405
16.44294,0.78074646
17.105803,0.8657398
16.788067,0.877203
17.991749,1.0676765
17.54303,0.9237366
18.43146,1.0979576
18.14444,1.0123425
17.608793,0.9668751
16.345156,0.87991047
13.416904,0.25932884
19.82898,1.5041046
15.753678,0.9359484
18.704937,1.0814342
13.502027,1.1869631
19.620127,1.3581467
17.877007,0.9944668
17.2812,0.9144459
15.594522,1.0018148
19.434141,
18.349361,1.1711121
16.194857,0.88498116
17.532495,0.94475174
14.183572,1.1458263
18.11562,1.1201286
19.24999,1.2945786
15.410374,1.0598469
17.22199,0.9387665
19.660969,1.4689827
19.427353,1.3157158
18.704716,1.1589718
18.466671,1.1052113
17.789999,0.96549416
12.506144,1.2454538
13.5450945,0.20766354
16.486794,0.8475599
16.525177,0.8556118
19.809587,1.6646996
19.05417,1.2776566
17.300161,
17.429352,0.9410038
19.661972,1.3557167
17.690025,0.9431572
17.400402,0.9370308
18.217154,1.0696297
16.034464,0.9053669
16.41729,0.86326885
17.788574,0.9800339
18.186388,1.1059742
15.828401,0.91034126
19.420795,1.3511658
19.20773,1.3580894
18.863405,1.123354
16.838371,
17.972803,0.9624119
16.907633,
17.321852,1.0982552
17.062685,0.96536636
16.83507,0.87395096
17.90217,1.0161057
19.385748,1.2165642
18.831886,1.316576
18.958517,1.0650749
17.525621,0.93860245
17.252886,0.95283127
17.879984,0.99298286
16.194462,0.8621292
15.693318,0.9192581
16.494,0.9045086
17.031212,
16.62041,0.8893204
17.377472,0.96539116
16.234064,0.9071884
16.227074,0.8459158
15.523411,1.0477333
15.910694,0.9131613
17.31267,0.8198242
10.1198635,1.5729227
13.061007,1.1996384
17.459568,0.9311104
17.288704,
18.310305,
11.967848,1.295125
15.781003,0.94188976
18.992443,1.9219532
19.117199,1.200243
16.163849,0.90340996
16.923954,0.89006424
14.185329,1.1388016
18.312433,
17.580557,0.9575329
16.27381,0.89195824
18.469427,1.1774921
15.565521,1.0248508
16.11056,0.8732014
18.67254,1.4116325
16.696634,0.8715763
17.080976,0.8924408
17.884481,1.0702934
17.815039,0.95611954
17.258587,0.9145031
18.223303,1.0965366
18.012678,0.98189354
17.284748,0.97304535
17.91012,0.99277306
17.510672,1.0269604
16.188972,0.89825916
16.80606,0.86660385
18.291668,1.0728111
19.3009,1.0711422
17.014427,0.9039116
17.115292,0.89461136
16.826796,0.9130573
13.340637,1.2087841
17.793798,0.896965
18.365694,1.1276112
18.188612,1.0747585
15.918141,0.9020424
16.444004,1.0029087
18.403954,1.0929527
16.838324,0.88459206
19.77759,1.5415668
18.137804,1.0537109
16.472164,0.85947514
19.582525,1.4035149
19.227533,1.3788319
16.756817,0.8680496
18.560534,1.1268463
19.200144,1.2721748
17.64924,0.9752579
16.928223,0.89019394
17.058939,0.886549
16.467207,0.8727932
17.120855,0.9057331
18.493116,1.1051006
18.003397,1.0439777
17.139057,0.91461563
17.541973,0.9424248
17.780067,0.9595814
15.02082,1.1231508
16.34572,0.89676285
19.801922,1.4626427
18.471031,
19.579056,1.4062366
17.670927,0.97867584
16.113085,0.8675251
13.5277,0.24606228
16.99451,
13.848965,1.1677704
13.960023,1.1756554
16.789717,0.9086075
18.975002,
18.378752,1.1099567
19.320433,1.3926678
17.214329,0.9277592
15.638889,0.9965706
17.089262,0.8984108
17.349049,
17.585737,0.9725189
18.302202,1.1318626
17.483004,0.9107075
17.436626,0.90812874
15.651972,0.9979191
17.109976,0.90820885
19.35887,1.2226162
18.309217,1.0730286
19.81695,1.5387363
16.176142,0.8589201
13.265213,0.284729
16.18976,0.86662483
16.945145,0.897871
19.771572,-0.40712166
17.039154,0.8827801
18.296566,1.0794868
16.669363,0.8578377
19.001556,1.2888699
16.73458,0.87472725
16.892788,0.87999725
19.870813,1.4358006
18.521385,1.0965939
18.823666,1.2039661
19.05963,1.2675438
17.155567,0.88022995
17.870628,0.98220444
19.558502,
18.419437,1.0725842
16.75132,0.83875084
17.398613,0.8874569
16.400782,0.8339348
19.41134,1.3781719
18.691563,1.1587448
16.729874,0.8449383
18.126875,1.0497894
19.499159,1.4252205
16.2437,0.84406185
16.606037,0.84552574
17.52062,0.9460373
18.72132,1.1362877
19.587881,1.3303299
17.485989,0.9513836
19.167934,1.5141296
18.72621,1.1731911
19.137571,1.3192863
17.245892,0.92515945
19.091034,1.250948
17.559916,0.9610653
19.352057,1.4122887
19.57107,1.4946346
19.544777,1.4041538
15.688787,0.98484325
18.026665,1.0849495
18.101097,1.0290184
18.937336,1.347559
16.246109,0.8534126
18.911976,1.2136135
17.443054,0.93712616
19.734613,1.5251637
18.97541,1.2523346
15.702895,1.0006161
18.368898,1.0588436
18.784811,1.1674976
17.532799,0.93463707
15.969839,0.8373518
17.707354,0.90825844
17.158802,0.9095268
18.373825,1.0842266
16.379717,0.8482151
17.287016,0.92943954
19.901232,1.6497803
16.120857,0.8521223
17.642456,0.9594288
17.56777,0.93056107
19.664362,1.5351181
18.67096,1.1502857
17.474724,0.876276
17.249414,0.9018898
18.053524,1.0305538
18.409986,
18.50033,1.0484028
19.849674,1.5440903
17.626368,1.0631275
19.164835,1.2980099
17.711313,0.9992218
15.708582,1.0034065
18.26102,1.0581188
16.701614,0.8649006
17.513071,0.9303551
15.692557,0.9590893
14.433936,1.129427
17.1734,0.9254112
16.03279,0.8663235
18.827652,1.3329487
17.101288,0.88381386
11.94554,1.3056688
18.537212,
19.885365,
18.328888,1.0959396
17.447733,1.000906
17.739313,1.0369987
16.206697,0.8512287
18.14559,0.99881554
15.99087,0.9005852
18.579418,1.1550789
18.795216,1.1309433
18.605669,
16.10714,0.846158
19.24501,1.2500191
16.65939,0.9509735
18.771742,1.6438808
18.66119,
14.344044,1.1341572
14.486374,1.1288595
16.86245,0.91327095
18.359444,
17.011208,0.91215324
17.33594,
15.637243,1.0267897
15.504821,1.0406742
17.963135,1.1539402
15.898412,0.92855835
17.07374,0.96365356
12.391941,1.2286615
16.383183,
17.566603,
16.489761,1.3610344
13.700216,1.1578283
14.210483,1.0712862
13.633105,1.1717119
17.075012,0.88822937
13.637923,1.1830568
18.141302,1.0258846
18.453407,1.1786251
19.909988,1.4716644
17.234259,0.90657425
19.609713,
18.319304,1.1147442
18.765518,1.2371635
17.536638,0.9938202
16.291313,0.87725735
19.21827,1.525486
16.396217,0.87550735
17.805107,1.1289501
19.419151,1.4031773
16.596424,0.8618431
18.730305,1.147604
17.180334,0.9249401
17.88977,1.0007324
19.083681,
19.793756,1.4310703
17.018204,0.89652824
18.517296,1.1010723
18.67222,1.169529
18.228994,1.0600548
17.126549,0.8842449
18.9161,1.2419395
19.542023,1.6295624
15.992819,0.8814249
17.637009,0.94005775
18.079609,1.078495
18.354713,1.0593948
15.615324,1.007904
17.836151,0.9717331
16.959225,0.89756966
16.470463,0.8364811
19.572803,1.3086033
16.688683,0.83613205
15.981002,0.87487316
18.467657,1.0702477
18.23094,1.0298786
18.085451,1.0729656
18.650106,1.1490688
19.049467,1.2657757
18.716843,1.031044
18.742857,
17.578192,0.9455433
16.538498,0.86115074
19.023085,
13.313585,0.25900555
18.862951,1.1603584
18.73063,1.2470493
16.250978,0.8575754
18.658316,
18.271057,1.0477676
18.477448,1.025219
17.388008,0.9277992
18.230171,1.1063366
16.973202,0.9326019
15.06448,1.0905333
16.615906,0.868968
16.131437,0.9087305
17.771841,
15.632857,1.0835152
17.32223,
17.390226,
15.006236,1.1054096
15.230774,1.0642519
17.687515,0.8959236
16.504095,0.79550934
14.767311,1.0648537
15.375541,1.0555086
11.617776,1.340579
16.58699,0.86255074
17.502054,0.89541435
18.364424,1.1281681
16.748268,0.89627266
17.556656,0.99341583
16.10798,0.85178185
18.623781,
19.60981,
17.258242,0.9271221
17.291914,0.91584206
17.181293,0.8936901
17.761883,0.9696827
17.306042,0.9096241
12.324242,1.2824898
16.451836,0.89425373
18.365093,1.1289024
16.277475,0.85848045
13.604319,0.26228142
17.639393,0.97410965
17.286516,
18.444443,1.1434345
17.106464,0.89393425
16.100311,0.8892298
16.999336,0.87299347
19.03699,1.1826
18.013712,1.0150547
18.252432,1.0281181
16.788431,0.89726067
13.730347,0.20375824
17.858742,1.0082798
17.20152,0.9023495
16.695496,0.8806114
19.254648,1.3762665
16.769512,0.8777313
16.074133,0.8643284
17.673424,0.9570942
15.065773,1.0970716
18.741526,1.0825691
16.877197,0.8882313
16.328487,0.85860634
16.13642,0.8683834
17.849272,1.0364132
19.60951,1.4130154
19.494072,1.3704414
16.017174,0.91222477
16.961208,0.862772
18.105247,1.0228405
18.24109,1.0787258
19.322779,0.8605499
17.582064,0.95822525
18.413538,1.1708832
17.151522,0.88908577
16.358221,0.8472748
17.726957,0.97382927
16.111292,0.8682022
16.308136,0.8706789
19.308077,1.3285522
17.168495,0.90665627
14.147614,1.1587591
18.784994,1.2703991
18.06254,1.013546
17.912104,0.96827126
19.53773,1.4045353
18.266003,2.1371756
16.43324,0.9136076
16.59174,0.9070816
18.169767,
17.465223,0.92523956
17.984161,0.9662571
16.758427,0.8957119
16.165981,0.86552143
17.894663,0.9628811
18.118143,1.0041618
16.81655,0.8674221
16.326542,0.7995472
16.779333,0.8608055
17.487593,0.64852715
17.650417,0.9425907
17.984941,
19.34145,-0.91350746
18.053434,1.0288467
17.43322,0.98578644
16.9574,0.8901272
15.438491,1.0121727
16.922285,
13.4153185,0.31948948
17.855795,
17.36062,1.3503218
16.5549,0.9372978
17.885237,0.9940834
16.5899,0.80794716
14.211436,1.1456671
13.182574,1.2041616
16.819395,0.9753437
14.265834,1.1079674
17.102478,
13.668352,1.1572475
15.645946,0.9721823
18.262302,1.1145477
16.330532,
16.04213,0.8599291
16.280817,0.861475
18.041502,1.0546227
12.403852,1.2697258
17.865505,1.0288486
16.542774,0.8750038
17.194965,0.8871765
17.711836,1.036169
16.058708,0.8708191
18.683924,1.095892
18.038183,1.0525532
17.11424,0.9462776
19.002577,1.4243088
18.437,1.0880165
18.795952,
18.910656,1.2522049
16.238956,0.97266006
18.504093,1.005003
17.850012,1.0161552
19.332304,1.3212605
16.924696,0.92344856
16.510052,0.87026787
17.081493,0.8814621
17.296513,0.9063473
18.167534,1.1222458
17.770956,1.0384617
18.774311,1.1232014
16.333265,0.7029848
18.141014,
17.40042,1.0003071
15.243924,1.0847588
15.797686,0.9489889
17.397491,0.93501663
18.923706,1.2216015
16.806183,0.8781624
18.124067,1.0809555
19.249586,1.249155
17.55884,0.9602585
19.908003,
18.357561,1.0477257
15.63381,0.9887171
16.525341,0.881773
18.109495,1.0553131
16.615969,0.87011147
13.475051,1.2069635
18.43271,1.1266861
19.510183,1.4044018
17.618425,0.96076775
18.198952,1.1276798
17.177738,1.0152321
16.91402,0.9081516
18.452766,1.0987034
18.5676,1.1375942
15.987972,0.9087877
18.746506,1.1972198
18.839445,1.2079296
15.620955,1.0451546
16.552008,1.00245
19.21585,1.3167496
19.06012,1.3060436
16.659801,0.93558884
15.741542,0.9627352
17.331457,0.9267292
16.203974,0.8515272
17.223011,0.9035034
17.35022,0.966486
16.251455,0.743474
17.774714,1.0167522
18.548563,1.0526485
16.857544,0.89598274
18.247604,0.9995079
12.8184805,1.2321291
16.910814,0.8653393
18.139486,1.0326691
17.375717,0.89531326
16.666626,0.82462883
17.234484,0.9541416
18.91917,1.3507004
18.574963,1.1694393
17.779678,
16.622961,0.86948776
18.60889,
19.255175,1.4612865
18.258398,
19.030184,
17.20454,0.9383259
18.309538,1.0576782
19.415369,1.384592
19.559761,1.4669209
18.250006,1.0535755
15.811249,0.94688416
17.81869,0.9769211
19.069593,1.3159409
17.221119,0.9059963
18.008867,1.0484581
19.414635,1.3520069
16.116999,0.85782623
17.67416,0.97855186
16.846529,0.8838215
19.87536,1.5378475
18.228235,1.0526543
19.053732,
18.278372,1.0907097
17.389297,0.8972702
16.84315,0.847353
16.726648,0.85499763
19.554867,1.4234409
18.754093,1.234869
19.3813,1.5392437
18.562654,1.1427288
15.902076,0.90791225
18.961172,1.176733
17.44816,0.9143448
15.593319,1.0129519
18.015718,1.0260906
16.018833,0.53209496
18.331928,1.1437588
18.606209,1.1147137
15.748517,0.9693451
19.383404,1.4517536
17.895521,0.9868679
17.833704,0.99762154
18.476202,1.124506
17.380997,0.9282322
16.20307,0.8547087
16.640335,0.8724003
10.069612,1.5725727
18.784914,1.1338177
17.44644,0.99700546
18.134554,1.0563488
16.937609,0.88736916
18.603533,1.0865211
17.733978,
19.102667,1.1523933
16.83795,0.8413944
17.884243,0.9312954
17.920504,0.9696903
18.515911,1.0921288
18.251339,1.0389519
13.695634,1.1447124
16.726513,0.85821724
16.57004,0.87306213
18.03743,1.0154667
17.570585,0.9383812
19.370441,1.3608646
19.943813,1.4276428
15.7678,0.89994717
19.92817,1.5283318
16.605742,0.8348217
16.433777,0.8380556
16.772663,0.8516598
19.563137,1.3014069
18.105309,1.0224094
18.667124,1.1562824
16.915152,0.85952187
18.361885,1.0891056
16.738174,0.8546982
16.623238,0.89268875
19.596437,1.5103245
19.832216,1.4744816
18.345562,1.1006813
18.293,1.04319
19.518517,1.2177925
18.182512,1.0602264
13.397553,1.1906118
17.889927,1.0578461
16.803442,0.8602066
18.296751,1.0870991
18.13032,1.1321602
17.952295,0.99593544
13.990887,1.1532106
17.364248,0.94519806
16.432953,0.88368416
17.770596,0.94431305
17.811787,0.969635
18.770033,1.111372
17.061672,0.90693283
17.655247,0.9979954
17.291143,0.94753456
18.159023,1.1533337
17.219473,0.91343117
17.663681,0.9606266
16.574005,0.8319607
16.974833,0.8773823
17.304615,0.9023037
19.393965,1.3739376
17.84494,0.90877914
16.148579,0.86419773
18.252642,1.1093082
17.740368,0.8277979
16.864975,0.8621254
16.723383,0.898016
18.958895,1.304615
17.496614,0.9190903
18.471918,1.1427803
18.24229,1.0418472
16.371908,0.8355751
19.212734,1.2700233
17.824625,0.97766304
17.258755,0.9759445
16.72926,0.89065933
19.102766,
14.479674,
17.2892,0.8888607
19.739285,1.2987747
15.929455,0.8859234
16.43511,0.8547077
16.811508,0.87957954
18.518064,1.2601032
18.090424,
17.504732,0.86177063
15.9736185,0.8533354
18.146793,1.0566216
18.301214,1.0886402
17.783897,0.9216347
14.894351,1.0853281
17.87582,1.020258
14.27682,1.1332788
17.486582,
15.946749,0.9675484
16.668447,
12.792078,1.1996584
16.05037,0.8618822
17.6111,0.9570751
17.656645,0.9620018
18.57135,1.133461
15.967182,0.9092016
17.291206,1.0376492
18.027712,0.9805527
17.858397,1.0039997
17.455051,1.0199966
18.956034,1.0451851
18.549072,1.0715008
18.806929,1.1647034
19.687078,
17.542824,0.92505264
17.16164,0.88627815
18.528736,1.1397095
17.796999,0.99380493
16.891798,0.87122154
18.77356,1.2105827
17.208876,0.9163799
17.39869,0.9192524
15.974893,0.8902607
16.47894,0.8886528
18.355412,1.1001225
16.215578,0.85816765
18.331602,1.1563702
18.08723,1.127037
18.3404,1.0995102
15.761738,0.9609337
18.491365,1.1443253
16.610418,0.87657166
16.755812,0.87268066
18.70127,1.180584
15.186332,1.0981703
17.0462,0.92357826
16.618736,0.887352
16.039873,0.8821306
15.972631,0.8886547
19.2538,1.218523
19.825417,
17.532309,0.9887657
19.192228,1.3572178
18.887085,1.2242146
18.772495,
17.718075,0.99165726
17.732096,0.9238949
16.150475,0.84327316
15.546181,1.0039043
17.460957,0.98574066
19.173517,1.181364
18.117035,0.8982563
19.49639,1.3180923
17.526426,0.9917469
16.129639,0.8582163
17.947119,1.1069813
13.83353,0.17118073
17.88975,
17.779245,0.9358959
19.98343,1.4573574
15.396797,1.0477676
18.21441,0.94550323
17.538824,0.9580765
18.199234,1.2247658
19.655602,0.5543213
13.687929,0.17913818
16.386808,0.8530512
17.217966,0.8865261
18.003227,0.9212742
15.854981,0.9404125
17.673153,
17.909367,0.9086189
14.43399,1.1268568
16.532957,0.9101982
18.175737,1.2459698
16.432146,0.8808241
17.13875,0.9881363
18.271984,1.3787346
19.109459,1.3676052
17.716433,0.94805145
19.100725,1.1891975
15.992528,0.8498926
17.73538,0.98648834
16.34289,0.8398609
19.06324,
17.643038,0.8892937
16.599966,
18.156893,1.1225243
18.347227,1.1565552
17.533829,
17.717566,1.0166187
17.686316,0.9571762
17.887651,0.9515953
17.350647,0.95448303
17.317812,0.92912483
17.266472,0.9025841
19.653728,1.2756157
17.00777,0.89323235
18.604225,1.1855145
19.606548,1.2951851
18.782993,1.1760502
18.382875,
18.862583,1.2715149
17.931847,
16.193562,0.8673916
18.692787,1.1248531
17.458923,0.96331024
16.99321,0.9407654
16.124397,0.8784332
16.460209,0.8757496
17.643286,0.9683571
17.757584,0.9777317
18.302538,1.156744
17.361307,0.9461994
17.135141,0.90257835
17.519495,0.9429016
17.850874,0.98363495
16.397076,0.8794975
19.83573,
16.839756,0.90145683
16.817032,0.89123917
18.236355,1.0509186
17.939672,0.96339417
16.186138,0.8716202
18.715744,1.1887589
15.300678,1.0693464
18.154234,1.0255508
17.113062,0.89798546
17.792042,1.0220413
15.128164,1.0449715
17.088724,0.89756393
17.13513,0.882843
15.943742,0.8766184
16.880474,0.8931389
18.335623,
17.710384,1.0568371
17.292246,0.9191437
17.999552,1.0159969
17.96062,0.977129
18.459639,1.20924
18.507805,1.1547775
15.967807,0.8894882
17.74343,1.055376
16.184166,0.9388399
19.200924,1.287281
16.815044,0.878397
16.863466,0.90174866
19.152803,1.2184029
17.491222,0.92126656
18.190414,1.0624676
15.543812,1.026639
17.441788,0.9849262
15.907524,0.8975315
19.276714,1.2337818
16.359154,0.86076164
17.628317,0.88399315
18.937237,
19.926535,1.3785973
17.477459,0.93943596
16.591768,0.8318653
18.217781,1.1432228
17.738398,0.9757118
17.67824,0.95222855
17.514406,
12.99975,1.2868338
16.675034,0.880188
18.115185,0.96326065
19.186531,1.3364162
19.119017,
19.482435,1.1759872
18.258516,1.1857147
14.220789,1.134162
14.793638,1.0767555
15.987502,0.8834505
15.329071,1.0780153
15.27557,1.0848198
18.436695,1.0935822
18.052927,1.0835838
16.206505,0.9137716
16.895506,0.8690033
16.788792,0.798975
18.771847,
15.606333,0.97688484
16.219694,0.87477493
15.895975,0.86691666
10.676296,1.4730234
13.201737,0.33254528
17.28122,
15.984033,0.86429405
18.521744,1.1203995
17.603533,
15.729265,0.93179226
19.271402,1.344286
17.058697,0.96012306
16.397919,0.8861418
18.534708,0.92303085
17.332558,0.9530945
13.433863,0.27098465
19.755453,1.4894466
16.753872,0.8732319
17.48689,1.0221367
16.194115,0.86448956
16.585564,0.88643456
18.998081,1.2230167
17.995333,0.9005184
19.530218,1.227375
16.419727,0.88758945
17.008635,0.89580727
16.454983,0.8557129
18.540743,1.2379723
16.207405,0.9041796
16.451744,0.8710575
17.901033,1.0495586
18.848465,1.1031017
17.6848,0.9645977
16.961283,0.93564034
18.340937,1.1521568
16.190506,0.89100647
16.961964,0.8971958
18.295164,1.5259647
18.356714,1.1181908
17.025091,0.89289856
18.870415,1.1514778
17.073631,0.9063492
17.000202,0.9190445
17.638977,0.97278595
18.742073,1.0764065
18.15941,1.0359745
17.824602,
18.344585,
19.794634,1.5591469
17.621275,0.964201
18.947535,1.163929
13.056702,1.2413921
16.493393,0.8735428
18.086964,1.066103
18.796843,1.0529728
19.031881,1.3668785
17.537725,0.9590988
17.17085,0.9291134
19.141876,1.1440468
18.778355,1.155119
17.14522,0.92746925
16.914587,0.90385056
17.69194,0.97044754
18.731693,1.232048
17.308123,0.95612335
17.576044,0.95381737
19.844824,1.4678364
17.494516,0.97597885
17.794992,0.9958763
17.729958,1.0046597
14.323098,1.1410618
17.808716,1.0757713
18.495333,1.1035938
17.059769,0.79971695
16.991282,0.90387344
18.380482,1.1490936
18.317276,1.0774078
18.453552,
18.998022,1.1670208
18.777273,1.040472
16.576641,0.8668518
16.620155,0.8765278
19.6057,1.6900482
17.182407,
18.346882,1.0837059
19.121353,
17.922625,1.0183735
17.849363,0.97467613
19.515451,1.3982143
19.195305,1.2702694
18.897184,1.2909508
19.95831,1.4149609
19.88165,1.4079685
19.87416,1.3491478
16.537222,0.8589363
17.328337,0.9411087
18.288465,1.0759163
16.695087,0.87594414
17.898033,0.991848
18.646729,1.1355724
19.630146,1.4433575
17.43153,0.95031357
18.900023,1.1512394
14.952718,1.0978003
17.854506,1.0085201
16.974714,0.8815975
15.884601,0.8897886
18.085949,1.0351257
15.525662,1.0429554
17.997519,1.0357342
19.829308,1.2356567
19.387285,1.4246349
16.442492,0.86631584
18.463512,1.1392403
19.311117,1.2191868
18.928024,1.2481232
19.232552,1.2888393
17.853733,1.0396404
16.914072,0.8993912
16.805004,0.9050503
16.086233,0.93357563
17.28711,0.9348335
19.022264,1.2472057
15.160886,1.145957
19.640404,1.4829273
19.23617,1.3186512
13.4459915,0.2999344
18.113348,1.0509205
19.45572,1.3448429
19.12146,1.1544094
19.551525,1.419447
18.551859,1.1432953
18.11846,1.0244179
18.804193,1.1881886
16.353806,0.8758335
17.455606,0.9308758
18.158218,1.0804672
18.206133,1.0489006
16.606186,0.8739433
19.08481,
18.106174,1.1077862
17.93626,0.9982357
16.310654,0.88431644
13.886379,0.21044445
17.090445,0.90584755
18.675705,0.9947109
18.959448,1.244276
18.551563,1.1685658
18.278938,1.1211109
17.879835,1.0205708
16.42529,0.8627386
18.174927,1.0645962
19.698137,1.4063187
15.589034,1.0130148
16.59219,0.92410374
16.212242,0.8558912
18.024357,
17.640326,1.0261955
16.078876,0.8407755
14.341562,1.1456327
16.550547,0.84318733
17.33013,0.9194412
16.503813,0.80367374
16.666115,0.855505
18.677515,1.1435585
18.841974,0.97946167
17.327208,0.9207134
16.768728,0.8816395
17.59714,0.96666527
19.793636,1.239603
16.366442,0.879549
16.928051,0.91632843
17.123482,0.9052391
19.427713,1.4413376
17.701414,
18.360853,1.1923504
19.183239,
17.969803,1.0514355
16.74798,0.90989876
13.3523,1.1997728
17.857124,0.96966743
17.969326,1.0644207
12.462818,1.2739868
17.656876,0.9434376
17.782404,0.94776154
19.546247,1.3428059
19.03931,1.1740818
16.865479,0.87768936
19.197912,1.2577362
15.302387,1.079606
19.959213,1.5985794
19.725857,1.4837646
19.234636,
17.745188,1.1177044
16.271963,0.86577797
17.885057,1.0068398
17.444883,0.9446144
18.028538,0.99655914
16.541733,0.84799004
18.457579,1.1714115
18.0346,1.0405846
16.523714,0.8576088
19.60826,1.4316597
19.414013,1.3802128
16.802443,0.87794113
16.983383,0.8943348
16.306131,0.85129356
16.902523,0.87997437
18.149742,1.059103
17.506834,0.9458904
17.547663,0.9499569
17.053293,0.8856182
18.32893,1.0974331
15.248433,1.1084127
18.161133,1.014061
16.703161,0.8833771
17.773037,0.99474716
15.753317,0.9652071
17.378168,0.9513378
17.602459,0.98596
18.253717,1.073885
18.741999,1.2175713
18.960356,1.1945152
17.346985,0.9284744
17.543072,1.0100002
17.213852,0.9419422
17.143618,0.96022224
17.631098,0.9777336
18.089272,1.0544758
16.043308,0.8998413
16.975126,0.9040203
18.256092,1.1211777
14.981304,1.1172485
17.435213,0.9531975
18.1059,1.0231075
18.009468,1.0025578
16.548866,0.8694954
18.828657,1.2306862
17.179691,0.9143753
17.010618,0.8841553
18.310709,1.0599327
19.112423,
16.526356,0.8844538
17.507282,0.94984245
12.810632,1.238987
15.34966,1.072032
15.903084,0.90462685
17.058147,0.92243004
16.995914,0.90996075
16.304468,0.9275503
17.776102,
17.548008,0.93645287
17.351185,
16.854208,1.0387249
17.075403,0.9065571
16.123663,0.87357044
18.938438,
19.96254,
18.939817,1.2111549
19.14667,1.223402
16.721441,0.889122
17.244926,0.92905426
18.245762,1.0948238
18.812502,1.5883904
15.848117,0.9381056
17.130697,0.91324043
15.1278715,1.1072149
16.772821,0.89538383
17.066183,0.89848137
17.183043,0.8991337
17.940468,0.9879856
19.068287,1.2233067
18.484402,1.0704403
18.709091,1.1576824
17.972359,1.0340443
19.765764,1.3665295
17.64993,0.95651627
19.551994,1.4229069
18.491693,0.9983597
16.567314,0.87732315
18.562632,1.242197
17.282827,0.9548359
17.705116,0.98005295
17.526367,0.93035126
19.306038,1.3032875
18.604237,1.1709576
19.642813,
17.846409,1.0494919
17.767382,0.9838276
16.596786,0.8744011
17.252914,0.9070873
16.460396,0.85654736
17.260248,0.9134083
17.290531,0.91140556
17.967106,1.1076431
17.551456,0.94869614
19.584955,1.5112209
15.12212,1.1040115
18.723703,1.2272186
16.76001,0.87018394
18.98974,1.2081432
16.122604,0.8731413
18.249775,1.1080189
19.615973,1.3772469
19.394596,1.3565788
17.706503,0.98773
17.542677,0.9398422
19.550766,1.3324394
19.308556,1.3451939
16.861372,0.8852463
17.873037,0.9895458
18.564188,1.1675205
17.34119,0.948616
19.918182,
18.297964,1.0787601
17.905134,1.0153866
18.802242,1.2230644
18.421408,1.157484
18.361082,1.099474
18.272425,1.11343
19.09211,1.3308754
19.11942,1.3162689
17.134125,0.92811584
19.474255,1.4653873
18.37032,1.1153927
17.77592,0.9946079
18.01275,1.0341129
16.710377,0.88770676
18.837154,1.1812
19.283396,0.9539261
16.028963,0.89391804
17.174326,0.93358994
17.389236,0.9672432
17.836723,1.026617
19.329004,1.4203758
15.584378,1.0382481
18.707022,1.2205296
17.691635,0.9782028
17.575819,0.9752846
15.825153,0.9472046
18.221224,1.0685291
17.289312,0.9342518
18.682209,1.1742516
17.158918,0.9016247
19.111301,1.3545799
16.83499,0.87446976
19.591614,
16.943739,0.9212513
12.171323,1.2867975
16.802,0.82637596
13.397861,1.165391
16.102697,0.87564564
17.804611,
16.746859,0.85326767
16.240513,0.7756729
16.946262,0.8566971
15.797263,0.9227762
18.940826,
18.880762,
18.242723,
17.442612,0.93650055
18.02336,
16.76038,0.94523144
16.986671,0.89725685
14.759976,1.1234646
18.891718,1.2961178
15.853608,0.90470695
14.072384,1.1491966
17.288313,0.95035934
19.109167,
18.282501,
19.896444,1.4068928
17.556293,0.96778107
16.336508,0.88169
18.022297,1.0415192
18.60671,1.0818863
15.170038,1.0902386
19.012424,1.3320847
17.091503,0.90172195
19.339779,1.3567753
17.06306,0.901207
13.737146,0.21609211
16.606953,0.87888336
18.58114,
13.368413,0.27237606
17.880459,0.9887924
15.561171,1.0543413
17.514074,0.91781235
17.146408,0.9222431
15.170359,1.1179066
18.718271,1.1427269
17.315416,0.89510155
19.294212,1.3817825
17.28347,0.935091
17.39409,0.92572594
17.344158,0.88928986
18.64956,1.0834789
18.7487,1.121727
18.463879,1.1516762
17.082188,0.8843403
18.515549,1.0924644
17.388145,0.9177189
17.539045,0.9498863
17.27404,0.92943573
16.700224,0.8860588
16.618128,0.8542805
19.775015,1.5722961
17.383406,0.9135742
19.413824,
18.001345,1.0237827
16.227516,0.86371326
19.661505,1.502964
19.173182,1.2456017
18.889223,1.2297134
17.414738,0.9321785
13.173434,0.3110304
18.339853,1.1311569
19.630701,1.4599457
16.467302,0.8714924
15.871993,0.88421535
16.034382,0.8679266
18.927174,1.2041264
18.777035,1.298523
15.92246,0.9082413
19.199192,1.3799934
19.71967,1.4911671
18.210587,1.0252266
18.439848,1.1324062
15.901471,0.9447117
18.67431,1.2015266
18.97789,1.2710209
19.026285,1.2319202
16.851297,0.8737736
18.934536,1.2152538
17.525818,0.9431267
17.887354,1.0113144
18.955492,1.301054
17.620909,0.95283127
18.054916,1.0529919
17.979965,0.97535133
17.919498,1.0127697
17.75011,0.96974754
18.192738,1.0841389
17.178595,0.8779297
16.030228,0.8729849
18.067427,0.94434166
17.948666,1.0072117
17.433851,0.9309597
18.433338,1.056509
18.42231,1.1529312
15.829119,0.93391037
15.80526,0.9377117
14.500403,1.1413298
19.151995,1.3503304
17.670937,0.9663372
18.475437,1.1356735
19.192196,1.2790184
18.35669,1.0852127
17.776735,1.0207405
19.802355,1.5345669
17.344475,0.9132004
19.00734,1.2389164
17.003126,0.890831
19.827433,1.4374237
17.96782,1.0483303
18.519945,1.1805992
17.889067,0.9718857
15.962852,0.904624
18.329882,1.1017075
16.085987,0.89193344
17.59942,0.9290829
18.588966,1.1445618
16.372993,0.8463764
15.869434,0.9124403
17.082062,0.8854599
16.675304,0.8567753
17.65733,0.9511986
14.801234,1.105423
18.900156,1.14011
17.452728,0.9158306
18.090227,1.0256042
19.270082,1.2628136
16.306606,0.8558893
18.54473,1.054287
17.632687,0.98962593
18.478548,1.18367
17.674622,0.95651436
18.057388,1.0501747
16.236101,0.87492466
17.570446,0.9637909
18.780396,
19.983675,1.5847263
17.776384,0.9355774
17.740583,0.9976406
18.248302,1.1019936
19.546068,1.389122
17.053675,
19.324171,
14.55487,1.1528978
13.577889,1.1948996
18.687857,1.1890011
17.648579,0.8932648
17.562838,0.94437027
17.092394,0.95820427
17.527037,0.94576836
19.163654,1.252327
19.260248,1.3380604
17.739628,0.975214
19.903965,1.5825825
17.892109,0.9847374
19.058746,1.1912498
19.011005,1.2403755
15.655225,1.0642376
18.876303,1.1800766
19.536322,1.2923565
19.07515,1.0872688
17.651731,0.96118355
19.229177,
16.471693,0.8300657
18.334734,1.0154476
18.76253,1.195467
13.526598,0.211092
18.14626,1.0338421
17.90167,0.96188927
17.00006,0.89726067
17.419542,0.9221306
15.82374,0.90208817
16.717203,0.85964394
19.445986,1.3699551
18.435587,
17.742231,0.91560555
17.595491,0.9368458
19.197443,1.2470741
16.887365,0.85045433
17.473404,0.9935608
16.908466,0.866415
14.303521,1.1228514
17.673084,0.96964645
18.209297,1.0654984
17.029186,0.87220955
16.432444,0.892683
19.508617,1.368267
17.186573,0.9236622
18.184706,1.0169258
17.23817,0.89068604
17.955475,0.9731388
16.577522,0.84795
16.337275,0.84630585
18.699299,1.0565128
17.2684,0.96022415
14.843478,1.1040602
19.276882,
13.600951,1.172307
19.253513,1.1002998
17.502056,0.9334545
18.355862,
19.283766,1.2051601
16.684052,0.86852074
16.191132,0.8440008
19.30133,1.2614956
16.474007,0.8578148
18.664347,1.1970577
17.393448,
18.516558,
17.450438,0.9781685
16.062458,0.94253826
13.157415,0.34361267
16.566835,0.8569908
13.658166,0.22845173
17.806879,
19.739311,1.33494
15.768998,0.9231272
18.610992,1.3352852
17.837706,0.9297867
16.019405,0.87668324
15.771986,0.95896244
18.897938,1.0746803
16.835827,0.91845703
19.99736,
16.048098,0.93636894
11.328781,1.3800926
18.172056,
17.33967,0.8178501
16.788548,
17.945143,
13.575071,0.26238728
16.00209,0.9392357
17.393917,
15.681921,0.9780035
18.505009,1.1618481
18.636951,1.1315842
17.829538,0.98950195
17.050209,0.88713646
18.617651,1.1166
17.49707,0.91059494
16.581629,0.854002
18.3011,1.1545448
18.472229,1.1083488
17.291792,0.9174137
17.646996,0.9656124
19.444721,1.0293999
17.742075,0.94937325
17.158602,0.91034126
17.055649,0.91256905
17.82158,1.0557117
19.276144,1.4539242
19.144947,1.184288
17.403797,1.0418949
17.231598,0.913702
19.705448,1.2988224
17.107525,0.9167557
18.1323,1.0296497
17.612785,0.9950218
16.49308,0.8547344
17.11108,0.9025364
19.327099,1.4189682
18.563694,1.139822
16.383713,0.89287853
17.511913,0.9721165
19.204763,1.300169
18.13286,1.1025696
16.022705,0.8687887
18.068129,1.0280933
15.863108,0.89523506
16.985771,0.9535179
15.269382,1.0662966
18.474463,0.94057274
17.990026,1.0333157
17.54292,0.8823395
16.984196,0.8655491
11.775543,1.3223763
17.783806,
18.030317,0.9699211
17.464228,0.92100906
15.986102,0.8946705
16.747208,0.8817959
15.85233,0.9069376
19.996538,
17.734818,0.93754005
19.332418,
16.599072,0.9116373
17.238743,0.8805828
15.815859,0.9085045
17.228514,0.8792629
18.626127,
15.916075,0.8686943
16.754995,0.855896
16.042242,
16.535223,
16.962004,0.8663349
18.470057,
17.621616,1.0044441
16.898357,0.91054726
18.00552,0.9394779
17.462841,1.0454426
17.560995,
16.719448,
16.429272,0.8104553
18.210072,0.97452164
17.583689,0.8689499
13.324256,0.2741251
17.662678,
12.859326,0.51005363
18.015162,
18.51043,
18.254368,
17.595728,1.0019894
19.9095,1.5113106
17.809792,1.0670872
19.261374,1.3296089
18.274984,1.2118855
16.370872,0.87069416
16.591297,0.8276005
18.349588,1.1700001
18.982464,1.2147846
18.159424,1.035286
17.19785,0.901453
13.997417,1.1530056
17.693007,0.97101974
17.889389,1.001936
19.425451,1.2714138
17.751577,
13.197398,1.2147684
17.410324,1.0021191
13.1018095,0.32983398
15.466461,1.0746288
19.917028,
11.834956,1.3246593
17.905293,1.2289104
18.946438,1.2745533
17.41705,0.9321861
18.449146,1.086729
16.494276,0.90103245
16.732452,0.88046455
15.927745,0.83675385
18.958364,1.2315216
17.58069,0.96528816
13.2634325,0.28577518
19.133226,1.1276207
18.991104,1.2655811
19.50951,1.5549068
19.066776,1.3158054
14.814238,1.1141596
18.930548,1.1881561
19.148703,1.1977291
18.323343,0.85302925
18.266876,1.0586739
17.456799,0.93784904
17.688938,0.9973831
17.95251,1.1232796
18.543655,
17.992413,1.0021801
18.716318,1.2801514
18.387175,1.1053982
18.489885,1.2139225
16.513369,0.8522072
16.149336,0.84894466
18.268976,1.0661621
19.433111,
16.583166,0.8730202
19.19382,1.3540096
18.331205,1.0351543
17.251614,0.9036827
18.760977,1.0666924
18.597876,1.1621227
18.877413,1.2318592
17.066319,0.8977871
19.411257,1.3637924
17.675312,0.963562
18.514914,1.0667763
19.479065,1.4702721
16.327787,0.84662914
16.64778,0.90052605
16.86138,0.8874569
19.681068,
16.378109,0.8678694
17.997932,1.0305958
16.064417,0.88336945
17.46103,1.0201015
16.762342,0.91724014
13.535118,1.1809492
19.115366,
19.31379,
16.475264,0.85439396
17.313202,0.9256344
17.933544,
17.671515,0.9108219
17.31009,0.92440796
16.628239,0.8556442
16.586004,0.83819866
19.840761,0.8791313
11.1395035,1.4102755
19.82614,
18.777632,1.1397457
19.71225,1.2471981
19.293816,1.2375889
16.563025,0.9192419
16.52973,0.8654499
19.179087,1.2167015
15.574004,1.0006037
16.71436,0.99404526
17.212448,
17.162716,0.8353443
17.212063,
13.045391,1.2172098
15.778161,0.9471073
13.988292,1.1713495
16.533327,0.8370085
16.36367,0.86075115
16.90695,0.8793354
19.41028,1.4263287
18.22256,0.9736595
17.09085,0.8862133
17.365446,0.96126556
16.044165,0.8538151
18.222088,-0.0044784546
16.641457,0.86839294
17.035738,0.8784752
17.456202,0.9094925
17.049425,0.88801193
17.648241,0.96326447
17.833534,0.98361015
19.80747,1.3696918
17.15403,0.9146347
15.819804,0.9097042
13.172157,1.2073984
18.573244,1.0271206
17.26253,0.93730736
16.058516,0.884531
17.793873,0.96414375
18.397135,1.0731297
17.033865,0.8930721
17.319197,0.88568306
16.179573,0.8702183
18.46774,1.1490974
19.400242,
17.458006,0.9674301
17.64853,
17.510418,0.96201897
18.247564,1.065361
18.588459,1.1447735
17.285795,0.92098236
18.640156,1.0183048
16.933138,0.9081745
18.97939,1.0486832
17.839119,0.99783707
16.676174,
16.512016,0.90987015
16.387604,0.8694725
18.001059,1.0414238
19.77622,1.4066677
18.407333,1.1045284
17.296162,0.94371223
16.227001,0.87984943
16.75813,0.9428482
17.872406,1.0077114
18.926847,1.2514229
17.711271,0.9789314
17.687294,0.9855938
17.640335,0.9928589
18.687386,1.2659359
19.83911,1.793232
16.522245,0.86616325
16.008308,0.8854103
16.502558,0.86591053
17.026602,0.9058819
18.123863,1.1168251
18.984026,1.1726837
16.30974,0.9469938
18.272816,1.5970984
17.154955,0.3708353
17.362904,0.87558556
17.439468,1.0257015
15.132443,1.0827608
18.237705,0.94739914
18.731491,1.1920967
16.278214,0.83273983
17.53931,0.9879532
18.024252,0.7996235
16.52967,0.8376074
16.31413,0.85089874
16.475569,0.89117813
16.07542,0.8935776
13.831403,1.1856098
17.310925,0.93927574
16.880335,0.9216747
19.358208,
17.77636,0.9868946
18.802986,1.2203903
16.943436,0.8670292
19.22954,1.3559322
17.998104,1.0315685
19.507465,
19.07854,1.3217602
19.254913,1.355236
17.172457,0.91693497
17.607006,0.9859886
16.25139,0.8668003
19.206015,1.1990166
19.822128,1.2522984
13.315007,0.32488632
18.920996,1.2702103
19.656313,1.5759792
17.620872,1.1163635
18.54873,0.9981346
17.211761,0.90971756
16.956514,0.9100647
18.705547,1.1001549
16.262781,0.8353586
16.785452,0.89196587
16.91473,1.1652012
18.135761,1.2373257
19.015137,1.1155777
17.818804,0.993412
16.357323,0.85164547
18.747593,
17.07412,0.9969368
19.416815,1.323412
19.116194,1.3113022
17.576292,0.99659157
17.472916,0.95933723
16.65925,0.88446236
19.824942,1.2166862
15.8006525,0.9679365
16.949009,0.9264469
15.660961,0.9930515
16.830639,0.88816833
18.261953,1.0603218
18.83122,1.3001862
19.832417,1.4032459
17.60845,0.9752903
19.158434,
16.270458,0.89824486
16.825573,0.8677883
17.146421,0.8760357
19.642353,1.2846584
16.601685,0.85235214
17.397272,0.9161911
19.385374,1.3848476
17.836517,0.9731693
18.15784,1.038351
18.777842,1.3360767
19.531118,1.379324
17.136179,0.9188194
17.4855,0.93356895
18.30204,1.1051388
16.951256,0.90247345
17.969812,0.9864788
19.767086,1.3958492
19.106234,1.2800388
18.784174,1.2278843
19.12323,
18.186697,1.0677643
19.059576,1.2326698
16.408895,0.8585558
17.676422,0.9686508
17.705408,0.92471695
17.107166,0.91176987
17.869684,1.0455837
16.70539,0.8662796
18.799751,
19.782866,1.1869411
18.257076,1.109539
16.959835,0.9249706
18.525984,1.0578556
17.398542,0.92702293
19.779905,1.5681553
15.478375,1.0671005
16.993694,0.9044819
18.059076,1.0151749
18.043375,1.0054588
18.690825,1.1110668
17.930244,1.0202274
18.042372,1.04636
18.960781,1.31744
18.494389,1.0476761
16.497028,0.89102554
17.0113,0.89165115
17.44504,0.9612999
19.111485,1.3336201
16.233723,0.8931265
18.924664,1.1870747
19.460135,1.3833408
18.584942,1.1634026
16.478254,0.91126156
18.8467,1.2758598
17.04445,0.9089756
17.035326,0.8877983
17.876749,0.9955559
16.440437,0.8989887
19.14499,
17.329897,0.92993164
17.304432,0.92334175
17.399132,0.9454422
16.68486,0.8665886
17.69569,0.9836159
17.929806,1.0207272
19.58736,
16.900867,0.917511
15.577007,0.9911566
16.21475,0.91260624
18.580278,
17.02191,0.98265076
18.37427,1.1190815
17.306995,0.898304
18.47445,1.1379452
14.439244,1.1370583
18.193642,1.2120113
17.558414,0.9313717
15.772077,0.9502144
18.656332,1.1026382
18.132757,1.0157127
18.145058,1.0328999
18.576582,1.1437283
18.6704,1.1714287
18.428347,1.1156292
16.997005,0.8981304
17.467596,0.967659
18.367973,1.1223507
18.344269,1.152401
17.718805,0.9631729
15.3972025,1.0419312
17.25799,0.89170265
17.559574,0.9414005
19.781254,1.5350742
15.799815,0.9441681
17.177277,0.8930645
17.307495,0.94454193
19.118734,1.2571964
17.382082,0.9401531
17.123394,0.8988514
15.9084635,0.88766
17.617073,0.97903633
16.668026,0.8424053
13.9330845,1.1560335
17.419926,0.9396305
18.93676,1.198225
18.50506,1.1950264
16.749578,0.8761864
16.235502,0.86939716
18.165604,1.0543308
18.581541,1.1933384
17.826902,0.92765427
16.698534,0.89614105
19.077038,1.373024
17.536383,0.90031433
17.465185,0.9689121
19.607588,1.466032
19.185118,1.3387623
17.235744,0.93112946
17.220669,
18.300938,1.136343
19.399685,1.2753906
17.902855,0.97930145
17.93324,1.0121574
15.86721,0.91054535
17.535244,0.9328861
16.520622,0.84524345
17.767706,1.004221
19.213198,1.190073
17.327715,0.9969387
17.240505,0.91158295
18.07988,1.0457916
16.573912,0.87239647
19.401796,1.3746719
17.366943,0.9273453
15.628278,0.97339916
17.193716,0.91433334
17.828533,0.9766388
19.166521,1.3521175
14.337831,1.1424332
18.366617,1.075777
17.07576,0.8651562
16.775448,0.8583412
16.432251,0.82621384
16.946894,0.87000847
17.776793,0.9573765
16.139704,0.8226013
17.953524,0.9898968
19.843763,
16.417112,0.8870182
18.935951,1.1969547
16.245209,0.8354616
18.206972,1.0141068
18.462954,1.1105385
16.56955,0.834486
16.631762,0.82992935
16.464617,0.8317852
19.49809,1.1649418
19.465805,0.40384674
18.861761,1.1526146
19.096703,1.2638359
18.023516,1.0100555
18.264194,1.0302944
17.627314,0.9295521
19.254213,1.1606445
17.74229,0.998579
19.419386,1.333435
13.180313,1.2182913
13.441218,0.2695017
18.2259,
17.594427,0.96603966
19.969194,1.5365353
17.55204,0.98004913
17.670177,0.92072296
18.769508,1.1993427
18.971716,1.2325954
17.338627,0.96221924
18.483541,1.1422291
17.51792,1.0105247
19.685453,1.465271
16.254707,0.8081598
19.768183,1.312439
18.038712,1.0151272
16.2893,0.82660294
16.96224,0.8810482
17.44522,0.9290314
16.228758,0.82903767
15.759347,0.89681816
18.786366,1.1665573
19.037514,
18.652864,1.1616764
17.813484,0.9756546
17.538143,0.92720604
18.353249,1.073185
18.714918,1.1237679
18.56855,1.0914536
17.522434,1.0065613
15.874389,0.8758869
16.72356,0.8090534
16.102507,0.8542242
18.356163,
17.000803,0.8729019
17.01563,0.88601494
18.202898,1.1404228
18.795849,1.2384357
19.925716,1.4032917
17.38768,1.0419006
16.592798,0.850996
16.746422,0.8696747
17.081024,0.9170723
17.94609,1.0418091
19.170807,1.3313255
19.013306,1.2631359
16.751608,0.860302
18.127106,1.0372734
18.243917,1.0908909
18.08385,1.0439262
15.678488,0.9704609
19.16002,
18.660093,1.1295319
17.750225,1.0205536
17.346779,0.91199684
18.31883,1.0438938
17.0042,0.90250015
17.866922,0.98906136
18.621851,1.1156483
17.199425,0.8984146
19.640478,1.4273682
18.17601,
17.032103,0.89977455
16.114145,0.86028385
18.034996,0.9894123
17.115677,0.9017849
17.803776,0.99404144
17.683054,0.92920685
17.12733,0.91736984
17.53783,0.93223953
16.3873,0.84582233
16.187044,0.91407776
16.817146,0.89108276
17.205708,0.9064522
19.024763,1.2487698
17.708963,1.0898533
17.15528,
18.311522,
16.795202,0.94560623
14.209105,1.1950197
14.5687895,
17.04724,
17.791655,0.97341156
17.329628,0.94680595
18.584112,1.0992279
18.59736,1.117012
19.958553,
18.520731,1.1517582
17.452305,0.9331684
16.46319,0.8589306
17.918528,1.0035305
14.986164,1.1065807
18.245182,1.0512543
18.49909,1.2706337
19.67936,1.1715622
18.830044,
15.933715,0.9088154
18.310194,1.0800133
18.367249,1.1269169
19.692186,1.440527
16.791473,0.87618446
19.95344,
17.042212,0.8930607
19.390827,1.3299828
19.114046,1.2321186
17.354868,1.0519485
17.216019,0.90055466
17.875113,1.0032883
17.262657,0.91765976
18.04108,1.0357418
18.325958,1.0770893
16.955297,0.90786934
18.73731,1.2247753
16.005642,0.88224983
17.660244,1.0494862
16.075903,0.8863907
17.137486,0.90921974
16.488106,0.8572912
18.568323,1.1810703
18.58263,1.1939716
18.641603,1.2001247
16.899927,0.89284897
18.872133,
17.72023,1.0098743
16.876387,0.8745785
17.251701,0.7947216
18.117844,0.998003
16.195217,0.8402519
17.166155,0.92069244
18.375124,1.177351
16.021011,0.86120605
19.288824,
19.701,1.5284233
18.68069,
17.677078,1.0306568
19.00497,1.2137527
18.905588,1.2002506
16.353064,0.84175205
16.736473,0.8707218
16.686243,0.8786144
18.234726,
16.699654,0.87189865
16.583641,0.8466139
16.430387,0.89351654
16.15122,0.84347343
17.180338,0.94942284
16.870243,0.9154625
18.676636,
16.819578,0.8665714
17.425852,0.88869095
18.503796,0.7274933
17.698927,
16.667868,0.8661537
17.611687,1.0259666
17.73053,1.4991455
18.665808,
15.628667,0.9756746
18.339106,1.0983047
17.253717,1.0174713
18.413422,
17.800749,1.0665092
16.517319,0.8587284
16.35944,1.0093336
16.643623,1.0613432
16.829927,0.8822365
15.660128,0.96308327
16.879736,0.9071274
17.330597,
16.061043,0.91075516
18.421417,
15.772454,0.95919704
16.32191,0.88434887
18.504309,
16.704176,0.9590092
18.585857,1.1321354
18.94062,
19.105711,1.4713039
16.830778,0.86423874
16.43215,0.86149406
17.99408,1.0380325
13.673192,1.1727142
18.748915,
18.884634,1.2541447
17.936403,0.9321728
16.98255,0.8802204
16.191357,0.8728018
18.357399,1.085001
17.975723,1.0097866
17.150179,0.89787865
17.218527,0.91521263
17.74673,1.2148895
17.2902,0.90963745
18.205256,1.065155
14.110435,1.1542768
18.914398,1.204565
18.300146,1.0663147
18.583668,1.1790257
18.606396,1.2504673
18.199947,1.1436539
18.48942,1.1452808
18.649233,1.133995
18.199957,1.0146046
18.910358,1.3994923
16.596386,0.91105175
17.330643,0.9192543
19.837084,1.5037441
16.79863,0.8599701
18.5862,1.2005806
19.059473,1.1242447
19.653006,1.4261875
15.782094,0.94339466
19.508512,1.4529724
18.06482,1.0272312
19.561108,1.3902378
19.722815,1.3984184
18.408325,1.0952282
17.794088,0.97369003
19.294855,1.3630123
17.34023,0.9090252
19.27727,1.3523407
18.119137,1.0325928
17.609058,
19.032867,1.2889557
17.921337,1.0068169
18.645786,1.2468147
15.269852,1.0976572
17.399788,0.92502403
19.372242,
19.448917,1.3914795
18.633976,1.1364613
18.417835,
16.744223,0.8893852
17.170494,0.888834
17.954689,0.9739342
18.415752,1.2829685
17.547087,0.9720478
17.468685,0.92302513
19.98921,1.6483574
17.193918,0.9091873
16.038214,0.8617983
18.367056,1.1955166
18.092165,0.8896599
19.100733,1.2450542
19.33294,
16.941463,0.8755684
16.059366,0.8669081
18.309732,1.1852722
15.986692,0.9159508
15.8939905,0.9094534
16.59637,0.8892746
18.071547,
15.6717005,0.98375225
17.595669,0.82369995
17.85947,1.0847397
18.050787,
18.752487,1.1198654
18.08734,1.0361347
13.026491,0.32765102
16.87256,
17.98588,0.9231453
16.813831,0.9301243
17.042522,0.83564186
17.961887,0.92194176
15.79646,0.8686838
17.36477,0.91999817
17.88833,0.9834099
19.59841,
16.017845,0.8929348
17.756788,0.89871025
16.45848,0.84657
16.23287,0.90695953
15.554203,1.0485182
16.511688,0.90679836
18.674728,0.9623661
15.982911,0.8803873
16.675266,0.90268993
13.614256,0.32360077
16.93031,0.89409065
16.544361,0.81934834
16.5852,0.91299057
16.097086,0.90692616
11.883657,1.2198114
19.126154,1.0621109
17.329453,0.8904648
19.22648,
15.162603,1.0917559
18.081589,1.0423222
18.821482,1.174818
13.603657,0.262681
17.174143,0.8330698
16.847023,0.87251663
16.367952,0.91486263
15.565023,1.0089216
17.603369,0.9521351
17.14567,0.8648491
12.254931,1.2928305
18.93879,1.2223644
18.606302,
16.619993,0.8804035
17.428112,
17.67783,1.0340633
17.873343,1.0319481
16.043234,0.7774849
18.694649,1.2658253
18.091095,1.108736
18.452768,1.0698719
18.87264,
16.011696,
15.635309,0.9382858
19.179218,0.94059753
15.36918,1.06703
17.550531,0.9764786
19.376997,
17.572285,0.9149227
17.871393,
16.921,0.9046669
16.73441,0.8840771
16.10466,0.88406944
16.627195,0.85271835
17.474468,0.93139076
19.091604,1.2856007
17.434341,0.8726578
18.512455,1.1195126
9.542274,1.7426491
16.797789,0.8718624
17.923986,1.0728626
17.003757,0.93580437
17.908072,1.0122662
17.29441,0.92259026
19.83614,
19.625916,1.3581867
18.485136,1.1298676
16.966808,0.9331436
9.667377,1.7196999
18.879942,1.2447414
14.229519,1.1577396
16.33508,0.91947556
16.513645,
18.630243,1.0795078
19.526241,
16.992935,
18.021126,1.0095806
18.002506,
17.289724,0.82136536
16.954254,0.8481579
16.536373,0.853878
17.290106,
15.680473,0.98149586
17.332016,0.9032402
17.053331,0.90426064
16.538042,0.8439379
18.603481,1.2150745
17.849707,0.9813194
19.835182,1.7548008
18.306774,1.0579109
17.463394,0.93359566
17.376543,0.9568691
19.734253,1.3477821
17.476759,0.8174839
19.494148,1.2358284
17.631323,0.9414158
15.670845,0.9830656
16.733133,0.8864422
19.705154,1.5150299
16.850351,0.88207626
18.474604,1.1173191
19.610802,
19.986458,1.5370674
18.393164,1.0604191
15.597551,0.99025154
17.818396,0.98008347
18.513823,1.1654797
16.551981,0.8620472
18.699476,1.1664104
17.440874,0.9292164
17.708687,0.98119545
17.07189,0.89741135
18.958607,1.2241611
18.712923,1.0185432
18.542858,1.1360722
18.974644,1.2927055
17.411032,0.9291229
17.84845,0.98083115
17.701006,0.95285225
19.666775,
19.267803,1.3489094
19.81362,
18.96732,1.2517414
17.370647,0.931118
17.060753,0.9032974
15.463045,1.0889254
19.663929,1.4259968
19.76175,1.4471855
19.284176,1.2485161
17.930983,1.0059967
18.299686,1.0537052
18.287277,1.0866718
17.6378,0.97797775
18.553505,1.1160526
19.344343,1.3106556
17.665264,0.96386147
18.462103,
19.169962,1.3200245
19.138016,1.3056145
16.114552,0.87429523
16.783504,0.8777523
17.720585,0.97865677
19.485655,1.4834156
17.421562,0.946188
18.63104,1.1735134
19.750666,1.5800972
19.969221,1.5118618
19.08858,1.2613335
18.766518,1.1897945
16.945189,0.91298866
17.273771,0.9287548
19.026371,1.2965813
16.757748,0.8743286
16.700644,0.8872795
17.73828,1.0087624
18.72244,1.1753101
19.562237,1.4811783
17.455254,0.95764923
18.220612,1.0673275
17.644976,0.95617294
17.15973,0.9128227
17.671448,0.9602165
17.492558,0.96268845
19.737448,1.4265785
18.191738,1.0856991
17.837807,1.0289669
16.987324,0.9179115
19.887772,1.6393414
16.285131,0.8573923
15.40265,1.0480013
17.055773,0.92767525
13.152452,-0.19045258
17.305887,0.9308624
17.025822,0.9572582
17.95563,
16.873508,0.95155907
16.226805,0.8561382
18.993252,
18.090916,1.0385132
17.054863,0.9152527
17.421831,0.90751076
17.05234,0.91347504
17.678293,0.97208023
19.13825,1.2906094
17.194702,0.93237114
16.589876,0.86627007
17.065615,
18.437319,1.1433525
16.119139,0.86902905
17.070513,0.9154682
17.84217,0.977581
19.151093,
18.923325,1.2588787
17.697151,0.97872543
17.692112,0.99952507
18.065517,1.0329361
17.103294,0.90405846
19.952625,1.457653
17.03537,0.9047451
17.23753,0.93367577
18.66003,1.1587639
18.77484,1.1615486
17.852253,0.9795799
19.152077,1.4757061
18.76368,1.18964
16.368673,0.8539667
17.77723,0.9639225
18.888462,1.1997681
18.349064,1.1470032
19.622694,1.439806
17.36507,0.91288185
15.741604,0.94227886
17.498486,0.96035576
17.534893,0.978096
17.590742,0.95900345
18.506912,
19.010288,1.27244
18.793898,1.16506
18.549484,1.1797028
18.28401,1.122942
18.42428,0.9977932
15.776406,0.92546844
15.401387,1.0455322
17.629026,0.9785156
17.772964,0.999136
19.50153,1.3919659
18.04583,1.0375042
16.394001,0.8592224
16.440353,0.86556244
16.1204,0.8651171
18.082945,1.0526752
17.685167,0.9686985
19.256971,1.2574749
17.936205,1.0108547
18.021147,1.0086803
19.663296,1.3276787
18.554367,1.1994057
16.848299,0.9320698
19.607943,1.3216743
19.894476,1.6030674
18.789236,1.1886063
19.088161,
17.980335,1.025919
17.270597,0.92850685
13.936889,1.1839828
18.603231,1.1804123
17.450294,0.9510174
18.463715,1.0955772
18.315668,1.1244259
17.672003,0.9681072
16.857292,0.87778664
19.19881,1.2959404
17.59023,1.004055
18.000978,1.0330257
17.746862,1.1126175
17.807112,1.020647
17.376495,0.9352722
17.982018,1.0231495
18.260765,1.1016598
16.874065,0.9416313
16.585854,0.8805065
19.290936,1.2983284
16.062817,0.8823185
18.180721,1.0586605
17.77921,1.0040245
18.511591,1.1593609
14.5522,1.1239872
16.92913,0.8726845
18.553673,1.1254559
16.604027,0.8842716
17.862024,1.0176239
17.748829,0.97099686
15.691014,0.96040154
19.037401,1.3172245
17.321115,0.9758129
17.560455,0.9860287
16.748405,0.89668274
18.370794,1.0620232
15.954274,0.90470123
16.882198,0.89611244
16.720585,0.8870621
16.528963,0.85320854
17.599264,0.9603367
16.470411,0.8559475
17.792349,0.96055794
18.497944,1.1090717
17.08054,0.8775959
19.182564,1.2683029
18.724104,1.1954556
19.296993,1.3995075
13.49245,0.2555933
18.707268,1.1583614
16.632643,0.87553024
17.288015,0.9194546
17.536366,0.9664116
18.454866,1.1114693
18.613342,1.1713657
17.08425,0.8921509
18.814636,1.1753387
15.860835,0.9116974
16.548403,0.87072945
18.142036,1.0520554
16.449617,0.86300945
15.2582035,1.0866356
16.370531,0.8471861
18.414608,1.069828
19.009819,1.2713337
17.388212,0.8803425
19.590961,1.220192
17.400324,1.0504684
13.003999,0.38672352
16.771448,1.0104713
19.546465,
16.399761,0.85885906
18.972975,
17.723923,0.9578991
17.478989,0.9377136
19.46302,1.3159676
19.320131,1.2729435
19.931942,1.5885391
18.784002,1.2156429
18.902744,1.2954407
19.319853,1.4012184
16.31648,0.8654432
19.281862,1.2522926
18.470287,1.160574
18.87042,1.2378883
16.37903,0.8982811
18.681341,1.2485371
15.741031,0.98006535
16.608088,0.9080181
16.616905,0.87122154
12.644398,1.2577991
17.592066,0.97016144
17.347734,0.91620255
13.1548,0.32957935
18.103155,1.027771
17.917917,
17.250957,0.9113884
19.652826,1.5362759
16.484325,0.8686333
17.285471,0.97888374
18.402468,1.2214413
13.7741995,1.184205
16.003498,0.87315655
18.5791,1.1725712
18.281466,1.0723705
18.217506,1.0674114
19.524704,1.2011433
16.991568,0.86829185
16.023315,0.8829622
19.184753,1.2777328
16.80121,0.86022186
19.421717,
17.775784,1.0137825
18.871275,1.2016449
11.475073,1.3017435
18.834484,
18.054146,1.0214996
18.355217,1.0631046
16.935764,0.91160965
17.450092,0.9523716
16.565826,0.869154
16.41254,0.8681345
19.554405,1.3554344
19.399353,1.3068676
17.930367,1.0255337
18.045208,1.001234
17.41679,1.462244
17.010195,0.92656326
18.323458,1.1203976
18.024445,1.0226841
16.620106,0.86434937
19.379906,1.4005833
18.385141,1.1477699
16.04429,0.8513441
17.648684,0.9280071
17.063631,0.88741875
16.683363,0.8214388
18.905893,1.1978016
19.007723,1.2044315
18.6311,1.1675396
17.539541,0.9591522
19.196709,1.2758827
17.097084,0.9167423
17.206392,0.91622543
15.310923,1.1036997
18.693665,1.2016811
17.61286,0.9826889
16.733158,0.8829746
19.644413,
16.68168,0.8842621
18.871319,1.3217545
17.991766,1.0246773
13.492377,0.27404213
18.057903,1.0785961
18.78728,1.2676678
16.064297,0.9114151
17.540058,0.6875973
18.14022,1.0730228
19.330858,
17.56169,0.9983158
17.33274,0.9146576
18.593246,1.0930176
16.501858,0.8630686
19.233923,1.3703175
16.153738,0.877965
16.622398,1.0506525
17.913956,1.0428944
18.655712,1.2926006
19.221182,1.2989864
19.296886,1.2207565
18.923811,1.1994858
18.895914,1.2982483
12.997822,1.2302437
15.995626,0.8912163
15.833066,0.94192696
16.445637,0.85444355
16.315998,0.98729324
18.603607,0.89614487
17.658737,0.947382
17.515022,0.99468994
11.3807125,1.3871536
18.018148,1.0005207
17.740137,0.9696331
15.901712,0.904891
15.515281,1.0331268
17.880634,1.0271893
17.622202,0.9588356
17.09049,0.8708782
15.670968,0.90062046
17.890732,
18.251888,1.1497803
15.307242,1.0872669
17.94727,1.0481815
15.549222,1.012641
18.432476,1.2954407
14.63345,1.1485043
19.871239,1.3683014
16.626537,0.85853577
19.113605,1.2710819
16.385191,0.85412884
17.946228,1.0861149
18.918093,1.3089695
19.564611,1.6059132
17.819414,1.0852432
18.13497,1.0825577
17.242945,0.93107224
16.65671,0.87784576
18.25822,1.063755
18.521421,1.1450863
19.049631,1.3549175
19.66549,1.3233795
17.33227,0.9316826
18.758448,1.174818
17.650097,0.97229004
15.597655,1.0416279
19.348486,1.2994499
18.500988,0.2063694
16.265154,0.8673191
18.971506,1.2130871
19.338497,1.3317547
16.82533,0.851614
16.145851,0.8677845
16.543833,0.8454094
18.357992,1.0726662
19.433327,1.3476334
18.202673,1.0765667
16.074654,0.883111
17.955761,1.0102425
16.938599,0.878191
16.86072,0.8764725
17.641459,0.96521187
19.84733,1.4076614
16.149588,0.8639183
17.173552,0.9189682
18.702126,1.1847286
19.802698,1.4010525
14.618832,1.1373234
16.551706,0.90636826
18.871433,1.219698
18.574284,1.0923157
19.494839,1.3258152
17.084143,0.92651176
15.812183,0.92226505
17.125223,0.90060997
19.53964,1.4067459
17.318487,0.91669273
18.749575,1.1316833
17.739985,0.9711075
17.936422,1.0207481
19.360594,1.3000984
18.515682,1.1562576
19.060709,1.2613087
19.618946,1.3526325
16.501207,0.8621664
19.44293,1.4526672
19.850199,1.6049767
18.728184,1.1854172
18.280256,1.1455212
18.031752,1.0540028
16.19976,0.8665333
15.494794,1.0359955
18.245049,1.0844765
18.937801,1.2783318
17.485617,0.96816635
19.210163,1.2768555
17.130814,0.9346657
16.476627,0.8881464
17.57073,0.9702606
18.785254,1.2436008
17.118206,0.92232704
17.68687,0.98231125
17.948603,1.0574265
19.768204,1.4758148
17.756817,1.0098248
18.35274,1.0984192
19.237507,1.3973961
17.106153,0.90231514
18.475473,1.1170521
18.541037,1.0593414
18.882338,1.1338215
18.109203,1.0779133
18.041197,1.0704174
18.445126,1.0951443
18.218763,1.0533733
13.3154,0.30544758
17.820467,1.0102463
17.44336,1.0192108
19.04423,1.2467518
15.971618,0.8840351
18.619112,1.1762943
18.948055,1.2336578
18.141956,
18.72622,1.125494
18.622581,1.166565
18.643017,
16.284729,0.8679018
17.108019,0.9057064
16.821335,0.8857956
17.230389,0.9592171
17.17416,
18.382082,0.7946987
16.68821,0.9247875
18.471888,1.2183685
17.892717,0.9565716
19.036352,1.1881046
18.216728,0.944397
16.249886,0.8829546
17.50884,0.9591789
16.033998,0.89231586
18.535305,
18.627005,1.2975941
16.387035,0.8734989
16.16122,0.8570862
17.759216,1.0016689
17.764988,0.993454
18.185102,1.1598072
17.95362,1.0471897
14.434627,1.145524
16.517483,0.86609364
13.829849,0.18206787
13.762579,1.1619415
18.047316,0.93961334
16.732464,0.9081631
18.280128,1.0810051
18.006544,0.94963837
18.84535,1.2602463
19.18855,1.4309559
19.479881,1.3224792
17.904533,0.9525471
18.812777,
17.365824,0.9377079
18.021715,1.0065689
18.12799,1.0465488
19.422026,1.3602791
15.751501,0.93313694
17.885384,1.0135689
18.46758,1.0696373
18.652203,1.1546154
17.421806,0.9403801
18.23052,1.0647945
17.973185,1.0237179
17.667566,0.9599304
17.373466,0.9246311
18.139423,1.0232964
18.33491,1.1224403
17.218822,0.9217758
19.078194,1.2582741
18.317234,1.0814896
15.78165,0.9053097
16.198149,0.8599615
19.268904,1.1789589
18.393076,1.1036453
16.743244,0.8909378
15.996989,0.8948755
19.07375,1.2976265
18.796236,1.2563286
17.713516,0.98352814
19.59617,1.5384636
18.648006,1.1834316
18.691902,1.1354198
17.837002,1.0406933
18.675901,1.1983681
19.193981,1.3329144
17.15043,0.9821663
19.356478,1.500349
18.458246,1.1502228
17.24802,0.93331146
17.608597,0.97216034
18.5361,1.1566925
19.899984,1.5191994
17.43911,1.0259953
19.509008,1.3253441
17.956835,1.0928917
13.143256,0.35900497
16.780434,0.91399384
17.363592,0.9420109
19.691233,1.4207611
16.812443,0.89757156
17.68882,0.9475212
15.798145,0.9059429
17.535286,0.9712219
16.651869,0.8934612
16.4897,0.8897114
17.223267,0.90294075
16.025187,0.86352634
19.665823,1.3310719
17.12281,0.8876667
16.8555,0.87400246
17.213411,0.9174843
18.384504,1.0313892
17.757671,0.95544815
17.370735,0.9415188
18.325884,1.0456715
17.608707,1.0367451
17.329676,0.93852043
13.679943,0.14356327
19.74392,1.332983
17.249302,0.87864876
17.015265,0.876606
19.21029,1.2966785
19.348482,1.2597923
17.114603,0.87418747
18.699741,1.0814953
19.306078,
19.156485,1.2459526
18.114075,1.1168346
18.195415,1.0750427
19.303093,1.2657909
18.969856,1.1993504
19.206156,1.2598095
19.424437,
11.637539,1.3391638
17.251331,0.90577507
16.307755,0.86234665
18.075846,1.0333462
17.748558,
14.270889,1.1395264
19.636662,1.575531
19.478241,1.5257988
18.506079,1.0996418
18.466581,1.0872097
16.836248,0.8572674
19.574118,1.3528843
15.782844,0.927578
17.946241,1.0545998
19.4771,1.4518433
17.464035,0.9999981
19.332327,1.2244873
17.231642,0.8823395
18.799532,1.202198
18.410673,1.0700645
14.90423,1.094348
19.594776,1.4784603
18.751045,1.100563
14.956908,1.0952158
18.201408,1.0711765
17.921503,0.9727478
17.452326,0.9168377
19.633049,1.419714
16.257631,0.84867954
16.920874,0.87797165
19.002056,1.1262283
18.150118,1.0482578
14.644192,1.1158981
19.504349,1.2459316
17.02178,0.86624336
12.605392,1.2362709
17.623243,0.94010925
17.901585,0.99225235
16.58612,0.866045
17.492582,0.9542465
18.043297,1.042738
19.420265,1.395504
18.035908,1.0233593
16.281387,0.8418989
13.890049,1.1544542
17.882154,0.95952606
18.934423,
18.58287,1.1480465
16.445892,0.8821478
17.174063,0.9489403
16.1705,0.8387003
16.138079,0.8387127
19.443058,
16.246336,0.87145996
16.46871,0.88094234
19.176945,1.2086163
19.088873,1.1785545
18.34118,1.242939
17.035536,0.8810444
18.501787,1.0375557
16.691397,0.8752842
16.93988,0.8628025
17.848705,1.0591412
18.668102,1.2074795
18.242838,
16.0712,0.86063004
17.783726,0.97034264
17.37012,
19.301315,1.3555183
17.201542,0.8977299
17.892435,0.95910263
18.571854,
19.30269,
16.549776,0.87885857
16.212013,0.8718147
18.533316,
18.313423,1.0901604
17.230373,0.970644
15.823245,0.90986633
18.424673,1.1548767
17.008387,
17.620024,
15.54477,1.0013199
13.577197,0.35551643
19.522202,1.0644913
16.744925,0.850111
15.834721,0.88404083
19.625654,1.3082237
17.26983,0.9492283
16.050247,0.88340473
15.153602,1.08288
16.779596,0.8632889
18.349928,1.1124573
18.475191,1.1027374
16.872446,0.893734
16.972849,0.8639908
18.295519,1.0909996
16.989819,0.9025135
18.707195,1.2362881
18.492682,1.0888767
16.722242,0.8785572
16.124807,0.8837023
18.43408,1.124979
16.402912,0.86708355
18.443693,1.1183186
17.516756,0.9482193
17.282902,0.9280014
16.335966,0.8684635
17.831675,0.9744301
15.955785,0.91280365
18.42738,1.1126842
15.806403,0.9446802
18.244013,1.0192509
17.79275,1.0020733
15.715075,0.9749031
19.397173,
14.789054,1.121665
17.815426,1.0190811
16.652662,0.8663292
16.633698,1.0391979
17.613308,0.9609318
17.424698,0.97122955
17.110603,0.90302086
15.811927,0.91376686
17.690838,0.9456463
17.957136,0.91503906
18.030657,1.0237999
17.075102,0.896595
16.146381,0.89253616
16.091084,0.9617424
18.098778,
18.560884,
16.74214,0.7562809
13.329316,1.1886091
16.001451,0.8224678
19.116825,1.3904095
16.929073,0.89767075
15.165901,1.0866394
17.829443,1.0360737
15.378113,1.0133896
18.336597,1.1463757
18.926867,
13.137257,1.2099352
16.788834,0.8894558
16.201986,0.87294006
19.427794,1.8081036
13.233082,0.28496075
17.962608,0.8001156
18.446669,1.0894108
17.906822,1.0663319
16.856493,0.9257841
16.826645,0.9175396
17.291183,0.8331585
17.943836,
16.862255,1.25741
16.989098,0.9023819
18.510525,0.9790878
16.746042,1.038537
18.699379,1.363224
17.795483,1.0368958
16.224094,0.8701267
18.403595,
17.945433,1.0343952
12.290996,1.2617731
16.140612,0.95970535
17.713692,1.327858
15.944592,0.886323
17.933222,1.04982
16.353714,0.8342581
16.597244,0.8394375
18.053192,1.0066776
12.970533,1.2269344
17.30323,0.8735733
18.85768,
18.604431,1.2620754
17.870363,0.98662376
18.514183,1.1566792
16.62139,0.86164474
17.585474,0.8880825
13.492358,0.24952412
19.271242,1.178093
18.144321,1.030838
17.655107,0.9742851
18.455463,0.8534794
16.685118,0.86206436
16.7336,0.8779526
16.4532,0.8930483
18.903057,1.0770245
19.067339,1.1451454
17.440683,
18.142464,1.0079556
16.303188,0.8661194
16.895906,1.0002766
18.514936,1.1635876
19.834078,1.2002411
16.448391,0.8772583
16.385904,0.8498306
18.762836,1.0164986
18.608538,1.237133
13.477581,0.26093674
16.326363,0.8380337
16.938091,0.89515114
17.07557,0.89105606
17.953642,1.014328
15.554261,1.052639
19.468554,1.3058968
17.960754,1.0502548
18.464993,1.1454964
17.852476,0.97709656
18.950434,1.2292347
18.581776,1.0781116
18.75136,
16.870434,0.8819828
17.31449,0.96488
18.103882,1.0869961
15.591889,0.99053574
16.88757,0.88513947
18.852686,1.0923328
16.620535,0.8633385
17.737936,0.9840412
17.430246,0.94558525
15.974656,0.8855572
17.389858,0.9413109
17.246841,0.92002296
19.272413,1.329855
17.684383,
16.718653,0.8776188
18.044413,1.014246
19.11188,1.2682877
18.56167,0.84890366
17.006426,
18.489756,
17.183933,0.89518166
17.233727,0.9998417
16.889044,0.90431976
15.849874,0.918766
16.842335,0.8912029
13.753045,1.1713829
16.663044,0.8567505
14.654512,1.1262751
19.842022,
17.570538,0.9522381
10.560353,1.5047436
16.348576,0.8650179
18.315292,
14.347953,1.1014147
18.213408,
16.908644,1.1786613
16.860033,0.8354645
12.888689,0.45470238
18.69655,
15.328174,1.0540552
16.857988,0.8849907
18.736727,
16.794905,0.8536339
18.139936,1.0568295
16.155651,0.86973286
17.897581,0.9906788
16.850695,0.8916817
18.730257,1.2250576
16.819887,0.87898254
15.341002,1.082552
17.609818,0.9623089
18.213905,
16.931162,0.8849182
19.900291,1.0747318
16.321758,0.85507965
18.640059,1.2366619
17.398811,
19.441055,1.9347153
19.381273,1.4582405
18.378078,
17.132257,0.90659523
16.102316,0.83541584
17.85484,0.9746342
17.902946,1.0125198
19.664257,
16.909399,0.8842602
17.9568,1.0339565
16.62569,0.85785484
18.974062,1.2621632
17.280836,0.9195976
18.940712,1.2265224
18.36244,1.0510406
19.055262,1.0016327
14.091415,1.1719437
18.497484,1.1699448
17.336916,0.9576874
17.836206,0.9761734
15.827184,0.92943573
18.555447,1.1129684
14.162851,1.1532297
15.867144,0.90952206
19.203037,1.3211594
19.675396,
18.974825,0.98592186
19.90027,1.2385406
15.016825,1.1164293
16.839851,0.8889904
16.78387,0.8696003
18.688456,1.2207756
17.738329,0.9854202
17.98446,1.0385361
19.440546,1.4306297
12.897811,1.2440472
16.530134,0.8851299
13.895282,1.1804228
17.85371,1.0060692
18.069782,1.0747375
17.502718,0.94150925
18.004404,1.0512619
18.649122,1.1828899
18.708282,1.1536255
17.384985,1.4842625
16.401094,0.9388399
17.281624,0.939867
14.938496,1.0656042
18.177248,1.0021076
14.019657,1.1657085
17.89449,1.1465511
19.576994,1.4125957
19.359913,
18.301498,0.9871044
16.570784,0.86605835
18.99936,1.2452316
17.257854,0.9128952
16.701336,0.873497
18.431692,
16.251049,0.8914814
16.746555,0.8587265
17.758768,0.9807434
16.5898,0.8669987
15.873288,0.92702484
17.947397,1.0714645
18.141266,1.0694523
18.097946,
17.400295,0.9167805
16.12673,0.86297226
17.617374,1.0616169
18.006294,0.9363022
17.943108,1.0204697
16.61165,0.85445595
19.632612,1.4424171
16.622581,0.8346939
17.374565,0.9557972
18.704851,1.1824322
17.976734,1.0083866
19.621696,1.1862946
19.345524,1.3876133
19.740099,1.4295921
18.280575,1.0828037
16.849638,0.90509796
13.6938505,0.2331686
17.97863,1.0054111
17.674505,0.9576397
19.705507,1.2927856
16.779245,0.8932438
18.098648,1.0170765
16.60516,0.8294506
16.039564,0.87452793
18.979004,1.2566929
17.313095,0.94259834
19.115267,1.2239361
13.339794,0.28778362
16.31579,0.8684263
15.288882,1.0960121
13.842821,0.17523193
18.898006,1.2361717
18.307745,1.1609764
18.67198,
17.440216,0.9415302
17.102427,0.8687153
17.259312,0.87548447
16.1533,0.8219662
16.424143,0.82182693
18.204458,
18.427774,1.057497
16.883652,0.85811615
17.206013,0.91695595
19.107952,1.3277817
18.986406,1.2729664
17.791327,0.96972656
16.734453,0.850605
15.59279,0.9797411
19.877352,1.5825844
17.930857,1.0131989
14.24154,1.1291733
15.892025,0.88979626
13.245075,1.2237625
10.310494,1.5687532
18.219517,1.1132984
17.073212,0.89567566
16.879341,0.90932083
18.196865,1.029562
17.594011,0.9409294
16.211998,0.8562803
19.090385,1.2751598
18.58269,1.1252918
16.50048,0.8819914
17.158642,0.92255783
18.184704,1.0723152
19.547123,1.3251514
16.91448,0.92261887
17.086569,1.0082169
19.149565,1.18157
17.931704,0.9849777
17.500172,0.9797878
19.009296,1.2373962
16.249252,0.8046303
17.351097,0.90621376
16.863722,0.85511017
19.839453,1.4546986
18.120771,1.019722
18.052155,0.9615936
17.514557,0.9241791
12.885366,1.2135344
19.887327,1.5708637
15.981351,0.8482313
17.710724,0.9905987
19.365986,1.2577343
19.544292,
16.303165,0.8438988
19.430637,0.8670788
17.323517,0.93383026
16.016365,0.86255646
19.021212,1.2955093
16.776545,0.84915733
17.541393,0.9389076
19.249552,
16.753193,0.87179756
15.853944,0.9195938
17.451471,1.0429554
17.32598,0.9104252
16.03732,0.8633137
18.928421,1.1349068
16.072357,0.8912182
17.373804,1.0151329
16.484022,
18.917658,1.3187351
18.483652,1.1344433
17.25501,0.9070549
17.064816,0.9194393
13.836879,1.1560822
16.520266,0.87123585
18.464003,1.1081047
17.438198,0.92318344
17.180794,
18.714247,1.3214283
17.13087,0.8979149
13.8084135,1.1559944
17.400806,0.9204445
18.24437,1.204298
17.508274,
18.000488,1.0156765
19.916569,1.2953815
18.448734,1.1276207
18.418541,1.1251984
17.52621,0.96964645
18.48419,1.2598267
18.287287,1.2367573
17.76221,0.95298386
17.680408,0.9471054
18.799147,
18.369583,1.1173916
18.87419,
15.547384,1.0054531
17.574154,0.96930695
17.401028,
13.42144,1.1920834
16.57125,0.88033104
17.945066,1.044527
16.212952,0.94007015
16.196476,0.86478424
18.690142,
19.212065,1.4024429
15.980928,
15.753002,0.9307718
17.585022,1.0559406
16.581371,0.84980583
16.806229,
16.049095,0.8557472
17.646437,1.0941544
16.487856,0.83333206
15.042745,1.2012119
18.462883,
15.241985,1.1245232
17.349573,
16.622076,1.2315454
16.550495,
17.804102,
16.096926,0.9662466
16.797443,1.0075216
17.812233,1.0019226
17.690237,0.9705448
18.224943,1.0658131
17.722628,0.9836521
19.179386,1.2882042
16.280008,0.85732746
14.177419,1.1320839
19.363134,
16.863255,0.9017544
15.568819,1.0307074
19.53277,
15.762889,0.95450497
19.445581,1.3479118
18.798521,1.1559772
19.688772,
19.132784,1.4701519
19.844604,1.2596684
16.22701,0.87145805
18.718853,
16.646877,0.86608887
18.542503,1.2156487
18.472914,0.96414185
14.283141,1.135994
18.50227,1.0862751
16.542583,0.86450195
17.392397,0.9306927
16.862925,0.8825207
17.67954,0.96338844
19.731142,1.5133991
17.2072,0.91975975
16.519047,0.8769102
18.123241,
17.893518,1.0300083
16.93102,0.89543915
17.738401,0.9621391
18.59461,
19.684954,1.430666
16.230743,0.859581
18.09844,1.2329121
14.939051,1.1110249
15.566183,1.0439205
16.926182,0.90060616
18.18117,1.1167564
16.905376,0.8632145
17.232965,
18.261429,0.99305344
16.937857,0.875515
16.398252,0.83810043
16.493101,0.8420963
18.027208,1.118082
15.892697,0.8887005
18.84534,
19.622364,1.2990646
13.329713,1.1889238
19.00744,1.2208481
17.623798,0.94994736
17.012325,0.8909569
17.085846,0.95251656
16.743778,0.7575884
17.741163,0.57219696
17.428928,0.91015434
15.530129,1.0374603
17.652746,0.97439766
13.390777,0.24921799
17.53972,0.9422512
15.390402,1.0239801
18.511347,0.8463974
16.581074,
15.786338,0.97747993
17.909735,0.9636669
19.593029,1.352848
17.531013,0.9554405
17.420895,0.93984413
19.23147,1.7011948
17.722513,1.0966053
19.359488,1.5099392
16.430534,0.8540859
16.12855,0.8600502
18.015678,1.0241451
18.935175,
17.564003,0.9433956
19.570593,1.5050564
16.801659,0.8797779
19.133821,1.3396854
16.152498,0.8927927
16.353035,0.8549776
17.60385,0.95283127
18.53836,1.0482426
16.083601,0.9150381
18.239014,
16.6089,0.8620415
17.76911,0.9956894
18.101883,0.94766617
16.905512,0.8891239
17.957432,1.0477695
17.963339,1.0361118
16.292559,0.84704685
19.128304,1.1234608
17.732126,0.98293304
17.51693,0.99918365
14.916435,1.1034279
17.163675,0.9028263
18.055834,1.028307
18.54091,1.1175404
17.697437,0.9716034
18.851175,1.2112465
18.09116,1.0328388
17.183342,0.99030304
17.395987,0.94841003
17.452208,0.9138546
15.746391,0.92294025
19.65343,1.3161621
18.66156,1.1143513
19.3978,
16.339375,0.84863377
17.375164,0.92326736
18.64825,1.1237602
18.182156,1.0391312
14.915072,1.1223602
18.37609,1.0886669
18.358868,1.2647629
18.013977,1.0544682
17.469143,0.8955612
17.455109,0.94018173
13.557208,0.23537827
19.529121,1.3067455
17.000029,0.8746681
17.821823,0.9315262
18.504871,1.1626453
16.133326,0.8660402
19.91479,
15.882977,0.91596603
18.388073,1.1870193
17.50454,0.9269657
17.418879,0.89940643
18.73754,
16.809717,
16.160685,0.8522129
18.107784,1.0168228
16.408937,0.85327244
17.423523,1.1740494
18.492622,
16.395021,0.8054571
18.607212,0.95075226
17.077389,0.9671593
16.704016,1.1488981
16.558928,0.9160614
13.460928,0.25393677
16.052608,0.97753906
16.9535,0.84794617
15.7848425,0.9273548
15.957201,0.91381645
15.88334,0.90413857
15.840132,0.93321896
16.782795,
17.027454,0.914979
13.486279,0.2917204
16.394064,
17.566877,0.8715286
14.80309,0.890048
15.160381,1.1098118
15.964432,0.9221802
16.021006,0.84704494
17.153961,0.8960247
17.739044,0.93706703
15.545169,0.99584866
17.913916,1.1260948
17.224047,0.89990616
16.819336,0.82099915
14.56676,1.1369438
17.52846,
18.566837,1.3996334
18.320284,1.1477051
19.173283,1.4551983
13.165311,1.2046251
17.927761,
18.030151,1.0187054
17.932896,0.99378014
16.586187,0.8691015
17.586716,0.98096466
19.669565,0.76864624
15.4196825,0.39716053
17.624672,0.9481487
17.624624,0.9390621
17.590324,0.879385
16.725597,0.8700886
18.380445,0.9551201
18.049768,1.0012932
17.196081,0.89310455
17.890282,0.89673615
17.633114,0.95075417
17.818642,1.0291977
16.00917,0.89594173
16.307262,0.89831924
17.001186,0.9039459
18.139185,1.0439148
19.01173,1.2113647
13.553906,1.1813068
18.76019,1.1552982
19.475098,1.3242855
17.898788,1.0374203
16.038647,0.8911705
16.378931,0.8678856
17.12678,0.8930702
18.37303,1.1315517
18.94346,1.2449532
17.188477,0.92468643
18.176754,1.0905399
18.426834,1.0545158
18.135393,1.0732994
16.889917,0.9265804
18.690502,
18.084211,1.0500164
17.417812,0.94731903
18.938501,1.253603
17.519287,0.95116043
16.746479,0.89455605
16.637169,0.8919754
18.653454,1.1679287
17.984852,1.0769596
13.883827,0.1870699
16.121445,0.88976383
17.887571,1.0074539
17.695494,1.0012264
19.012178,1.2331257
17.485598,0.96276855
17.822678,0.97099113
15.545882,1.0197134
16.89854,0.87594795
18.062119,1.0216103
15.743933,0.9628916
18.492386,1.1131401
17.74694,0.95308304
17.438124,0.9339714
19.040903,1.3188343
19.557951,1.4273834
18.585638,1.128376
18.65928,1.1545944
18.026865,
17.349865,0.90776825
18.737215,1.1976166
17.67114,0.9813652
16.240364,0.84345055
18.571945,1.234108
15.155089,1.0852737
11.313657,1.3659687
19.47221,1.3390961
17.42663,0.91020775
17.05223,0.89683914
16.497149,0.84958935
18.910105,1.2095661
19.403116,1.1581364
15.369272,1.0656652
19.95952,1.2331829
19.228329,1.3856945
17.007467,0.903986
17.96097,1.0272331
17.844372,0.96258736
16.82666,0.88944054
16.588438,0.88092613
18.131737,1.0340672
14.560806,1.1346998
13.500263,0.24755383
17.261734,0.9849491
16.201473,0.8672266
18.295816,1.0122299
17.003475,0.87768173
19.16382,1.3535423
17.422298,0.9287567
18.94254,1.1468372
18.053656,1.0584488
18.458672,1.0935497
12.012585,1.2129707
17.887207,1.0361729
17.495281,0.92565536
14.9747095,1.0789328
16.134035,0.8135958
18.207254,1.0338097
17.364971,0.9083786
14.937005,1.0770931
18.245005,1.0371876
14.955597,1.0781889
19.852674,1.3777962
17.33833,0.8835182
17.575438,0.94727516
17.325512,0.90779305
17.09404,0.8881569
17.495796,0.9006672
16.965391,0.8886776
18.083458,1.0010281
17.858173,1.3369732
15.413229,1.0184412
16.122328,0.9184189
17.34601,0.9121113
18.145458,1.0541573
19.650993,1.4590816
17.526058,
16.650488,0.8491497
17.234089,0.865345
19.780836,1.1854477
18.538586,1.0693626
18.542696,1.1383038
16.322159,0.8491602
15.795251,0.8902025
15.729522,0.9234152
15.571286,0.98599243
17.435846,0.9557915
16.179985,0.84779453
15.805419,0.9178047
17.265898,0.9223747
17.531055,0.92845154
16.057785,0.8701744
16.387346,0.85226345
16.999287,0.86437035
19.346027,1.3915157
16.223986,0.8448143
18.304424,1.0976849
17.991365,0.9981842
18.282106,1.0617008
19.341816,1.2604847
18.16246,1.037714
16.512732,0.8501797
18.87697,1.1836376
16.778908,0.8724232
17.372532,0.9396515
17.119555,0.91716194
18.377384,1.076231
17.886986,1.01338
18.606169,1.2100449
16.66675,0.82676697
15.9206915,0.9128952
18.210064,
18.236893,1.2070084
18.881348,1.2073193
16.363157,
18.883059,1.2433167
18.52383,1.1393108
15.869347,0.9181938
16.638681,0.799036
18.516241,
16.802748,0.8592491
17.913828,
16.197908,0.9206047
15.868045,0.9103565
17.876429,0.98288345
16.69527,
13.252482,1.1867399
16.159883,0.90979576
18.665672,
16.81015,0.86977196
19.554064,1.4423542
19.591846,1.316988
15.153878,1.0961771
17.174696,1.0157242
17.353434,0.90699387
17.815052,1.023325
17.37843,0.93151283
19.36822,
17.285614,0.9181824
16.727985,0.87119865
14.43725,1.1273232
18.180605,1.0352974
16.466534,0.9000826
18.665781,1.1033192
19.872688,1.7929916
19.51855,1.3898716
18.165915,1.073782
15.914473,0.911397
15.268071,1.0784903
17.161142,0.8951626
19.15078,1.282402
18.269213,1.0861721
19.378635,1.3200359
17.233105,0.92954636
19.267033,1.3252239
18.890102,1.2266464
18.632843,1.145565
17.453619,0.9422779
17.033047,0.90686035
17.874002,0.9984989
14.980104,1.1180077
19.368233,1.3193436
17.49294,0.9520645
16.894861,0.8890419
17.075663,0.9022522
16.455036,0.87807655
18.069439,1.0082912
17.496994,0.9654522
17.736725,0.9639244
18.656956,1.1320744
18.536667,1.066534
18.919552,1.186346
15.731008,0.9214716
16.812677,0.8599682
16.26458,0.8765278
19.142166,1.1088219
13.482477,0.251359
16.964474,0.89748573
17.42928,0.9277134
18.12572,1.1137161
17.713238,1.0185165
17.133158,0.84817886
17.704027,0.94506264
15.786161,0.87310886
17.886986,1.0663872
17.63342,
17.639063,1.0042515
17.052004,0.88959503
17.409126,0.7952728
18.42559,1.063158
17.442453,0.9959831
17.460367,0.9122181
17.685165,0.91340065
19.845322,1.2513275
17.990335,0.9774723
17.959076,0.98568344
12.302744,1.2967539
17.623814,0.99666786
17.567911,1.0427074
17.256624,0.906435
17.615221,1.0058346
17.688803,0.9628849
17.471128,0.8995533
19.589796,1.5602798
17.604807,0.97504425
18.121569,0.96409035
16.476017,0.8392477
17.445892,0.9324455
17.72773,0.9693947
18.584759,0.9805107
15.430062,1.0274382
17.688894,1.0427303
15.502832,0.96528435
16.71767,0.86419773
15.830018,0.927825
17.141312,0.8962898
16.79573,0.9289589
13.297452,1.2021542
16.985832,0.82115555
17.082346,0.8774681
16.267275,0.9853411
16.703213,1.2039843
14.606736,1.1453171
16.565018,0.90171146
18.067253,
17.426899,
17.51871,
17.319729,0.94714546
16.957493,0.8912029
17.265112,0.893795
18.210121,1.044838
16.650105,0.8481045
16.496521,0.86454964
18.236612,1.0700436
19.567165,
19.787663,1.4564342
17.548311,0.94854164
16.558443,0.85816574
19.129974,1.3378868
17.47128,0.96560097
18.883162,1.2400169
17.326597,0.97234726
18.07316,1.0064106
17.716383,0.99536705
17.73617,0.8690033
19.424358,1.2971878
18.439314,1.0887623
16.174295,0.8611412
17.448448,1.0310783
19.252958,1.4791069
18.666782,1.1088963
19.4116,1.8186722
15.741525,0.96806335
18.369358,1.1270828
18.455326,1.0476856
17.197292,0.9199829
16.040356,0.866066
16.220385,0.86044407
17.180326,0.9361744
17.535343,0.9360485
12.300603,1.298461
19.890863,1.4406643
16.895031,0.89598846
17.735498,
16.908846,0.8900242
19.245554,1.2779045
18.294466,1.0417767
16.923952,0.9054432
18.412313,1.052433
18.119678,0.9896641
18.715977,1.143961
18.905409,1.2702904
19.379904,1.1949615
18.451235,1.0985622
18.333008,1.0764503
18.331919,1.036789
16.311518,0.87497044
17.957533,1.0299053
17.091959,0.8942051
17.804136,0.9640789
17.566729,0.94940186
19.257298,1.2401028
17.09557,0.8771782
17.517223,0.9543648
17.463129,0.9310684
17.36415,0.91370773
14.860986,1.1075249
17.596779,
18.723288,1.1658173
18.311356,1.0902634
15.934211,0.8971853
17.051357,0.8953934
18.507719,1.1269932
16.366789,0.8586321
16.917145,0.8777065
18.8817,1.3413143
17.733078,0.981863
18.610355,
19.108633,
16.742373,0.8803272
13.650066,0.23635769
15.813075,0.9328766
12.275423,1.2839346
18.592106,
18.603748,1.1343365
17.691763,0.90942955
15.975683,0.9037876
17.70394,
16.178802,0.86685467
17.163776,0.92025757
17.278404,0.93224907
18.518349,
15.556912,1.0164385
18.630705,
18.86535,
16.490318,0.8816719
16.41826,0.6226616
18.104227,
17.51678,
16.71654,0.94836044
17.087402,
14.1216955,1.14536
17.871044,1.304779
17.84949,0.9709816
18.872595,1.1862049
16.31921,0.874218
16.555698,0.8759966
17.95573,1.0517902
14.448466,1.129858
16.29907,
13.99786,1.172576
15.81158,0.93786144
17.499035,0.95536613
17.044481,0.9413681
18.280962,
17.975576,0.9585762
19.54893,
17.353537,0.93082047
17.692907,1.0374966
17.922926,1.0466328
19.147064,1.75663
17.253452,1.879015
15.100922,0.7770109
17.229986,0.93159866
18.157127,1.0026608
17.136177,0.86505413
16.12351,0.85637665
16.40614,0.8623066
17.85483,1.0458603
17.373966,0.74527264
17.200342,0.9216213
17.58387,0.97483635
19.546873,1.2295265
18.638115,1.2494354
18.111008,
18.030848,1.0211468
17.809505,0.98576546
19.160938,1.4727306
15.742983,1.0194283
16.292622,0.86868095
17.789452,1.0726757
12.246099,1.2893162
17.762497,1.0026226
15.943932,0.91919327
17.50348,0.95214653
19.971462,
19.576504,1.3831558
18.663094,1.1710453
17.550743,1.0356598
18.227291,
18.269585,1.069849
17.68353,0.99536514
18.861504,1.1806202
17.460037,0.3570633
16.237747,0.8658514
16.975643,0.8878727
17.443886,0.99064064
18.399654,1.1176872
16.672523,0.873785
19.163803,1.2978382
18.228203,1.1363697
19.926065,1.4668388
17.958805,1.0285206
18.047682,1.0117226
18.684362,1.1429157
16.888481,0.8981075
13.138529,0.32414436
19.135143,1.0467186
17.809473,0.97691727
17.065334,0.90283966
18.383762,1.0825348
19.597565,1.5798798
17.920551,1.1698742
18.994514,1.3379879
11.852791,1.3208408
18.440765,1.1263752
18.377016,1.1006603
16.858051,0.88152695
15.881943,0.89999866
17.377764,1.0232468
11.120767,1.4218683
13.664169,0.2288065
16.720835,0.8765621
17.31752,0.9296608
16.6199,0.8781147
17.341127,0.9219818
18.594738,1.1017342
19.060976,1.2747593
14.378622,1.1428528
18.17511,1.0893898
16.507637,0.8461933
15.703761,0.97484684
17.443523,0.9446335
16.915781,0.88147545
17.088331,0.8783951
18.837988,1.1722775
19.578266,1.4170628
17.009222,0.89204216
15.939015,0.89870834
19.55456,1.4045372
18.877533,1.2241421
16.824924,0.8872185
19.95374,1.3978901
17.488026,0.9299259
18.98181,1.2843151
19.09066,1.3354626
17.95709,1.0431805
17.84517,1.0736656
19.4674,1.5218601
18.275988,1.1141262
16.50044,0.8790388
16.851059,0.9266701
19.580467,1.2350655
16.057535,0.9094763
18.048746,1.0684338
19.078564,1.2535534
18.980423,1.246685
18.788855,1.2288857
18.157932,1.0046101
18.814257,1.228796
19.430202,1.3349152
19.943027,
15.889434,0.90653896
18.422585,1.1425552
18.768059,1.1814957
16.68831,0.88508797
18.990738,1.2449398
18.65394,1.1170826
17.165838,0.8984871
16.273993,0.85687256
16.55251,0.89238167
16.821152,0.9664383
16.838823,0.8395996
16.821053,0.9485264
17.248913,0.91656494
18.138884,
17.031418,0.8605213
15.620178,1.0004387
17.12564,0.8660221
18.320812,1.1310997
16.998919,0.89354134
16.634592,0.8976002
17.819584,0.9544735
18.207363,1.0671196
18.450434,1.0580711
10.24447,1.5575838
18.200994,1.1086788
18.898348,
19.164986,1.3035088
18.011555,1.053009
19.320997,1.3465557
17.73211,0.9580574
17.304966,
19.36356,1.3619919
17.057133,0.88866997
18.161404,1.0060539
17.785913,0.960474
17.14802,0.8948879
16.918167,0.8848438
17.893635,1.0270729
19.53905,
18.623642,1.1787357
17.935972,1.0211601
17.66078,1.1258984
17.23433,0.9529629
16.469723,0.86942387
18.936789,1.2083282
18.206219,1.0629787
17.701508,0.91212463
17.226624,0.9634571
16.956001,0.8919296
17.689957,0.9796543
13.026311,1.2351379
18.058815,1.0251293
17.488243,0.9614048
18.501553,1.105566
16.214647,0.8410969
19.256237,1.1496296
14.7077265,1.1256094
19.713255,1.5846348
17.075178,0.85622597
17.054924,0.3898754
16.646013,0.8593292
18.26749,1.0781612
18.279808,1.1725636
16.653446,0.87358475
18.007814,1.014307
17.660984,0.98750305
18.377018,1.0998955
18.904926,
17.882086,0.99604034
18.56997,1.161005
18.44215,1.1199875
18.531021,1.1843033
17.299175,0.91170883
15.088343,1.1101732
16.367205,0.8637037
15.892446,0.9129667
18.885344,1.2309055
18.57333,1.174326
17.350069,0.925724
17.08824,0.8985386
19.590015,1.2863426
15.982922,0.8818178
16.75316,0.8460865
18.515116,1.1219845
15.599556,0.99831295
19.964722,1.5405369
19.577654,1.2451229
17.52728,0.9660225
18.963959,1.218729
18.088152,1.2145576
18.299242,1.045414
18.882751,1.183382
17.613075,0.9550915
19.219667,1.3735867
18.858288,1.1400108
17.36876,0.920414
19.07223,1.4206161
16.75231,0.88334465
19.171318,1.1553154
18.78283,1.2350674
15.967897,0.9313288
19.888853,1.5412083
15.741489,0.99389935
18.81099,1.3023624
15.741786,1.0526094
17.587934,0.97029686
19.516695,1.5995502
18.774273,1.1960144
17.250769,0.9357071
18.97693,1.2539787
19.347244,1.3182583
17.900793,
18.397404,1.0786362
18.406782,1.0862522
19.191708,
17.872562,0.9937763
16.146719,0.88658905
18.100494,1.0917606
17.728163,1.1005898
13.199946,1.2143421
16.874619,0.89517593
19.928244,1.7021179
16.926363,0.9048729
18.414972,1.115982
17.653866,0.9704876
17.569567,1.0022278
18.208008,1.0233135
17.113615,0.902092
13.163018,0.31040668
17.101698,0.90130043
16.575972,0.83339024
18.248537,
17.664465,0.9920826
17.390594,0.93588066
18.451324,0.9254856
18.669048,1.3028679
18.068687,1.0682964
18.042904,
16.055834,0.8740969
18.577307,
19.270876,1.1328564
16.333532,0.8576708
19.028543,
18.301228,1.0302334
18.269073,
18.221542,
19.269947,1.388876
19.68789,1.4632816
19.49256,1.3131943
15.764779,0.93154144
17.188456,0.90522385
17.696444,1.041996
18.722673,1.2818165
13.510294,1.1964664
10.481799,1.4985504
17.921995,
13.720064,0.22676563
19.302567,1.2769146
17.08148,0.9065113
19.027214,1.2566471
18.021162,1.0722847
18.437424,1.1182289
18.20338,0.9821892
19.03543,1.2264767
17.877277,
16.344187,0.85542583
16.39908,0.869956
18.123774,1.0438557
18.144188,1.0588036
19.557602,
17.09204,0.8934231
18.519127,1.1670799
18.974247,1.2630882
19.715708,1.5088997
17.020563,0.90268326
18.424097,1.0900784
17.873215,1.0443821
18.195856,1.0640087
19.38057,1.385706
18.558577,1.1061745
17.85333,0.99671936
18.033484,1.0305634
17.188631,0.9202461
16.455149,0.8678589
16.938654,0.8835926
17.802076,0.9839592
17.463856,0.9534416
18.553583,1.2171783
19.179085,1.3124943
19.721493,1.3886185
13.642539,0.31397247
19.611092,1.4043064
18.16255,1.016037
17.927639,0.9946804
17.419426,0.9190273
18.289984,1.0557995
17.94301,
16.925753,0.8683739
16.79889,0.8812485
16.014946,0.88844776
16.11061,0.8665371
18.188791,0.94459915
16.2107,0.8532448
18.383574,1.0914345
19.404362,1.3479424
16.912092,0.88329315
17.759094,0.99806976
15.086219,1.0541086
18.551474,1.0948315
18.248724,1.0207005
17.749464,0.9371128
19.446823,1.3262691
17.978945,1.0537262
15.241361,1.0524397
19.886997,1.5222969
17.09256,0.8829384
17.683455,0.9353695
17.467405,0.92863655
18.017744,1.0904732
16.6813,0.86110306
17.309261,0.94130707
16.406872,0.83904076
18.156069,1.0285168
19.326284,1.3848495
19.176262,1.2810307
17.817225,
16.289864,0.8871107
16.806421,0.8686962
18.907,1.184988
17.754105,0.96221924
18.72348,1.1264248
15.532942,1.0133638
17.321104,0.9291496
15.951511,0.8822832
18.382498,1.0830975
16.403107,0.8044863
18.213037,0.95666313
12.969732,0.26255798
18.226217,1.0399284
17.670425,0.9468365
16.36597,0.8225422
16.096882,0.83237267
17.420307,0.920166
18.390057,1.0495148
19.551035,1.3839493
16.726973,0.85121727
17.58205,0.9183521
18.523434,1.1468639
17.814333,0.97776794
18.561472,1.1332588
16.890455,0.93840027
17.945349,0.9875965
16.21666,0.84289646
18.084892,1.0361824
19.301754,1.2694569
18.037678,1.0093842
18.855534,1.241024
16.773335,0.8458843
16.723822,0.8494625
13.504582,0.24013901
18.604162,1.1468258
16.956444,0.8841343
17.28652,0.92580986
19.368425,1.508297
9.856229,1.6244202
19.55372,1.2169476
18.85829,1.255249
19.45126,1.3793926
18.909616,
13.093365,0.30560112
18.376429,1.100481
16.32038,0.8427477
17.714537,0.9980087
17.051374,0.89162064
16.981514,0.8789787
17.827362,0.97132874
18.400566,1.1562614
18.671978,1.1781693
19.613445,1.2467575
19.869747,
17.784142,0.9800453
17.500103,0.92468643
18.513025,1.1624184
15.400084,1.0924673
17.324451,0.9349556
18.486008,
16.195198,0.84979725
17.84064,1.2287846
17.664845,0.9481678
17.821129,1.0064144
18.839008,1.2601223
17.29775,0.9167595
17.257988,0.94908714
17.484125,0.9683666
16.369299,0.85867405
17.631613,1.2801476
17.287903,0.92339516
16.915068,0.77876663
17.471025,1.0034161
16.566952,0.86336327
16.90761,0.90201664
16.147964,0.8446312
16.327293,0.7773495
15.127771,1.1078749
17.30322,0.9416065
16.978542,0.894413
17.210665,0.9129219
18.35585,1.0843773
17.981997,0.99533844
18.334206,1.134779
18.790728,1.1919155
16.771051,0.8782387
18.260908,1.1259003
16.945326,0.88038063
17.387053,0.9501591
17.246145,0.90677834
17.366821,
17.686718,0.9697151
19.061794,1.3026066
19.17588,1.3121548
13.087398,0.35717297
17.473217,0.9613209
17.411406,0.9498291
19.72038,
17.763433,0.9531307
17.714827,
19.017836,1.1973495
16.816074,0.88814545
18.871778,1.0700359
16.682205,0.9499378
18.566324,1.08885
19.918835,1.3457623
17.629818,1.0142555
19.141863,1.1142063
17.094984,0.8894863
18.921745,
14.5402,1.1494846
18.672935,1.0928288
18.22228,1.1367817
13.740926,0.1886282
19.508873,1.3415279
16.806406,0.8718262
18.318617,1.0681839
18.39889,1.066061
17.59837,0.98880196
18.956972,1.3266602
19.261961,0.30174255
17.760746,1.0126438
14.784185,1.0633059
17.3933,0.9575119
16.364017,0.85030174
18.171083,
13.436075,0.24949741
19.060589,
17.959604,0.94480324
16.773283,0.85554504
13.575906,1.1199913
17.19222,0.8553448
18.35016,1.1654778
17.752813,0.97101784
16.79135,0.85443306
19.566273,1.2443256
17.594717,1.0158901
19.399008,1.5799541
19.052452,
18.09177,
17.844505,0.91115
18.36602,1.083252
18.34804,1.1657639
16.595423,0.84865856
17.293095,0.92399216
17.592276,1.0160217
17.89725,
15.928924,0.87453175
16.132383,0.8424921
17.276579,0.9057808
16.462107,0.84756184
17.726305,1.0150146
17.586273,1.0369701
12.8446455,0.48488617
16.61117,
14.234614,1.1096649
15.834582,0.8967304
13.788589,0.24206924
17.271496,
17.124569,1.5779858
16.518091,0.93916035
17.913681,0.9334564
14.679241,1.1046839
18.10258,1.141346
14.475059,1.1112814
17.687643,0.9520931
19.5062,1.3482342
18.323845,1.0575714
18.17937,1.0976238
18.21995,1.0013409
18.737783,1.1534977
15.8110695,0.90833664
17.5917,0.96660995
17.14923,1.2203293
16.745758,0.94706535
16.893202,
18.952995,1.1732521
17.3511,0.92845535
16.327862,0.88447857
16.13988,0.9020424
17.93677,1.0357876
19.747238,
19.166904,1.4114075
17.918558,1.0088177
17.224203,0.92347336
19.602785,1.2391129
17.902441,1.0072441
17.194773,0.9080906
16.232622,0.85709
19.517403,1.3134632
19.534842,1.4832401
15.907356,0.916131
16.950321,0.8947964
16.573507,0.8968239
18.42093,1.0154743
18.916609,1.2181072
15.614967,0.9950161
12.709989,1.2418966
16.823221,0.87952995
16.801445,0.86457825
19.038744,
17.54325,0.93715286
16.561455,0.87275505
13.303255,0.28097248
17.573938,0.95259285
18.382961,1.1680069
18.32421,1.1061687
16.840132,0.9003658
16.348633,0.8729515
17.171677,0.902895
16.70347,0.9030857
18.754045,1.2749844
18.14917,1.0305252
17.979338,1.0133953
17.263346,
18.699968,1.183857
18.454538,1.1360416
17.670189,0.96566963
16.895462,0.8725586
16.714441,0.8478279
17.324076,0.8990669
19.069601,1.2300434
18.35573,1.0661774
14.726793,1.1178026
17.489107,0.967638
17.804926,1.0421352
16.697716,0.8479786
17.441565,1.0581856
17.118574,
15.956587,0.9208765
19.782837,
18.97675,1.5792828
19.772078,
16.184351,0.8707485
17.394564,
18.32249,1.1408672
15.752385,0.95557594
18.50085,
17.103973,
16.139545,0.93493366
17.550156,0.97566795
17.280025,1.0136127
15.764358,0.9105692
15.951901,0.93593216
16.044773,0.8544197
16.859257,0.8750515
16.59891,0.87150383
17.762278,
16.058523,0.86364937
14.876425,1.1026316
15.511149,1.0067978
13.4894085,0.2915964
16.579395,0.8617401
15.976629,0.8697691
18.977526,
17.2649,
17.211208,0.80540276
17.295795,
17.144524,0.92925453
16.325798,0.8805866
17.518673,0.9782734
18.512787,1.1852245
17.119532,0.89374924
18.487719,1.1811905
18.518154,1.11899
16.774546,0.8672447
16.154066,0.8612137
16.384098,0.7977562
16.411142,0.8704252
18.706884,
15.915642,0.8906603
15.425366,1.0559797
16.726702,0.87223625
18.52998,1.2354889
18.848286,1.0209675
17.63525,0.96164703
16.414835,0.90376854
16.816568,0.855381
16.472576,0.8337269
19.01573,1.2626534
17.450945,0.9706478
19.81561,
17.924124,0.9972534
18.590448,1.189434
18.45756,1.1185951
18.883812,1.2266884
11.795366,1.2504759
16.075548,0.8783951
19.155268,1.2564793
19.230883,1.3067741
17.091354,0.926981
16.890749,0.86608696
18.951614,1.2564964
16.341766,0.86800003
16.146738,0.86767197
18.557444,1.1611176
17.162191,0.9337425
16.691923,0.8841572
16.61241,0.8943567
15.396592,1.0753431
17.156322,0.9179821
17.896412,1.0415974
17.950478,0.9990196
17.712559,0.96455383
16.8941,0.8956795
19.040426,1.3432636
18.267418,1.1758842
19.883287,1.3994617
16.36042,0.85426426
19.02349,1.2385502
17.175308,0.9187927
18.85137,1.126152
17.048748,
12.678016,1.2455778
15.266027,1.0784731
17.359848,0.84999466
16.775764,0.76732635
16.398567,0.8908224
17.38405,0.91851616
18.786312,1.21665
19.315218,1.300045
17.539143,0.97607803
17.967949,0.98480415
19.302624,1.3996372
15.530199,1.0346327
16.289717,0.86916256
16.491335,0.8761282
16.621935,0.87070656
18.041143,0.99511147
17.295826,0.9371815
16.30655,0.8862629
17.947699,
17.703766,
17.342726,0.9125614
19.240398,1.2682781
17.221046,0.980814
17.600859,0.9476204
17.757605,0.99019814
17.920387,1.0091171
18.827282,1.2605267
17.480898,0.9602165
17.866999,0.9955406
16.890179,0.88425446
16.579094,0.85295296
17.56831,0.9550228
16.782263,0.8680134
18.363691,1.0230598
19.422354,1.3018723
17.846006,0.96445847
17.243986,0.9215641
16.408226,0.84573364
17.047165,0.89858246
18.239136,1.0989532
19.09227,1.2705784
17.5647,0.97365
18.653006,1.2260494
19.544888,1.3150406
15.673494,0.96915436
17.32916,0.89863205
17.891212,0.9856434
17.501844,0.9383812
19.430296,1.4102726
14.985855,1.1048126
18.685562,1.2060547
18.005482,1.0401745
18.078646,1.0294323
17.9336,1.0026913
16.920137,0.90052986
17.450884,0.95889664
18.448076,1.1015053
19.160345,1.1450729
16.084957,0.9072466
19.32403,1.3302975
18.512123,1.1124668
18.049488,1.063448
17.067823,0.91493607
18.94652,1.1977444
15.933599,0.83251953
16.968204,0.86376
19.799534,1.5115566
17.023071,0.8681183
18.731194,1.120863
19.537497,1.4706707
17.46285,0.91919136
19.982767,1.4783268
16.032215,0.8510399
18.904541,1.1878185
17.774971,1.0577469
17.055082,0.8824425
16.883045,0.8669243
15.01339,1.0847864
18.522793,1.3518181
17.724176,1.0604153
17.957954,1.0113697
18.911001,1.2226849
16.21526,0.85554886
18.134886,1.1000443
13.573714,0.20693111
18.794703,1.2000084
19.258104,1.1448231
18.832205,1.207241
15.275985,1.064045
12.906331,1.211463
18.928679,1.1737518
19.15416,1.3232212
18.932432,1.3353119
19.122093,1.2192516
19.001116,1.2840042
17.42668,0.9123039
19.76301,1.6107254
12.349667,1.2735224
17.366573,0.925169
19.896767,
16.695185,0.8523693
16.786911,0.84809685
17.778555,0.9775257
18.00917,1.0517311
16.62431,0.8730736
17.967237,0.9759884
17.659485,0.909626
16.76688,0.8614845
18.082521,1.0639877
16.280935,0.9106817
16.855976,0.8590183
19.372713,
16.383142,0.8321066
18.211174,1.1093578
17.827969,1.0112228
13.531296,1.1729336
16.759844,0.8933449
17.68661,0.7358761
18.395948,1.0758648
18.31875,1.1537418
17.289705,0.8961735
17.591978,0.88869095
17.934563,1.1806927
17.658073,0.9980831
16.834148,0.86324596
17.626793,
18.401472,
17.265789,0.91194534
17.786592,
17.82501,1.1142254
18.50129,
15.95688,0.91325474
15.753365,0.94465256
12.727001,1.2354841
12.719345,1.1517582
18.335178,1.0994415
17.113731,0.8873539
16.391085,0.8589468
12.337032,1.2835159
19.338266,1.313427
17.85728,0.9615593
17.258512,0.9361553
14.671268,1.1305199
19.653109,1.610712
17.949324,1.0497475
18.772709,1.1711159
15.831026,0.86992264
16.663252,0.86992645
17.35145,0.9284935
14.098335,1.1442785
17.592888,0.94600296
17.506557,0.9453583
18.101248,1.0313416
17.590515,0.9671669
17.769567,0.9963112
18.206646,1.0986443
18.471663,1.1117496
17.455162,0.94062424
16.743004,0.89224625
18.596945,1.0842247
18.593695,1.1555061
18.08104,1.015522
16.855032,0.86857986
18.349113,1.1075974
17.923786,1.0028782
19.29448,1.0990162
17.273636,0.9371109
19.676352,1.3941536
16.194773,0.8695421
17.500128,0.9525471
16.450403,0.8645458
15.681513,0.9813833
16.97161,0.8831444
18.411127,1.0760555
11.895154,1.3131647
15.809741,0.9174824
18.113468,1.0785675
15.1707945,1.0857906
19.659529,
17.862314,0.9236717
18.629204,
17.319118,0.9860821
17.52763,0.9593506
17.635883,0.88827705
17.284246,0.92292213
19.411032,
18.568172,
18.480726,1.1100197
17.843071,1.0048599
18.945864,1.2019234
15.78426,0.9175148
17.928213,
16.839886,0.8649483
17.908958,1.0187454
16.557886,0.78963375
16.57386,0.85655594
18.239616,1.0095215
18.635847,1.1153126
16.810467,0.85697174
15.896214,0.89297104
18.62571,0.9768429
17.895348,1.0552921
18.244755,
17.580442,1.0105286
16.899235,0.87127113
16.46532,1.1602564
16.509432,0.87334824
18.318506,1.1951427
15.436102,1.0261841
16.055609,0.8664036
17.004845,1.0035267
18.217665,
16.804857,1.0517111
18.397938,1.1172905
15.954696,0.888731
16.230919,
17.919777,0.86273384
17.95092,0.91399765
16.443747,0.8738785
19.986996,
18.418356,0.8849621
16.453083,0.85364723
15.323302,1.0520716
16.867252,0.9459181
19.005857,1.1787529
18.831459,
17.23954,0.9057312
17.796188,
16.694849,0.8706913
17.773705,0.9489651
16.492462,0.8470068
19.45623,1.0055313
17.63445,0.9739113
17.453718,0.93309784
17.396576,0.9145222
16.517181,0.87538433
18.490482,1.0263863
17.557981,0.99058914
17.208344,0.8992348
17.056757,0.911356
10.771946,1.436018
16.752996,0.879097
17.529377,0.9696064
18.440454,
14.749142,1.1276693
18.128635,1.02635
16.91843,0.8960972
14.105025,1.1559181
17.457157,0.9226208
17.621124,0.9859619
16.232056,0.85992336
14.54551,1.1277065
14.730447,1.1148767
19.358347,1.2104225
18.699093,1.1789074
18.178883,1.0790081
17.566847,0.9561901
18.370028,1.1657085
19.325142,1.325737
16.964527,0.8921757
18.133802,1.1214409
18.329178,1.1097546
18.626104,1.0712528
16.916475,0.88938904
19.086927,1.2958107
18.360374,1.1325665
17.567883,
17.400883,0.94257164
16.089314,0.87109756
19.454115,1.3016891
19.508434,1.399147
18.893663,
19.961397,1.5932541
16.8509,0.8893852
19.490276,1.2923832
17.847427,1.059
17.903887,1.0098305
17.694347,0.97823524
17.23507,0.94298553
16.228916,0.8546705
18.791288,1.1779404
18.698923,
16.6132,0.92424774
17.217733,
14.185252,1.1716652
17.734661,
17.245756,0.9984493
18.874355,1.09202
17.968908,1.0027599
19.024485,1.310194
18.450594,1.2421455
15.426895,1.0432959
18.044174,
17.040596,0.8761425
17.520407,0.9441395
14.052207,1.149332
17.063877,0.94013786
16.806324,0.89210224
18.371744,1.1490364
13.388046,1.1944227
13.4382305,0.3014717
11.645324,1.2645645
13.4359045,0.2771616
16.486862,0.81270504
15.139964,1.058217
19.064005,
16.77503,0.4962387
18.964184,
15.821397,0.918314
13.641593,0.32785606
15.904368,0.9519739
15.735065,0.6740627
15.115869,1.083703
16.12349,0.8212309
16.901417,0.8249836
17.33556,0.9880867
16.930342,0.92048264
15.372407,1.0529938
17.810146,0.8448734
17.04446,0.83828735
17.082212,0.9049988
17.17828,0.9192562
18.768143,1.2997818
17.625961,0.9772568
12.902271,0.478899
17.371756,
17.973171,0.997879
18.96096,1.1206951
17.128668,0.91605186
17.366537,1.0588913
19.812143,
16.490278,0.8643255
16.85154,0.86203194
18.666597,1.1516037
19.10774,1.2728844
15.603954,0.9805174
19.4528,1.4306202
18.480776,1.0506668
17.740812,1.0318813
16.921597,0.9342842
18.214657,1.0503674
16.94775,
18.518042,1.1751709
14.971017,1.108468
18.13471,1.0586319
18.701727,1.1532116
19.895058,
19.214067,1.2067757
15.514526,1.0324202
16.717375,0.84845734
18.180439,1.0719147
16.996723,0.90969086
18.349829,1.0481224
19.31114,1.2984905
16.330622,0.8630228
14.541373,1.1391697
19.297403,1.3704586
18.23612,1.0134869
17.43182,
19.643827,
17.049507,0.95482826
18.835026,1.1569481
17.406149,0.93435097
19.005232,1.2393475
19.050396,1.2898636
16.408705,0.91121864
18.041706,1.049675
16.059875,0.9080944
16.626484,0.8656082
18.225584,1.0668602
14.416164,1.1464033
15.803158,0.94561005
17.315546,0.97102547
16.206676,0.87419796
19.028791,1.1981945
18.85139,1.1537743
17.02164,0.8977299
17.369122,0.9526863
15.767747,0.99508
18.382618,1.117775
18.27271,1.0423374
17.722914,0.97112083
16.906845,0.88489723
17.914732,1.1386719
16.40904,0.8977957
18.2173,
17.370808,0.8686371
19.42818,0.9034405
17.850327,
17.930103,1.0524406
16.41006,0.8507538
18.94379,
16.980564,1.034811
19.075006,
17.451523,0.9457722
16.103792,0.8687124
16.626537,0.8963337
17.561304,1.0173397
17.20944,0.89427185
17.894499,1.0300007
18.81683,1.1374435
18.155502,1.0567856
18.979092,1.2378788
19.329323,1.1643105
18.372166,1.0925388
18.967453,1.239439
18.755127,1.3048916
18.252407,1.0587559
16.939598,
17.840704,0.9896965
16.62451,0.8589058
17.6256,0.98423386
16.469028,0.8530159
16.1798,0.85492325
17.753202,0.973053
19.099588,1.2082653
16.011078,0.8895502
18.126577,1.0379887
18.03935,1.0087433
19.189978,1.3587284
18.085146,1.0035019
18.779581,1.1785431
13.329528,1.1668358
18.683847,1.1250057
17.085085,0.879158
15.668765,0.9104042
16.206913,0.85094833
17.6922,0.97660446
19.06148,1.5587292
19.671453,1.4210854
14.197066,1.1416941
18.115826,1.2178116
16.520557,0.8440447
15.001096,1.107419
18.165293,1.0925121
19.270212,1.4489574
18.303787,1.0851936
17.205301,0.9500828
16.67901,0.8977947
18.66026,1.2005482
19.56991,1.5350208
19.550821,1.4504795
16.96209,0.9099655
17.433714,0.9246521
19.352179,1.312563
19.69201,1.4548645
16.38656,0.8223324
18.686098,1.1405678
17.322926,0.890831
18.096676,
18.946575,1.1005974
17.634235,0.9345474
18.923187,
18.232216,1.0277748
16.008362,0.8750763
18.02134,1.0389442
16.218767,0.8380213
16.301893,0.8402109
19.015244,1.2028942
18.654682,1.1706944
18.38423,1.1004105
18.509928,1.0724583
17.836533,0.97335243
18.920599,1.2523975
14.937078,1.0936375
18.755188,1.120184
16.25508,0.64700794
18.07569,0.9968281
17.466608,0.91482353
19.811245,1.4553642
19.36467,1.3559208
18.99857,1.2816181
14.683528,1.1042042
17.125662,0.8689003
19.61253,1.4221306
17.15756,0.874218
18.127035,1.0231361
15.909266,0.8725586
18.058096,1.0313263
16.780107,0.8219414
16.318405,0.8577566
18.965961,1.2609577
17.809174,0.9485359
18.357225,1.049923
19.911776,1.5224514
17.666056,0.92113495
16.70933,0.86019707
18.840654,
17.58368,0.9507637
17.233192,0.9039669
16.478336,0.84277725
18.948723,
19.77695,1.6211205
18.673407,1.1712074
18.519228,1.0390644
16.438158,0.8995638
17.09658,0.9501686
16.747849,1.0532331
18.99817,1.226429
15.319846,1.0683355
17.031296,0.8909073
17.155758,0.9340706
18.535948,0.9742584
13.370994,1.1867285
17.078325,0.8969326
16.829453,0.86743736
19.15754,1.3359051
17.728003,1.0598469
16.770355,0.8618908
18.059109,
13.898493,1.1793556
16.157743,0.8619528
17.44833,0.9190693
17.688353,0.9427624
17.83962,
18.779623,1.1967525
12.291542,1.2679205
16.884819,0.91438675
17.195215,0.7911434
16.819016,0.8442402
16.14428,0.879982
19.016474,
16.452301,0.86523724
12.293842,1.2749023
15.819017,0.9302683
17.888918,1.0989227
16.058945,0.8827791
17.246796,0.8904247
17.30548,
12.683096,1.269557
17.52469,0.9782944
15.876213,1.5389662
11.525225,1.3746967
19.44887,1.416214
18.142923,1.075901
19.714987,1.5223751
16.89373,0.9955559
17.76004,0.9915657
19.466562,1.2733822
16.951246,0.9089565
19.088055,1.3161411
16.433191,0.86846733
16.77839,0.87999916
16.379835,0.8582392
17.75031,1.005125
17.579205,0.9672909
17.995043,1.0470028
16.757772,0.90670586
17.466982,0.9570217
17.40821,0.9436779
17.911575,1.0235615
13.102712,0.3204565
18.258007,0.96200943
19.241276,1.3746548
16.60784,0.85482025
16.624552,0.86740875
18.382248,1.0555401
16.444084,0.88170147
17.107758,0.9144783
17.438236,0.9455414
17.090998,0.934145
18.723124,1.2143555
19.652084,
18.377573,1.141182
18.804066,1.2985592
18.142298,0.9827328
16.716629,0.87945557
17.14955,0.9155121
18.423176,1.0611858
16.978043,0.88474846
18.10001,0.97015953
16.77544,0.9010811
17.071646,0.91241074
18.132776,1.0011406
17.894531,0.99684906
15.832288,0.9027004
18.812338,1.3810787
16.639418,0.87483406
18.448128,1.2275028
17.594923,0.93670845
16.289501,0.8555088
13.519643,1.1763077
16.25255,0.90795803
15.614853,0.94252586
16.101374,0.85731316
18.963959,1.2494144
17.57215,0.9909649
17.2612,0.90457916
17.193937,0.9785042
17.07024,0.92912483
16.326565,
16.922419,0.82042694
17.891777,
11.400262,1.3674011
17.50821,
16.905045,1.0729246
17.62647,0.9832134
11.013314,1.4264956
18.562317,
17.343721,
16.525597,0.92563343
16.323488,0.8466015
18.835115,1.1955299
18.47954,1.0191269
14.5772915,1.1242924
17.735043,
16.085478,0.89155483
18.804716,
17.32602,0.94116783
17.413948,0.9360676
18.907951,1.2155037
13.372587,1.2150927
18.762753,1.0153847
16.052479,0.8999939
17.169523,0.88632774
16.133194,0.86152935
16.331644,0.8616142
16.709589,0.8347702
16.00765,0.86081314
19.544071,
18.318388,1.0527897
16.726736,0.8394127
17.40379,0.9395542
16.799927,0.87833595
17.727705,1.0432072
18.88172,1.3807697
16.716755,0.8835964
17.532167,1.0380058
17.474909,1.3490953
19.116703,1.2621899
16.469807,0.87235165
17.949764,1.0532837
16.762608,0.8646374
19.20085,1.200325
15.98589,0.89742374
13.340941,0.29766178
16.305822,0.85257816
16.205051,0.8639822
19.914454,1.5403957
19.45793,
17.123306,0.89515877
16.928425,0.87748337
18.548573,1.1800098
16.664904,0.83748436
19.316347,1.2945137
16.40468,0.8592911
17.209515,0.90442467
16.668047,0.8745918
18.342033,1.1152534
19.022915,1.2932911
17.500925,0.9439106
18.686848,1.192318
19.314796,1.3941498
16.33725,0.8375387
19.527485,
18.529785,1.1639404
17.684061,1.7599621
17.593006,0.98208237
19.279043,
18.213938,1.0543442
18.519644,1.0396767
17.02999,0.87989044
16.324217,0.8661299
17.12898,
16.15463,0.8959255
15.621062,1.0035381
16.567402,0.8623619
15.274725,1.0979652
18.152597,1.0833435
13.548716,1.1883955
16.270597,0.8590059
18.615301,1.1592007
18.515701,1.1134472
12.979039,0.4286499
17.667568,0.9777298
19.15342,1.3369026
19.171135,1.3243618
16.532967,0.8312254
18.08707,0.9984684
16.448523,0.87274265
18.03048,0.9966984
16.297754,0.84962654
17.325603,0.92336273
17.822954,0.945673
19.054783,
17.288233,0.95648384
17.622822,0.9464741
18.02248,2.3273659
16.903904,0.8581619
17.249157,0.966341
19.217636,0.97864914
17.512499,1.021328
16.517607,0.92357826
19.066168,1.1860809
16.99942,0.931942
15.740154,0.9464226
18.651522,0.9721451
18.246105,1.1032486
10.283119,1.5298395
18.688272,
17.093086,0.8644123
17.324446,
16.721582,0.9205599
16.350105,0.92248154
18.001049,
18.650677,
17.031664,
17.785908,
12.046907,1.297554
14.488196,1.1600857
16.64195,0.8933716
16.564514,0.8552799
16.434814,0.8594971
17.982569,
16.219778,0.858798
11.037037,1.4192438
17.607786,
19.450237,
16.389145,
19.083202,1.3370285
17.60308,1.0407677
13.265991,1.1972971
17.643267,0.89995
18.756128,
15.603198,0.97497463
17.553051,
17.690765,1.0130825
18.02917,1.0527267
17.085018,1.0877962
15.550555,1.0312719
14.742535,1.116663
16.400585,0.88183784
16.75719,0.89305115
16.138037,0.8682642
17.42509,0.93460846
17.947453,1.0994816
17.92758,1.0266132
19.54009,1.3452854
17.221954,0.91688347
17.448557,0.9810829
18.482248,1.1044521
18.49931,1.1852589
18.561003,1.1406155
16.37706,0.8856802
16.61675,0.96387005
18.483952,1.0854111
19.31847,1.3066902
16.94558,0.90255165
18.110527,
18.402845,1.1177444
19.202635,1.2514267
18.64042,1.1164417
19.541048,1.3627758
19.185637,
17.199661,0.9116211
17.765366,1.0118408
17.971355,1.0527573
17.375044,0.9506912
18.757767,1.1878357
17.062815,0.9168186
17.84585,1.0103035
17.605162,0.9808998
18.363205,1.1246262
17.142078,0.92401314
17.479887,0.9809456
14.240201,1.1522732
16.597025,0.8754463
15.753044,0.9363432
19.358698,1.4061775
16.416752,0.86562634
19.250282,1.2685051
16.75008,0.80218697
18.89387,1.161253
17.08789,0.8903389
19.987057,2.0791092
15.303103,1.1026392
16.139156,0.86208534
17.73418,0.97764206
16.260788,0.8711338
18.912502,
18.116442,1.0403156
19.226992,1.387764
18.082815,1.0276222
18.194233,1.0227146
19.408323,1.2713852
19.663057,1.265749
18.26886,
15.299465,1.0700617
18.029556,1.0571804
16.031431,0.8689203
18.008163,1.0175343
16.79667,0.8836708
17.873114,0.9968586
14.980824,1.0722227
18.786177,0.99375534
17.969406,1.0057697
18.260448,1.0617008
18.159039,1.0236931
18.480408,1.1384716
19.578331,1.3708191
15.386342,1.0314379
18.066984,1.0093079
16.958641,0.86691475
19.521503,1.2485809
17.518768,0.90519714
19.934608,1.4900017
19.740732,1.5044289
18.249516,1.7098198
17.838339,0.96666145
16.232012,0.8589096
18.690346,1.144249
17.839827,0.9619827
16.908964,0.8815365
18.996988,1.2331047
18.758884,1.1876278
19.400568,1.427578
19.125631,1.3074207
19.043737,1.4080181
17.360579,0.95741653
18.617382,1.2262535
17.443121,0.9417572
18.236164,1.0836449
16.201637,0.8743925
19.793945,1.3619022
17.119892,0.91344833
17.638807,1.0192032
19.452505,1.3489838
17.900284,1.0236301
17.956556,1.0221939
19.949596,1.4577999
17.801334,0.9975872
18.303585,1.1443195
16.66011,0.878315
17.404951,0.89904976
19.596642,1.4210358
18.238047,1.0477905
17.468485,0.934145
19.99365,1.371357
17.703318,0.849741
17.957928,
14.773708,1.0972652
12.017797,1.2857895
19.150307,1.2712173
17.581299,1.0056229
17.438574,0.86081886
16.525063,0.8410702
18.746815,1.1701679
17.918472,0.85188484
16.394543,0.83440685
19.115484,1.37566
18.047186,1.0293484
16.316235,0.83050346
16.458952,0.8671322
18.609835,1.1406803
16.377441,0.8481512
19.640364,1.380579
18.605064,1.0859318
17.992996,1.0169201
18.8553,1.0925694
17.098495,1.1638203
16.280787,0.8531666
17.584274,0.9170666
16.351778,0.8815298
16.16913,0.9285784
18.651516,1.2122154
18.91873,1.2036896
19.214994,1.4608974
18.44497,1.0861702
9.872695,1.6432676
17.26684,0.88633156
18.906166,1.2169724
18.0313,1.0142593
16.530577,0.8550606
17.417646,0.92985916
18.198112,1.1308117
17.130648,0.90768814
18.25241,
19.154856,1.3327503
16.695406,0.9041996
17.367222,0.98571014
17.005978,0.91137314
14.417979,1.1464348
18.576418,1.1084557
17.50026,1.0949326
18.220406,1.0492744
17.244883,0.87841797
16.945255,0.9510746
16.561537,0.83249474
16.677074,0.8907833
16.292175,0.91838264
18.762661,0.97589684
17.482286,
16.862684,0.8942604
18.733791,0.9845295
13.732254,0.20295143
15.132883,1.0920534
17.560444,
17.328444,1.0367794
19.398033,1.9321995
18.043247,1.0111675
16.207184,0.90995693
16.33837,
15.054504,1.0487862
12.254404,1.2735548
16.861723,0.86938286
16.545649,0.8544769
16.150997,0.85288715
17.118189,0.8955269
18.212233,1.1170387
16.188457,0.847847
16.511086,0.85770226
18.21845,1.009222
17.872032,0.9850807
17.757584,
17.93415,0.9962139
19.819637,
16.445877,0.8892536
14.309967,1.1483078
18.415491,1.0842438
18.3162,0.89133835
17.445814,0.9422493
18.586664,1.153511
17.484522,0.9243908
19.044323,1.3849411
17.813416,1.0599976
16.21988,0.8745918
17.851227,1.051899
18.177467,1.1231155
18.872915,1.2380924
17.116127,0.91757965
16.850843,0.88734245
18.511423,1.1791039
19.192408,1.2827492
18.782337,1.1453648
18.381105,1.0529575
18.777126,1.1576061
19.680046,1.4448185
19.73808,1.5370274
18.110014,1.0527172
17.966724,0.99669075
19.128624,1.3346977
15.797389,0.9529419
17.533005,0.95573616
18.734304,1.2160282
17.495039,0.9413452
17.863876,1.0161419
19.310827,1.4034939
18.054718,1.3044643
18.622158,1.1049995
16.837276,0.8807945
18.257816,1.1351585
17.435,0.9624119
13.907653,1.1575556
18.241364,1.0959568
17.961216,1.0789013
15.263915,1.0788393
18.353863,1.1749916
18.600754,1.090004
18.182571,1.1016235
19.24319,1.2261009
15.826192,0.9035206
18.798807,
18.822098,1.1898537
17.380816,0.93107414
17.916294,1.0122948
18.552237,1.1655655
16.312134,0.91663074
18.494503,
18.481419,1.160675
16.633566,0.9200592
16.504108,0.7970133
16.44683,0.91931057
15.104532,1.08354
17.121077,0.96684456
12.458142,1.2586536
17.65556,0.95861626
17.25714,
18.018661,
18.934114,
16.455742,0.8944864
17.375408,0.9494133
14.60804,1.1375904
13.14429,0.34945297
11.971381,1.2846556
13.520191,0.28812313
17.978653,
17.675991,
17.133808,
17.119272,
14.045947,1.1514988
15.7640705,0.9394226
18.250443,1.0814857
18.763758,1.186842
18.90189,1.2836647
18.907463,1.1832867
17.757402,0.9229183
18.6324,1.1247482
16.406757,0.88049793
16.882677,0.8519554
11.087789,1.416997
16.624855,0.8735542
18.1001,1.0530891
19.076082,1.3483868
17.991903,1.0020561
18.329035,1.0726242
15.645673,0.94739246
18.318884,1.0550156
19.58876,
16.652996,0.8638916
17.262783,0.94846344
16.210833,0.87047195
17.37358,0.985178
18.34241,1.0849781
17.949415,0.97509384
17.949785,0.98793983
19.217178,1.2621822
17.803122,0.9802513
16.848906,0.88790894
17.44258,0.884079
16.690147,0.91160774
16.576593,0.8729973
19.817833,1.370678
16.462286,0.8662424
17.394863,0.910244
18.123922,1.0254154
17.823175,1.1434727
19.215988,1.3239803
16.800983,0.8728981
16.456146,0.84765244
16.21342,0.8412819
18.116703,1.0201511
19.799555,1.4503422
14.492259,1.1252785
16.99543,0.93016815
13.386669,1.1882381
16.851768,0.8682308
19.156452,1.2582226
19.006886,1.1459522
16.364197,0.8391619
17.671932,1.0312328
19.223532,1.251852
18.414516,1.0884285
18.746946,1.2394505
19.325785,1.4401608
19.063429,
15.992077,0.8770914
17.82418,0.95539284
18.092573,1.0220757
17.628317,1.0264988
15.950477,0.92439556
16.771206,0.86831856
16.407663,0.8910055
18.364086,
17.660421,1.0029392
17.614433,0.74941826
16.44887,0.900054
19.774477,0.79376984
13.679974,1.1783676
16.785694,0.8725376
17.273272,0.89847374
18.41784,1.1430435
16.694704,0.8540993
17.810328,0.8850403
17.973583,0.97280693
16.216873,0.87852573
13.652552,0.2577467
16.523167,0.8794384
16.871326,0.8477459
17.386602,0.883852
17.226421,
12.163588,1.2848997
15.601501,0.9695225
17.444372,1.0350304
16.133265,0.8850899
15.487641,0.9310894
17.513098,
16.509214,0.9463539
17.832226,
18.54692,
17.310593,1.0285034
17.988659,1.0345211
14.998029,1.1216116
17.163496,0.9886284
15.417158,1.083231
13.533978,1.177475
17.293993,0.90079117
15.598531,0.9697752
17.75887,0.9232235
19.48031,
15.712225,0.93320274
17.791258,1.0192738
17.737574,1.0304756
16.033735,0.9031439
13.547483,0.23505974
18.27046,1.0530052
17.254908,
15.4402,1.0518188
15.869357,0.8829193
17.747465,0.9526901
17.629536,0.9853039
16.998632,
18.426123,1.1152897
15.939916,0.8926544
13.950057,1.1631556
14.321123,1.1302738
18.944778,1.2146893
19.274828,1.2165337
15.943723,0.90208626
16.28944,0.8634949
18.718098,1.12813
16.9269,0.9391022
17.917091,0.98659325
16.492672,0.86766624
18.236052,1.0039368
16.337666,0.8827801
17.051252,0.7048998
18.801428,
14.886381,1.1009274
16.544498,0.880599
18.13468,0.9503021
18.020096,1.0008545
16.83499,0.90286255
16.322414,0.87323
18.440313,1.184742
18.996834,1.3908558
17.657629,0.9811382
18.004574,
17.18599,0.9216366
18.808691,
18.708597,1.2070446
17.681568,0.9985657
18.388597,1.1520615
17.477745,0.97070885
16.83389,0.8847828
19.204504,1.2540398
19.002401,1.2469406
18.547249,1.1722622
18.113832,1.0351086
17.822094,1.014307
17.875753,1.0634594
19.662914,1.490799
12.830408,1.2440023
16.659807,0.8850918
17.316725,0.9187031
17.892431,0.99957657
17.442451,0.9091892
19.488129,1.3671169
17.767643,1.0303421
19.38576,1.3769855
19.074808,1.1354675
16.787182,0.8742752
16.23497,0.87773895
19.5638,1.3151627
17.207151,0.92593384
16.193083,
17.770588,0.97854424
19.05208,
18.459902,1.162777
18.802872,1.2172794
17.444376,0.92894363
18.931957,1.1639347
17.345528,1.0097218
18.135946,1.0655098
19.92779,
17.638508,1.0054207
17.861347,1.0027542
17.484331,0.9325218
17.26355,0.913538
18.233963,1.0278683
18.965769,1.3022995
18.465935,1.1539288
19.808594,1.5227928
16.992804,0.8960781
19.21329,1.4210548
18.878864,1.3382416
16.780565,0.8729954
17.231558,0.9349861
19.416264,1.3893032
18.242416,1.0375614
16.453363,0.8175535
19.363174,1.4116993
19.90368,1.6044102
17.59007,0.9606018
18.261766,1.0938683
18.71454,1.215416
18.722168,1.026022
15.698811,0.9443302
16.887377,0.8905506
18.289227,1.0836544
16.266886,0.86295414
18.455309,1.10783
18.951502,1.2242794
17.266964,0.92395973
17.706472,0.98545074
18.267826,1.1171436
19.700039,2.0209389
18.265741,1.1296558
17.297588,0.9334316
18.27771,1.0868855
18.361546,1.1356525
18.348137,1.0720863
19.807367,1.2826748
16.063055,0.8725376
16.715534,
17.467045,0.92043686
18.429039,1.0876942
18.393896,1.1657772
18.962494,1.2075443
16.54416,0.8724499
19.364813,1.2985611
16.75312,0.90340805
19.57662,1.4904957
17.017809,0.91501236
18.87044,1.2133942
16.076954,1.1159487
17.141123,0.90672684
18.956966,1.2187767
17.69991,0.961298
17.384125,0.91490936
19.248886,1.2419567
13.679359,0.1962223
16.738665,0.84794235
15.936299,0.8783436
16.981232,0.9473057
18.525637,1.0906391
16.87213,0.85372925
17.363092,0.9212971
19.837511,
16.474945,0.87021637
17.02199,0.896719
17.720257,0.9782829
18.424314,1.178875
19.776419,
18.055647,1.1436825
18.452944,1.0663853
16.56193,0.8458042
18.46288,1.1383533
16.035027,0.8675976
16.10028,0.8627043
19.370625,1.2283134
15.716747,0.95192623
16.950031,0.9002342
16.679958,0.87947845
16.675844,0.8571224
17.084969,0.91697884
18.331184,1.0920849
17.407763,0.92259026
17.98475,1.0063839
19.09349,1.2800503
19.004156,1.2543945
15.29228,1.0956974
16.985401,0.9024296
16.544447,0.85360336
19.380648,1.7462044
18.391094,1.1137314
17.608927,0.95822906
19.67834,1.5389557
16.403269,0.8454609
17.004177,0.87501717
17.715015,0.97496605
18.723225,1.158123
18.129765,1.0420799
18.069315,1.0593128
17.421188,0.9165554
19.45591,1.0189648
16.822409,0.880846
19.514475,1.4072742
17.43971,0.9457073
17.323235,0.9160538
17.435886,0.95718956
19.001984,1.1870842
18.339249,1.1088352
18.719215,1.1655674
17.858942,1.0109825
18.301716,1.1728725
18.275423,1.1263599
18.85109,1.2484188
16.339539,0.90960026
19.024456,
19.10774,1.2307663
18.245956,1.0841007
19.670204,1.4633884
19.66424,1.4137974
18.898167,1.2228832
18.720583,1.192316
14.120184,1.1940775
17.905003,1.0120659
18.489697,1.1247311
18.976162,1.2652664
16.487858,0.8557148
17.28923,0.96473885
18.503876,1.0915146
17.927004,1.0733833
19.02957,1.2768898
18.47256,1.1108875
18.383839,1.0665894
18.287651,1.021143
17.090937,0.91189003
16.116951,0.8650837
18.915224,1.0866718
19.115812,
17.624603,0.9760742
17.401003,0.9283409
17.15887,0.8784294
17.529617,0.9445038
17.696766,0.9400101
17.094723,0.9107094
18.339464,1.0736485
16.972685,0.89757156
18.897694,1.1930962
18.352657,1.1670113
18.637522,1.2014599
18.149593,1.0081768
16.947409,0.90242577
15.715594,0.94865227
19.929571,1.4843388
16.27096,0.8687477
17.966648,1.0109253
19.458054,1.4325447
15.58075,0.99710846
17.76602,0.99022675
16.267937,0.8800001
18.40003,1.1109657
17.619934,0.96439743
17.684778,0.9877281
16.30776,0.8736887
18.033419,0.99863625
16.387224,0.86851215
18.474075,1.106102
16.4704,0.8816366
18.557863,1.1835594
16.395805,0.8402691
16.60989,0.88801384
16.916777,0.9144306
15.998811,0.91344833
16.746126,0.88368225
15.484221,0.44312286
18.821405,1.2706432
17.567823,0.96723366
16.394455,0.8672676
17.536476,0.97597694
17.672672,0.9980869
18.973623,1.3091526
19.388205,1.4668751
18.830542,1.2683449
16.241936,0.8975773
15.892574,0.9243288
16.779589,0.8860569
18.37919,1.0735569
18.870651,1.3978386
19.995207,1.4277363
16.603985,0.88780594
19.21551,1.4135647
18.554121,1.0510712
17.01384,0.8815899
19.567947,1.3239021
18.694006,1.1814957
18.115284,1.0692215
17.387423,0.9844074
19.856848,1.6310215
18.756119,1.1755238
16.999506,0.8617859
18.164888,0.9257107
16.176828,0.8779955
19.25792,
16.48959,0.8539133
18.241573,1.0366917
19.204466,
16.43742,0.9411354
16.751776,0.9121704
17.44629,0.9003525
17.822725,0.9795761
17.354116,
17.487726,0.9569149
18.184566,
18.287159,1.0785046
18.06259,1.0146866
19.002573,1.052414
18.75698,1.158596
17.985966,0.97919464
16.631214,0.85996056
18.259037,1.0620289
18.167704,1.0529156
13.426313,0.26280499
17.719532,0.97659683
18.450108,0.9745693
17.288252,0.91472054
16.556746,0.8767576
18.135254,1.0232601
17.35013,0.9401207
15.818252,0.95343685
17.348364,1.0328445
18.02978,1.0159073
19.62245,1.5252361
19.440056,1.4464855
19.570131,
17.795956,0.97638893
18.945055,1.2984333
18.224087,1.0824223
17.255608,0.951231
18.455477,1.14011
18.199211,1.1737499
19.064863,1.2735138
18.055628,1.0428658
17.207987,1.1089649
17.027468,0.8926697
16.755367,0.8892002
16.218374,0.853755
18.515581,
19.46449,1.4941998
17.28829,0.9474735
16.189108,0.8663626
18.12921,1.034771
18.705923,1.1858425
18.67636,1.1698761
18.906,1.2221699
16.50388,0.86770916
18.724216,1.1462498
16.34569,0.85820484
17.599796,
17.2376,0.90329933
18.900694,1.2775021
17.533215,0.9382191
17.751577,0.9663696
18.57914,1.1541519
19.327785,
13.69096,0.20799637
19.52948,1.454134
19.882399,1.687315
17.410864,0.962883
19.690693,1.5212994
19.64479,1.2977314
18.852446,1.238472
17.311693,0.9227333
16.863045,0.8814373
19.788322,1.4428654
17.23077,
17.952423,1.0261173
19.32705,1.4746475
19.31832,
17.535814,0.95519257
19.465378,1.3023338
19.170376,1.2740192
18.426853,1.0876045
16.674992,0.8592911
17.396957,0.94392586
19.657356,1.6017017
17.390179,0.9434967
19.370481,1.3045921
17.578938,0.95905876
17.280762,0.93458366
18.728874,1.210104
19.68591,1.4536457
17.102348,0.9385185
19.674583,1.4698544
19.317013,1.3791752
13.498825,1.2124243
18.007103,1.06567
17.556767,1.0084991
19.671188,1.3493462
17.255207,0.9300499
17.03854,0.9243336
18.694317,1.1710873
17.776808,0.9576893
17.497494,0.9659672
16.573746,0.86525154
18.05868,1.0445023
17.23728,0.9029484
17.299665,0.9289112
17.054466,0.9108982
18.731476,1.1955128
19.276754,1.3699837
16.921988,0.9637127
17.098856,1.0938091
18.510916,
16.241365,0.85772705
15.659466,0.93029785
19.393549,1.5640583
15.291796,1.0924578
17.063002,0.9270668
16.371288,0.8710575
15.955223,0.86896515
16.482792,0.8704691
17.361172,0.88575745
16.174616,0.85402393
17.727354,0.90457344
18.976948,1.4217606
18.58746,1.1016369
18.98967,1.3095036
19.914143,
18.11276,1.058775
16.771103,0.8773155
17.825888,1.0200958
15.514683,1.045454
17.97269,
19.158152,1.2810497
18.947456,0.9736271
18.675747,1.2629299
19.04398,1.2529583
17.864075,0.99691963
13.383303,1.2129469
18.463858,1.135992
18.246157,
18.601864,1.1101646
18.112246,1.0355892
16.637972,0.87934685
14.946217,1.1062174
18.365803,1.1240425
16.37241,0.86787415
16.796524,0.90854645
17.355711,0.9159374
17.9779,0.9939804
17.889746,1.0210438
17.665339,0.9683418
14.154762,1.161725
15.61752,0.9648495
18.655556,1.0868473
16.876003,0.82518005
18.33426,1.0750847
17.841637,1.024456
17.17562,0.9149704
19.426674,1.2678013
17.91326,1.0051727
17.619076,0.95645905
18.211994,1.1031132
19.414688,1.3763218
17.000675,0.90646744
17.788143,0.98441315
18.644754,1.0894012
15.791461,0.92807674
17.565939,0.96855164
16.28947,0.8632488
17.041424,0.8960514
18.234638,1.1087799
19.118814,1.2019558
16.122356,0.9039116
16.867641,0.8895874
17.90386,1.0266247
17.783627,0.95233345
16.828428,0.86893463
19.408083,1.2458801
13.401631,1.1848574
17.70247,1.031393
18.103138,1.0571861
17.833405,
17.865711,0.99598503
17.98417,1.0403366
19.850914,1.4787636
16.337942,0.8580475
17.67091,1.0107632
18.379515,1.0964222
17.409637,0.9707184
18.20433,1.2108917
12.294659,1.2824879
17.310934,0.9221897
17.213161,0.93009186
17.4832,0.96037865
19.061825,1.3575878
18.129993,1.0405312
17.74403,1.0047722
18.65408,
17.909754,1.0286045
16.232502,0.8930826
16.827124,0.90190125
18.678022,1.1411552
18.079212,1.1228943
18.850256,1.2224197
18.123806,1.0290756
18.692444,1.1337566
19.095856,1.2192097
19.03064,1.2051678
17.60488,0.9648495
17.512491,0.93793297
