ra,dec,pmra,pmdec,parallax
83.90623737142894,-6.8961899840960745,16.05871281215259,-21.425808280461258,2.7405344374962235
83.51810853791471,-6.841814542370012,-0.7538856450436573,-11.476303561423597,2.2470286596952485
83.50686780286406,-6.785513745875425,7.032112333048716,-10.618874397902832,2.090249007416966
83.7163140385585,-6.7711881551949045,8.103205447517244,-5.913298007310328,2.0678311491797423
83.65198599902543,-6.703194179966516,1.6207186289051314,-1.2852844424236294,2.492850753311691
83.63128108335702,-6.6413279808528385,-4.28569561057378,-12.466139730642189,2.254004258695602
82.95224482933021,-6.640658536800214,3.832084248807906,-31.550553558097707,2.7608304292347237
82.96419586053123,-6.592295805003052,0.34197333339612973,-0.27159593171727514,2.5500202171584867
83.35191717271269,-6.776642529329341,1.7707564387761037,-0.6936310951315735,2.4420060269985613
83.4278432436297,-6.703574836580625,0.7611540196460398,-0.5859188250682584,2.5712565123036852
83.2833499929068,-6.69750546267687,4.688524381032361,-1.755688878352188,2.093578288548249
83.53193779790566,-6.528883983089128,5.669967844667489,-28.42087376731282,2.3600268514120257
83.46214129491675,-6.4715640074815735,0.9107899908604052,-0.49803588369798635,2.1744425449734703
83.08249417702525,-6.675561716065669,0.8416122882895576,1.0926954245206253,2.866671596291831
83.29365009173245,-6.575752140445254,-1.8103417596076115,4.172405104669267,2.819645578457585
83.1825467532507,-6.568900238663243,-0.320263973418365,-0.4174443749846412,2.742564042565248
83.40220728235992,-6.445148510370836,0.8603737891001295,0.3538450746829228,2.6178908374048158
82.90584559507971,-6.544639324466619,11.211140041963315,-10.17951202757079,2.492016114133912
83.0047317879454,-6.5489790020311,1.2388413923776709,-5.523372855855729,2.075227191740588
83.04180422510018,-6.486894576568561,1.2248973155923217,-1.3014057611832228,2.7845108636559397
82.97055105596696,-6.3410522564623415,1.4199699334929197,8.402673515133277,2.695264164018266
83.13875345694636,-6.2126420372047875,-3.133916931508829,5.778178999063982,2.180891051557142
82.90561249116418,-6.299978902584704,1.7073165988189463,-1.521437690371956,2.8928183716000175
82.76350121731,-6.275648988285423,0.8242999638155446,2.2150275847484573,2.0661923238357263
83.03628075101226,-6.1196881525172575,3.192690876162158,-0.9092101942692054,2.7676373393048292
82.89168158177476,-6.139222251613048,2.919425554840878,-0.629639272584043,2.2659343670694745
83.04337444790845,-6.059115959712244,-3.9485681536106934,7.395834123903846,2.328994173566549
82.96719309498695,-5.989306644027216,-5.727754786543505,-5.7138888784709465,2.17962384796329
84.15691106192249,-6.806308784011317,-0.9403202183353815,-2.874226332623344,2.532757363834009
84.3287411723806,-6.7844084291096385,0.8674672627760028,-2.106914569218587,2.8688778019434773
84.62237066902588,-6.427903808786019,-1.749131362428319,2.263679216689906,2.4533366551703977
83.99679711326733,-6.831112537184855,0.9574008429842756,-0.0988497804434111,2.639469950492205
84.12596286262625,-6.712780996473244,0.6368567382187057,-0.8470706012851849,2.325998127482857
83.98938701744358,-6.711607104205258,0.8489235535010302,0.5139000852960197,2.7484367376413097
84.12328824324467,-6.6473006749728105,1.2845285680672875,-1.0502362158475456,2.711228065520473
84.31136524282923,-6.587735428108925,1.1353177039988365,0.08310729138631295,2.565036782749424
84.16389462450877,-6.503072406034477,0.801135540916138,0.5908256928961119,2.5516212303810293
83.96392433940082,-6.556513738841965,4.1055204588766605,-26.30222166539777,2.651505832152042
83.79611511804595,-6.55745387247029,3.6597526840451726,-1.273164998093855,2.510508415034635
83.79556843504713,-6.551465767587885,1.4357756243967936,0.7450244560195071,2.6971150139962585
84.00172099637865,-6.559198807287229,0.634417424878577,0.1322146233841329,2.2920715773813676
84.06501395204785,-6.455530341581632,1.2527926666830045,0.5563749188192635,2.6522758445812458
84.09122986480273,-6.433762091308878,1.446146219624129,-1.2311057543180692,2.3310029634679057
84.05253592568647,-6.394321602652015,1.1313340229175055,-0.15968631510618367,2.722284071551925
83.99093019706768,-6.395874682514154,0.12511527129264535,0.49217404136206266,2.6582567000064126
83.99289019247264,-6.369909935275607,0.2755108295107235,0.027022619281960078,2.7957049689500892
84.04349628322743,-6.333757763100601,1.193786176326973,0.6066680302668578,2.5979974419045044
84.44977849054004,-6.416386045285925,1.7085883327739797,-0.9016344657298432,2.381434228476875
84.27408301522571,-6.454616658033475,1.165361649823187,0.14974124372404313,2.710777060598369
84.41596947695975,-6.323829071025666,0.8716103577476167,-28.809457806087913,2.2621492714156477
84.49629700178214,-6.305091474355713,43.098394170123434,-69.61333370786215,2.213082922632538
84.50485712810004,-6.239124126142541,1.6086440599111846,0.6140980156006598,2.5188513706288638
84.25980649240469,-6.316813258328977,-0.22171571410428995,-2.875133815417284,2.7280551206869728
84.4145052978597,-6.1079666806221775,5.581493962780056,-7.670123835304522,2.7418530800947836
84.36696297697394,-6.053433724185787,-7.657157919267535,8.610456152234049,2.616450159636813
84.35383227432779,-6.045056305980778,1.8758282941833067,-1.2594921263211865,2.724665232722195
84.89351838919565,-6.403381798234076,-1.8184252056377848,1.3302878922848798,2.3250637363909723
84.85674870050995,-6.317589531238714,2.273132355030384,-1.0200272475157965,2.6363992213440475
85.03590375458798,-6.206183260607781,-4.690673215785216,4.707849659487837,2.1118120456799505
85.03915704368991,-6.108503659719644,0.4201060405625068,0.7507207874920159,2.0985670420368927
84.68750322520097,-6.193949395698378,6.408810086534178,4.8310745192022395,2.3244844785493783
84.76010675049648,-6.086972068324143,1.3527103188453404,0.2653040682014082,2.55931193423506
85.01936632011008,-6.0080242616936035,13.064890882861995,-0.49995660416577503,2.0929211184293375
84.90764051602017,-5.898350470790411,2.062114995970636,0.17506424387571265,2.375571805588817
84.67075142735979,-5.944698438090841,3.007487246632974,-2.8979470370015883,2.778906363952464
84.5892508390017,-5.927985581431935,24.184929885131467,16.09861484783991,2.811364565824945
84.67575188199767,-5.921511987980284,-1.396178117921999,0.08777973688362431,2.6103736931978343
85.21534236223619,-5.665482047256814,-1.0103961958771341,-5.737862308407534,2.9601501349465895
84.86743785303273,-5.688553133370634,-2.676342180073607,0.8978305780984402,2.4175772383656216
85.11951052224461,-5.604091958486891,13.112188612865614,16.874884771261026,2.0064831873238753
85.15986895869108,-5.57730876539252,-3.883339853732629,-22.86903927970876,2.1474611051552497
85.0560896435907,-5.458885396891798,-14.770122672135074,-39.511106535086874,2.819893258966248
83.61866982707397,-6.499065030613122,-1.7323642356359301,-1.7983916679626357,2.609150831241513
83.99906380035016,-6.2682088475009685,-0.5238878794764416,0.7070523513770325,2.6931596186469786
83.86638843435476,-6.160869677616917,0.5356558519283945,0.18289464626818083,2.645644306508107
83.5140489482335,-6.262606822509103,0.4376420499054511,0.8009598673945121,2.159944497713717
83.4431618210304,-6.220348960097595,2.290005549670358,-46.789230775957186,2.54934069695872
83.74183211896694,-6.2066593458853365,-0.8362467371507919,-3.146959846955172,2.975158683928221
83.6532043845815,-6.217449301171091,-12.749599083670047,-12.810427028420971,2.695090120451204
83.64532176929683,-6.190524781100063,-0.06398247193996622,0.5036560958802342,2.5039996437023566
83.81449593171789,-6.137334289691628,0.7040191579927957,9.407701220296586,2.726133947724221
83.79189756930852,-6.093468690037956,1.5983174675281477,-0.37848685206759475,2.5321598084786117
83.62465403158802,-6.157496178532521,4.806278872751784,-14.48744631824076,2.361546287639164
83.64195456975175,-6.138954062415575,-4.622337900893931,5.924087552815379,2.9798039509824332
84.00460127192956,-6.258734613162875,0.21738161110550022,0.43624871039579927,2.529737642014809
83.98881376169817,-6.040068190285301,11.94439208275254,-10.94815838573867,2.7683597707413297
84.18097664226926,-5.932133088383505,1.4985182643766621,-0.446324494916709,2.54242662591727
83.94999739651331,-6.026287060647822,-0.4040948289199941,-0.16166889717635305,2.4451242924829164
83.93799018430359,-6.018616305955676,1.1065076995539953,0.7602748821240873,2.601899420522322
83.94777830192336,-6.007578301825886,1.459394444163238,0.23752043940060208,2.4943579049312063
83.91898701800255,-5.973935869546109,1.555377494094003,0.6640503483171953,2.705023163099927
83.74389179546677,-6.000033781429529,0.902529129410999,1.539507690159665,2.7057773638024574
83.82113461821777,-5.992140838598851,1.4975265287197095,0.6245906328525641,2.60886434034668
83.79156752478475,-5.953316411649602,0.8910639529408642,0.028846210814515404,2.5789869141705313
83.7213292041217,-5.9986246218205475,1.2071345007327912,-1.8872381574276103,2.73186136787003
83.86008710028939,-5.924090244551637,1.3359590665500753,0.5183465577062437,2.5283772147908565
83.79589187310093,-5.92691174528669,1.4449511189977446,-0.07232153585941582,2.618351604700733
83.8388872047056,-5.897718391979216,1.6288540626534582,0.44236730427990917,2.5197193262973974
84.04160194652148,-5.9555958143236225,1.0832806086124123,0.8496400510626811,2.81151350796618
83.97782405510061,-5.910195866076111,1.7612527149620112,-0.6123015381571758,2.754852831829069
83.99867405514809,-5.917548682932441,1.009725408117317,0.5570167349748437,2.5506980794190914
84.09850509469554,-5.8525986377827826,1.6288609618729042,-0.693575562152661,2.4581856817502072
83.93414125515353,-5.834636607220013,1.1446098250879362,0.3375581154826171,2.6662554186004734
84.04307434102134,-5.707523364987893,0.7078536389022462,0.6653082173187748,2.521509293967514
84.0275398113055,-5.698425872413027,1.8168581484160566,-0.48574478443106717,2.5382260485598795
84.0216877192018,-5.694213852954246,0.47748328319983546,-0.186861193987837,2.6097502807532207
83.39323826206099,-6.072230364336299,1.3293678354405842,0.31799185721434364,2.6845302228289336
83.36878329543586,-6.034931650168566,1.7164583638548687,0.480297974323751,2.4708790890952472
83.51040334141074,-6.075253226001349,1.1277945822839648,0.6434389415584741,2.5111493651823573
83.43920864872065,-6.073887101303011,1.6517581877519651,-0.5110433217796841,2.623747509883656
83.44411268724389,-5.977094247977167,-3.795197292573768,0.8593826376070308,2.0849157042999082
83.11437906405693,-6.0830475923924165,2.9254842239716137,-2.042724514329119,2.4545966310150753
83.21808487432766,-5.989223031495182,1.5468563139481482,0.5811875504810204,2.4329906387805647
83.17707484994244,-5.878319103382846,0.9616574246460405,-0.08772248069111012,2.7140152361927488
83.15854450977729,-5.863456062061745,1.911898039340604,-2.1551077386233755,2.678693349773228
83.62335950688808,-5.790192074853783,1.593418154915457,0.48726061247979346,2.5971303309826554
83.72372222841697,-5.753136221919401,1.9453722831135112,-0.576463916999552,2.509992412431968
83.85905108641765,-5.804625906512722,1.6703740031615233,-1.1642467659328395,2.644913898960628
83.96634318660085,-5.692759905443072,1.1853374152908205,0.5026332593935171,2.4086630637489495
83.9896676500317,-5.664284963051681,0.6164255654119463,-0.7041173283321057,2.535482161523832
83.8959412489267,-5.683740873264854,1.4351713959045427,-1.9656832616864635,2.2590949471603827
83.73313532839856,-5.728505095684343,1.1586214844188543,0.5873926589473635,2.2726542366524085
83.79619664494392,-5.699017210670462,1.3267763755489,0.5698579862108906,2.7656125288310798
83.82185818207562,-5.674263878435879,1.0579359530990269,0.9016387320636645,2.119154554961949
83.72285185976665,-5.6677903072583415,1.2781744196830056,0.4702046998185034,2.5633563719330694
83.80550023552327,-5.621081005994509,0.28814285871298717,1.1613571927831143,2.908933215356826
83.79636339750338,-5.59001430401106,0.5150210853390569,0.7379283421116197,2.172951864205478
83.83839609080451,-5.554885787281005,1.57045588865245,-0.34246833435602286,2.45087711574425
83.61599103170722,-5.725439021907904,0.5881478639310019,-0.21907432614302852,2.8972466075447003
83.56858748690054,-5.612680385409105,0.6600186161411724,-0.31745321670378535,2.578810957209941
83.774026195135,-5.5894719118747105,1.1621572269339948,0.6262647341743262,2.228826941566528
83.76686970976145,-5.538577096374194,1.094288657893627,-0.9229699703741194,2.666100216098675
83.82457512658812,-5.547108871869579,2.322616309554592,-1.6857207796537907,2.5914717023851837
83.83450811122157,-5.53801697612355,1.406994170954554,1.3257771124490971,2.985502098134626
83.70369339400513,-5.529385287057551,1.6887054095356666,0.44160903005972024,2.7388075318085963
83.70189789153079,-5.518667873333564,-0.07333334165868363,-0.09463806748828463,2.513692216829276
83.69957175320025,-5.512933370511478,2.0866951627475734,-0.782071465567323,2.5119286033122603
83.6050138036959,-5.537172901293259,2.4854917467913293,-1.3838125207866738,2.429691238197584
83.58145918204067,-5.505508747252196,1.4415746301856671,-1.8640889995817402,2.4702346766803207
83.57179360860583,-5.484514753669589,1.123662573813663,0.033291032254023176,2.5784952242157075
83.66608618196982,-5.501856677301915,1.460347852369654,-1.3177176084991935,2.556377063478534
83.67006677119033,-5.444067581848187,1.8785626962569668,0.29660865393139757,2.489130466662172
84.60574690211072,-5.708366508603694,6.137475923062011,-1.615333776760676,2.412503048680529
84.53847699198536,-5.683315648954399,1.7012875046318108,-0.42174166840258004,2.722813149810804
84.16527537262196,-5.67416251210202,0.6081720359425363,-0.4206923915006488,2.2484575363619848
84.4076127676087,-5.623287886863566,-1.6021350230587403,1.2010035788547864,2.7014464120855135
84.50274543852407,-5.536422787129306,2.569990363273192,1.6187042975828905,2.084950579121427
84.75615083178305,-5.441700467569942,-0.7608772781068673,-1.764125322684125,2.5163021502343383
84.97937754695641,-5.421974350938013,51.73204238563813,26.305115753986705,2.7376725277804033
84.78804562532434,-5.402990317894546,-0.2393671123691264,20.267206363656392,2.3133335265811907
83.8883657917022,-6.857608394402428,0.014304837757819164,-0.6661655120610914,2.2929500400938463
83.9462486887789,-6.848265406567994,-11.656716401000185,-5.889461909767004,2.1935731245678434
83.87987027323226,-6.829737344181692,-0.6639631245598747,1.1471558777344542,2.1939972028573664
83.82463555144064,-6.815005294750543,1.1154587099526385,0.30309107780109457,2.688362093930773
83.79590456624601,-6.788004541146699,1.195687714069759,0.1940847746721307,2.525856298396267
83.83533797627855,-6.79050600747859,1.6063192595014586,-0.9142345720106045,2.663137287464663
83.72246951646,-6.678546278911069,1.83259793097034,-4.918449046969849,2.1102481228417056
82.97049533102381,-6.63844122736156,-2.1758607728424155,5.293636065155894,2.8191409304454993
83.42232126305254,-6.786391726719303,-2.3510653612403547,-7.810786600108531,2.777126418014799
83.23640528108061,-6.684612928001312,13.036840674703955,-49.9704022810937,2.782686894946863
83.54376184037005,-6.511074457792767,-5.11137932885777,8.663661386686828,2.4511633866979694
83.52598693442869,-6.5125139551530955,0.7064373271230122,-1.3378777759404175,2.411558768195374
83.10380877089139,-6.663359229721568,-0.3590339220535575,-5.246681024740435,2.239196524702867
83.02627024152856,-6.534874744212139,-11.41363677072747,-2.5310858684835225,2.6779325101689735
83.199675035122,-6.492164174479719,1.0961276106094897,0.37480675020831006,2.657767785458073
83.35257266638112,-6.51239577061451,1.0526930746546905,-0.022478564331067877,2.778881944018817
83.25992099519286,-6.512030338426909,9.965950838558545,-8.716305115711421,2.2144044461055916
83.42485124450313,-6.377187227949214,6.551011363389148,-2.8600537911695514,2.5592243282190212
83.34142249193876,-6.339110502215213,2.2772851125755715,-6.936570075217865,2.3683404738469016
82.85158825209892,-6.476147623393229,9.285823829637385,-3.672154452894287,2.6350813716974057
83.21090358888605,-6.341303230557334,13.657522693294643,-4.9918368806961455,2.8532996953390977
83.11150362699486,-6.361698926400278,0.8994084625403898,-0.11284661674105628,2.732014774073691
82.74835698158991,-6.327751400340215,-0.8974597861316743,-21.31146547286485,2.0462336236065055
82.80432210234858,-6.32148679582444,1.8781371375561557,-9.742918876880582,2.3241309546515674
82.6689180396522,-6.312104240609722,3.875673860614603,-7.663932711293427,2.0021232239405404
82.82450713440552,-6.232049558001167,3.5406268814483584,14.330609725742288,2.113554253860599
83.1215790819717,-6.120816589250052,23.01355942827428,-38.426247273929754,2.6453423761480104
84.45946683654834,-6.587152637727908,-0.40716355595562864,2.2333025936829114,2.06054960293833
84.68703133393832,-6.4093749440757986,-1.6125490772887916,2.10296279649878,2.053376282225728
84.59614955610607,-6.452539762331372,-1.0453652608402733,-56.78075505578796,2.151140732767297
84.11710063924902,-6.7423737993761685,0.9523279567558107,0.5058168818091677,2.6115238301582044
84.00692276519983,-6.710041818621044,0.6254257023721405,0.25680945192215726,2.421846443383471
84.20947064196285,-6.6984497434975445,-0.27603295785776333,0.03160482187050088,2.489730795130947
84.17062627600166,-6.688224884068597,1.019436334114658,0.14605285654515102,2.5259220442595605
84.13677188408222,-6.665218702989745,1.3373498783156024,0.5246121349638021,2.589155166255524
84.19731451397146,-6.623660070774612,1.2431911828239706,0.5157989531127329,2.542663213945198
84.14537738244661,-6.585047175672251,1.2661773960894007,0.47527895256981745,2.4225713770439854
83.85204597629154,-6.477906572189507,0.47336617585379037,0.4170924856916529,2.678850297797612
84.02745367953725,-6.528600092208917,1.2477001443106897,0.4470835211011592,2.6171182681721397
84.1341825274791,-6.461565807722934,0.8393461916470456,0.7504266830766011,2.5024705139102865
84.1326696663276,-6.389726587040239,2.1075543872719775,-0.8398251833630429,2.697866305412871
84.02151360433429,-6.423716832220522,0.7695515419634269,0.25838145748706337,2.509427100563752
84.00117715379464,-6.396481470055454,0.2210915478781568,0.43691733310637704,2.7525409818705264
84.04766260585201,-6.373774354245697,0.2895997475791926,0.04778810826648368,2.730741288004281
84.03955542603721,-6.310097350145852,1.321753561877949,0.573796464044489,2.5999531103483977
84.33096967984444,-6.443740617897358,1.2810387579859503,-4.888380910782139,2.6811425172935026
84.61464608587174,-6.255339478610851,-5.794998179361463,-9.806841890680543,2.9310596265901845
84.48477613520033,-6.229883457427737,4.975892183671183,-4.072204609192895,2.2425279020049884
84.47591866534053,-6.199244857333649,4.325434693245086,-5.589882345062148,2.084168687874467
84.1750266305637,-6.34621040523472,0.488949680474684,-0.01628749440966321,2.524012064362733
84.31200765240088,-6.3277500244164155,0.7760846265585347,0.8374921030193211,2.840726552373657
84.30789481545523,-6.3036754563551085,1.1634700617033626,0.7037095252595787,2.5768615391509604
84.03898436906238,-6.286336726940856,0.6593581062079404,-0.24987604824974896,2.4585942296797216
84.13697506975893,-6.210408448207927,-0.04013737282867401,1.2554945865564038,2.5391749285855347
84.16913652070194,-6.175899464612075,1.2482172690443916,-0.5616134219653974,2.1284313308314617
84.36759978893885,-5.990810281699147,1.0656806091271274,-9.509432648549055,2.1961620384492626
84.96963618341665,-6.32596147860435,7.921382596066775,5.954305954008613,2.158166043578519
84.82103463755676,-6.2341972476069705,7.959587359901613,-0.6449488163573053,2.428757343602737
85.21206245636388,-5.9177297772802735,6.42487954265664,-12.868980568229304,2.46521649762355
84.83931957891045,-6.145256995452164,15.622850656720761,6.076012393849811,2.072605695937581
84.67227406867909,-6.065445513114153,4.168327070721993,-7.509591420757829,2.283057507821494
84.86214464144562,-5.914369779020149,2.956823848808946,0.20038479038413967,2.1230255252876735
84.5541154684053,-6.093451947283786,-1.8546456519930103,1.5638031257917466,2.1375042281920527
84.48704642844599,-5.9702859400865185,-3.8619966619269226,4.1009870398819075,2.129275014622725
84.5299783140743,-5.888448407141936,-4.837307659710938,-5.062978104238085,2.6482929489468847
84.53371808177309,-5.870962882140208,-1.4011623468185852,1.0207186654688767,2.7661918571976187
85.08267304599832,-5.782940581915073,3.2970543075753236,-27.20812774314564,2.2583549282643998
85.16073838759317,-5.618493262358643,10.774598467899144,16.875892533693904,2.5164730358866847
84.91338272066808,-5.757250089840577,5.631918952212339,-46.207044904372204,2.640106816030811
84.955719379521,-5.731609535012922,-5.874680497332924,-25.588746323292725,2.5723441414926467
84.85398882430808,-5.732465053095049,14.803123023923103,-55.34519436335872,2.5692472653255756
84.82583335540687,-5.737712975721474,11.083237925015668,-1.401588212048058,2.700649859942931
84.93313921189328,-5.619024089551446,-1.7542918779495071,1.2914552580855099,2.3055541862333055
85.04676606313072,-5.6420123617243005,20.343283250892693,-31.64893743292199,2.417507662298583
85.09692121859182,-5.5746728816179285,-2.8187741786256835,-22.63344232293328,2.147153874558439
85.14571794008262,-5.475769724404918,-2.9405367881703035,-5.283830879890608,2.1270388973308236
85.1125748773012,-5.418255382705353,3.0150297173206004,1.98434771001014,2.283545968440206
83.70821560370761,-6.470023277341923,1.0107540987534207,0.27499942218344525,2.569335836235083
83.63697469286717,-6.412230104920725,0.48204672057320436,-0.20897635124748146,2.519135934348619
83.64924143072176,-6.3650598719216775,1.5603121152289423,1.3152689440279006,2.8415437245459363
83.66533737224299,-6.301719222165299,0.20001509123442976,1.443748077198514,2.8942852270283774
83.99676231596088,-6.275034746405016,1.2373768312928162,-2.9753331297147017,2.5269934047348066
83.87276541356833,-6.274071299850078,1.7490128978629005,-0.26857375985336723,2.50197586103035
83.77267956526507,-6.2630825500359775,1.3597357148742417,-0.03612831894186699,2.5640163153806617
83.82066542001317,-6.219178672136485,0.9197839888175654,0.6504391040130582,2.6439060847741946
83.67968914432497,-6.210777131437127,0.9456120338748304,0.5176155764608644,2.6676314512476873
83.68527438088952,-6.1749896165968075,-5.817563086951674,0.4385093241249122,2.3392699067372615
83.78196016616167,-6.115038363951199,1.7859854106495312,1.0401597446436508,2.5696006712782675
83.62014987409127,-6.164000972176953,1.3818030605396334,0.5654899116152918,2.58343388719602
83.66105430374405,-5.997050165660529,0.01603717163738452,1.9183651937669246,2.035030281278487
84.0615027763783,-6.221362979210922,1.8045992394833972,-1.219379722483331,2.6665058978601754
84.04044412416648,-6.175243948415998,-1.10156765180989,1.175050585181861,2.991513000531823
84.18256493877958,-6.141354922939892,0.6242917258006574,0.24610440848621928,2.765682795481647
84.04014961539815,-6.058666074565219,11.90423375675683,24.235495335601286,2.2803428237395025
84.18235209563828,-6.068806888416137,3.424659712820024,-3.566211020906264,2.5663331103573452
83.94869428751183,-5.968358741162958,0.9674461186519102,0.2797402761807667,2.644520968914893
83.90046679685877,-5.948135106314722,1.1985394922359278,0.41047612938184247,2.445622976613981
83.80379630483708,-5.994035057368316,1.44123348557106,0.7617647381697568,2.624167717754102
83.77795569320091,-5.969825713083859,1.105178447059138,0.901440237112979,2.647324431006771
83.81368586819866,-5.935709721978792,1.2007671778606748,0.6165235156024677,2.833348823757871
83.84856015827191,-5.874807470976799,1.339268838260908,0.7752412481135885,2.620739648805193
83.81201839905371,-5.861754890073556,1.073177729673539,0.5546327697338308,2.6036498061627675
83.88725530166325,-5.825746831779996,1.2976896704324783,0.7554788729185096,2.39337640294387
84.04119724420865,-5.812622828005391,0.6818014096977443,-16.823733945959187,2.593964131315326
84.00973341952415,-5.806954354453442,-6.813219239733642,-11.49521067353671,2.7706874573264186
84.03927424064298,-5.774066482977797,1.1399645656595645,0.361513717935584,2.6209176235057132
84.03745339089195,-5.746664908684571,1.0763418634206336,0.30708672645454016,2.6260992645610046
83.38496299084431,-6.192193119297373,-7.84039780017208,-7.6414027801153335,2.0148698505599065
83.3500461600585,-6.1195693849362085,0.8833194814423738,0.4314765925448353,2.7665900897409403
83.208040227756,-6.179351789682543,1.5695369332614642,0.39235963063157675,2.625516462598159
83.18257822638218,-6.158107132376179,16.466299965197926,-7.911756791485892,2.516253123923052
83.35937465116582,-6.031848562585015,4.090152100172623,-16.349764903926097,2.89435551894327
83.35154608404638,-6.023471972187375,15.988343134894093,-2.930155623609629,2.059125167609922
83.51185521070401,-6.097418508942539,1.2846967985551796,0.7007537018320099,2.5832833096664225
83.44350682454309,-6.075802124294325,-7.309204343131223,-1.263564552153387,2.0690060651381406
83.44366715711817,-5.95350558169659,1.6176084277065044,0.6130013378618321,2.61794703286178
83.35691057725684,-5.97985129061055,0.7145926251822383,-1.5956278401288406,2.777069462943599
83.54839380187043,-5.9227775586471365,-0.09200584729844533,-1.4663128733325834,2.133043541880159
83.51232577055607,-5.844908678827821,0.7965970754315349,0.05513270810274502,2.8058605964931607
83.13681325393858,-6.057537238316675,11.46883604323348,17.930361896241486,2.7853052948087234
83.19472441497871,-5.967222697172125,1.3010537236696629,-2.520315254020243,2.6663750522425826
83.32882646624427,-5.964070984816078,1.3911192833903177,0.37782119692655175,2.5194301819503524
83.26114139867755,-5.9207891076319505,-0.4347398486924728,0.38204660783069117,2.007365104770122
83.31225015943127,-5.820265763409071,1.1707872931286563,0.6417872720630887,2.5882995357079817
83.3335201076262,-5.725180384488532,0.8026281629701286,0.3313628993142067,2.9551676718508624
83.662437087601,-5.964931420508772,1.6050334373436805,0.24157766767182856,2.6783456329079534
83.70706927544538,-5.907574341844453,1.0460118506336278,0.39866376325804753,2.620713538799844
83.68565818886816,-5.90421670971411,1.4951556919052738,-1.091095226729329,2.787931934739614
83.70837395880548,-5.884497091711774,1.2531590288912988,0.289701600110881,2.472027767438302
83.62213167311991,-5.8886699070862685,27.590334380543506,-5.016227580060422,2.792760841031718
83.74578497576006,-5.799960591854238,1.3664982962077399,-1.6982979548047867,2.708310830908214
83.73790958098728,-5.787339890685105,0.4208749186980309,-0.18182082883604866,2.897568534654423
83.55871163356282,-5.789402799255192,1.3441001562336077,0.6674206162811982,2.541136881269511
83.70013027811353,-5.782298986596604,0.40056323208521705,0.3970857302091168,2.381545020893883
83.71269789028574,-5.730335123922842,-0.5975235341864614,0.1962506549212075,2.2458774606275393
83.70066989421422,-5.708059869847115,1.0755353758514146,1.2200262368313515,2.748795471190709
83.88456723800802,-5.73500725430226,1.361905263781875,0.8703019189237291,2.556079026973022
83.8650299534113,-5.71519225712127,-0.4287508203943295,0.1957151707546596,2.3273282636863786
83.88882507001539,-5.656924328615917,1.5770751134981342,1.3330787610479635,2.5847024505711915
83.74632895290114,-5.741901156831651,0.358346087657253,1.1106504983042018,2.4539163278431415
83.82311904381757,-5.68012127554176,1.6999139276128312,-0.8525734458074007,2.4783411619019025
83.8873398139779,-5.604513890617308,5.466269016784409,11.039857589005868,2.7585424804677645
83.4721171827754,-5.794016543614832,-1.597059002975494,6.809583668160688,2.0808432631302756
83.45268405882534,-5.624297845370667,1.5530965475759477,0.7623837071107172,2.119684933284847
83.50143589033297,-5.595408405549584,-0.16019711353821034,0.9177509052930487,2.6312606187801992
83.69551530955401,-5.585528441697122,1.338768038243094,-1.3216682034329712,2.5970755698844967
83.67581221594408,-5.5509982075670585,0.7303183287769303,0.733118013330237,2.3253830204175374
83.81584038330031,-5.553439422749421,2.4463589189538335,0.31971311208540537,2.493395639290615
83.5479441454808,-5.5055053116549715,2.2978704785977775,-0.9237798310896246,2.4164729417502095
83.6780513729604,-5.477053352490481,3.8590113324300606,2.080604617596393,2.763359042168413
83.80325379377753,-6.785049314440219,0.8592765645992845,0.06735913641368824,2.735528904651249
83.49429673976107,-6.763966748140879,1.2743495748333424,0.7182447718676237,2.5982615654087597
83.65061340729187,-6.861496531696655,-6.475337505129431,12.785405221553495,2.1033537016243384
83.59917926013867,-6.741080459062299,1.0581482541603786,0.2970816583008961,2.5914100545943906
83.39119758932833,-6.791012775769822,0.7516976997881761,-0.3674932551864585,2.7605813048472108
83.28637941441004,-6.762687602685199,5.3482743574533815,6.274880643208666,2.744821243205142
83.48985806178185,-6.668226110643314,-0.6876100226753327,2.975035991897517,2.70229492292239
83.49871611927782,-6.590329695444222,1.1255921392261654,-0.28267675750528826,2.685301273584944
83.5482713053238,-6.585902569195237,0.7774913737291846,-0.8508203999755878,2.587605467684767
83.35428533778662,-6.596855488202311,-3.6130454823006684,2.6196830103600206,2.2620112191172006
83.22539078146485,-6.581913183397002,1.2787630246655297,-0.03789661002450488,2.6939526447442805
83.20783890504175,-6.492955908833964,-7.838259328643416,1.9002408486398805,2.9224461256589653
83.14122797559557,-6.446490735605298,1.0461462947902818,0.03761211574881723,2.7012416253813205
83.45030934691765,-6.461801416699101,1.1086392207453737,0.4114334836942161,2.5471448653167883
83.3915578834911,-6.432517418628466,1.1861873764068598,0.5681662723288983,2.312573557724787
83.31205486166598,-6.358310168042113,-2.0923645454697097,-1.7438820692910506,2.1695395814232614
83.26379183862116,-6.3208329820315345,-0.17163969841841176,0.05829035913287018,2.9017505281410725
83.1319238088323,-6.255101762330226,1.3961809995941232,0.37445099757262845,2.6644322566910272
82.92494648910971,-6.273245695395544,-9.049097549465822,-9.056452826746973,2.9148700837223314
82.78501254853849,-6.219445174696949,-0.2977871035365101,-8.434621918610663,2.777307549048584
84.35300610665625,-6.749329290182216,-0.9618694725887135,0.6285298122538618,2.826717597356812
84.44616767971813,-6.70838885825154,0.7165392937689317,0.5989708890605293,2.1465746813758106
84.48747720445672,-6.609244843786206,0.014581679695832194,-0.2056023226002302,2.5829252613534552
84.52199490912427,-6.493441216198813,-0.10167580012098262,-0.44426479144999315,2.4030773067778135
84.08143346765445,-6.7374797717163615,0.9517602792992365,0.13225862789179713,2.5517101222942165
84.1350883997685,-6.678582894873941,1.2598742228574282,0.08627501262607178,2.5510571003868465
84.06619114186257,-6.63078656163939,0.06430465743743571,0.5254215290934601,2.7515714414116075
84.25056845984733,-6.566204192899956,0.6422276837545228,0.004381584997146436,2.1046352083152993
84.13753099592428,-6.5665937190446035,-3.7245462030326197,-1.1399539889656436,2.098718952861281
84.10056369300383,-6.530409779444641,0.8950600079270112,0.6024817829679556,2.6240697736870717
83.82278762843737,-6.694017471465898,21.64451548142785,-6.938426510726533,2.4289777619782082
83.95938797072121,-6.559885839856925,0.7027233493062084,0.3266917926061363,2.596677403036972
83.94708710658335,-6.556488122004599,1.1214422911687236,0.4678895957858079,2.622356677619764
83.80106077738783,-6.5944949355688465,1.6564094530993219,1.2022074176924797,2.8277201750317396
83.78367917772056,-6.563554202939468,0.8013793720116829,0.6434420951978697,2.6975365946768974
83.82398782324665,-6.5289379222683035,0.4117864226389183,1.3487258029057851,2.5411168305264065
84.14297356061212,-6.457793775618812,1.0130774702751288,0.16815015779176545,2.6040265530324906
84.12540672105101,-6.3861242851091635,1.2461002542869934,0.1590499461418765,2.378379845334509
84.09362713405194,-6.395772917932888,1.4877949644850563,-0.16522328709657486,2.6360290211277606
84.00456113122814,-6.418798280238193,0.4662957787636236,0.7322379073040229,2.705318277848039
84.07952797164143,-6.380731687851498,0.6945829105766453,0.7230292902315136,2.3014844588625127
84.02604594434752,-6.295156766224762,-4.97117009932766,-1.0950135127632468,2.5071630036707377
84.43199839700473,-6.431120131094636,0.03560570514475174,-0.4141983921864904,2.68278223427793
84.51238856067985,-6.325147924173139,-0.38810613580992326,0.10206007859432836,2.505654331191528
84.22743165172145,-6.398530191864743,1.7626711787520934,-1.4296590229437869,2.340763278506746
84.27317004660776,-6.310819377213152,1.3300855295163192,-1.1688100199501323,2.6757178155360606
84.27515289648935,-6.2924590466551,7.676270377815171,2.8604322084563885,2.888514817019461
84.17987729184085,-6.28254052029349,1.3070197643983759,0.7721360491625573,2.1620447250176618
84.15622914192129,-6.268795981613764,0.8107633781782875,0.4797434103422064,2.8867731546662445
84.1698462340548,-6.185633407459376,2.0187160933018293,-0.9513233590265182,2.396102879505476
84.19795592716608,-6.145819473150735,4.494607667726334,-1.3908783289772684,2.799386019511013
84.36914761842863,-6.140936853150238,1.4548575772458352,0.34571800038498923,2.7124688344033228
84.44844555529428,-6.152263012655397,-7.442389467929861,-2.542781705831179,2.9039759599192143
84.33489750194299,-6.066200027951534,12.488280554154121,1.9206587784478546,2.1845361277605218
84.35557215406894,-6.034805875369785,-0.7109379769806989,-0.8325003437406288,2.292560424695752
84.9474078117215,-6.351090421367601,24.37570988289381,-5.398095893245824,2.8612987166679438
84.95577953650796,-6.1932006570721745,4.87982161096107,6.772518271161731,2.053736287413197
85.17865578071674,-5.912216225526788,-9.00683776578215,-17.719538539037316,2.5160694158525905
84.91490478052414,-5.845388714271086,3.0129222955925417,-5.270286340435274,2.8045204366633514
84.52308015890824,-6.011443902111459,-2.3735301982917147,1.1017340848353225,2.2826109598496602
84.3916775267906,-5.9932774736198535,1.8191744724566783,-0.14163001119674187,2.637137775485659
84.60873437508566,-5.884056875386249,0.48917666980683083,-8.230936295981746,2.186441734000872
84.51746375151112,-5.9183517038236495,2.566528820729611,2.810257715884592,2.246005922128369
84.94233669260309,-5.813943163327731,0.04936167723856863,3.013435392531718,2.1333980339399132
85.00002779867467,-5.776281634934592,4.455775680917848,-22.178664667990766,2.5558659274676665
85.13607049224144,-5.7582689053032245,-3.9206505533508973,-6.779681076059213,2.9556251245636025
84.96918544819451,-5.6576136632699345,16.96831346140966,-1.500002518926283,2.0794509714221077
84.91307752907439,-5.541448712612127,11.874889907367972,-19.14732896676694,2.074184809721196
85.0324999063224,-5.568536600509068,10.024807799528014,-12.702761309300461,2.6490314877282044
84.98101789696653,-5.516354540489098,2.860844587496852,-12.305763902589348,2.0073211172811045
84.96716411368443,-5.488907205386126,16.019532474038282,8.707898974166243,2.43152595568613
83.67525181601883,-6.571002299214617,2.5820661130849722,0.1445940614799701,2.022968282442916
83.7244500823408,-6.397952728175375,-0.031720573551957516,0.7809645324290752,2.600458845257936
83.6160797782865,-6.422915089063063,-10.33930227717049,38.993468128359694,2.857435101554896
83.53042745117735,-6.429713759363777,25.627261429315904,-2.560250056203896,2.0197216756058536
83.84069529935228,-6.3142410602459105,0.17125067908227065,0.11848610915992573,2.5601355160946477
83.81794833441768,-6.31200706091261,-0.1287051913293003,0.23199850378783562,2.5811514750922666
83.82039340827507,-6.303604270168449,0.360276934903665,-0.15620409968493357,2.918719127272225
83.76730991230217,-6.285373527969747,1.2295064155762208,0.6691742517319301,2.601835973718713
83.68037357650098,-6.284307623754128,0.03786402367543394,1.1756543163982525,2.7839656187430344
83.85914209778723,-6.228625952336499,1.3032925251469905,0.6726718548581908,2.4474890135549496
83.49152620730486,-6.349415438730557,3.509871222655724,-3.4901005865530697,2.0560667371975154
83.63406943735428,-6.281857230080797,-2.8398176294433015,-1.6278758522615884,2.3123411006329135
83.43307874058996,-6.229528394633466,-0.1143824018859053,0.42305325051147175,2.420635826666931
83.66613454181348,-6.142796850144901,1.0561218293404517,0.304370158452705,2.561681281661386
83.78970850549784,-6.146132889257998,1.4194116152657825,0.521687897963493,2.624172631532612
83.63087542122236,-6.03185155070972,1.354126932521987,0.5507704520960187,2.4839989866705525
83.92593189219772,-6.195497112722045,0.4842225387575046,1.1904684189315249,2.4653519639437316
83.98813583406441,-6.031830419396886,12.205328877688192,-10.659687630553178,2.7330989945975346
84.02922930991727,-6.030581215552545,1.1923944750534499,0.6637610263578005,2.6021947292204772
84.22375279178127,-6.077262230351057,4.894597736825648,-12.57673213701581,2.32084021067237
84.16250270605796,-6.049786257318234,1.2488673262596595,0.886146599598118,2.447971325651685
84.1403994991447,-5.964892707434788,1.300395101738908,-0.35900120781809264,2.537575426480001
83.82795854215917,-6.057668259383139,1.30100925836017,0.529108486198416,2.553930522709668
83.81401238558111,-6.027081795731972,1.4415002749589116,0.6649007965181635,2.4490587050718924
83.95517665413713,-5.987295292635002,1.8141703928175827,-1.0949266477424227,2.5378964102950374
83.9056100913094,-6.000042424988054,1.0832111096126176,0.9763032646655213,2.6365193569306666
83.88086846980588,-5.977924453017706,1.13631791105048,1.1258511851456567,2.344513565488689
83.88748466293362,-5.967500370804618,0.9535175018293273,0.8352103102757883,2.6504442425529704
83.93935108363952,-5.933361867701446,0.5608951051587244,-1.0162464853950794,2.733703497938829
83.80814541624747,-6.002402931652642,0.23497689888432177,0.0786496111640189,2.8150415416051446
83.8237171649421,-5.973903062879725,1.2959438461626216,1.3552951222004548,2.468879434620571
83.82360973797503,-5.974135895333545,1.5416421156034172,0.28418659669273,2.753624809926885
83.70534423908329,-6.003156377028723,1.1847771053644796,0.4679083708856214,2.5720811923038727
83.8414740939911,-5.901448830574373,1.2468886932879468,0.21220792570626043,2.591586720442077
83.81017876850972,-5.907406308963586,1.3756596137053492,0.18065361907722005,2.589513034040636
83.8278275913619,-5.901783064639379,1.2002367039206754,0.5662211057468535,2.6102428768985044
83.76972501957466,-5.89632432870026,1.1412798273988343,0.10076956565105012,2.582046518115438
83.8130583092113,-5.88480413477307,1.3876805018102891,0.9325440801015015,2.695819948273729
83.84951941879571,-5.8577689993455815,1.3465274424025069,0.4541393742174868,2.7925380851597215
84.03207933542616,-5.9681596447714425,0.9072032695112954,-0.6653141893666188,2.5251864966843964
84.02357000727844,-5.870314015814558,1.233531122899292,1.0524789140919142,2.6121090875351585
84.02473644332798,-5.881966506762297,0.5037413566022746,-0.2881488358461343,2.539765269923493
83.95128156569054,-5.836489701721977,1.4363660432127994,0.6483347374295252,2.573941315928696
83.87239469493299,-5.830950545424793,1.377774094310498,0.20433009772515465,2.7272533882741445
84.07370271291428,-5.734696387186385,1.272808696732763,0.6079921810825434,2.675396654721192
84.03042150496411,-5.706033231981947,2.05226158115591,-0.6770485276594044,2.5414964729607545
83.41045791573057,-6.15536853994859,1.2133244811599397,0.43565321060114953,2.559109851439069
83.57317993210835,-6.06059758760848,1.2748799366782713,0.8264150353153841,2.6345082925765975
83.4847231594079,-5.925082946650624,2.713492331656296,-2.297508818728674,2.8426652755080117
83.17726689720648,-6.023842985784889,1.2278486128720938,-0.04467323560555072,2.557968098632596
83.17169394503574,-5.857149014061705,14.573529998006999,-1.9363941610186597,2.047984714199262
83.29920486420482,-5.916531120817741,1.3244112102709176,0.33705786386944053,2.655279144969315
83.67597896944356,-5.919658554932374,0.9823413269778619,0.23562237564255514,2.6017019070632763
83.7425472719637,-5.82632326935038,1.2202784499830188,0.25258344215916234,2.6024484736939346
83.72137694157766,-5.795167540613548,1.0498701598652407,0.33885236738396013,2.784206512654645
83.64878361172939,-5.834660070713642,-0.12443538789424635,-0.35179017575524557,2.4720214925764146
83.67126350921924,-5.7942973075935065,-0.08340844249646505,0.926302456955923,2.7124050738511607
83.74682138980124,-5.748726413625278,1.8023512022019883,-0.387727635389028,2.7571951153956418
83.86285793477451,-5.81448332591556,0.5941637821482106,1.6047719704095715,2.5578815848416667
83.92796809023277,-5.67652018128436,1.2939910988146714,0.7208790478781952,2.0658606722521027
83.88583008479715,-5.670123307924504,0.5469618090685583,0.8645068782853099,2.614539151419036
83.76162683005327,-5.74530449550935,3.1409216937431963,-5.330756548553016,2.690569187199215
83.71237503363744,-5.705966829203944,1.6069092688470086,-0.1748743836721895,2.8726499436385464
83.76250250346799,-5.644619617539431,1.7972377647535338,0.6850795670315935,2.89098939132077
83.80499259351666,-5.605321293286723,-0.24895885739220242,0.5683335646638716,2.763428737027917
83.81215632717785,-5.610891768897752,1.6421724059180822,-0.14095248264673338,2.785526019544881
83.85635411488275,-5.567981233819135,3.558861964933146,-4.616040078049289,2.9551891501732896
83.4765811889461,-5.753538028856829,1.1513044651394782,0.7011310020958598,2.598559385698
83.49688910159333,-5.697443979455028,7.330688761588958,-15.576944679397716,2.811982173782885
83.64050374984902,-5.673015739950146,0.9699060415045206,-1.4879839996123376,2.4870147764942265
83.62550282870316,-5.6709386671275315,0.455355217947753,-1.703592588021483,2.676221034968582
83.55141574250231,-5.693000072925285,0.7813028719176709,-0.01963631458391897,2.7756128582381745
83.41646405259695,-5.694734874750654,5.220185872762833,-1.0113615838925298,2.089126790359016
83.53321256567416,-5.604758772718086,1.5972137893170049,-1.7055823615534471,2.575332861924045
83.75962707231594,-5.519602598396468,1.6025465535053913,0.5797376066427851,2.5706091592587805
83.78270704668793,-5.48819229637723,1.5276752261573379,1.1806662229899592,2.4280135160152647
83.58848068375038,-5.592996045640769,1.422597692967261,0.39100516209082214,2.4059815632214994
83.57285183021428,-5.532942549275772,-0.12597740162057397,3.2032704511930596,2.5633727351542186
83.7065386210678,-5.484267457170257,1.3310644904516091,-1.874634727879916,2.520293571754703
83.81710102358792,-6.790329447774883,8.816145490006095,-11.316882026814316,2.6023321883747266
83.56276465618855,-6.869658090670911,-6.862562607370324,2.312187132571888,2.3398435312048558
83.4945714985713,-6.855715472258125,5.922896435441241,-16.271414841387408,2.41946483803363
83.48955423354167,-6.773216012870536,0.7135057948335399,0.3527717874314983,2.9878386734165043
83.3898562850518,-6.79224007337461,0.9045717640321228,-0.2805907825548547,2.673864448399489
83.4841261474595,-6.68522459444684,1.169170971415131,0.3776399882467424,2.619441600821715
83.48864762780127,-6.628238652598515,0.7709196905020608,-1.0804611183454007,2.3869040471396152
83.51857289166871,-6.562597131427798,-3.5502229751897776,-6.048347514881458,2.5352038083183186
83.49663841325183,-6.444485523920109,0.8240965921451562,-16.692778616223244,2.218964062476342
83.15113131006855,-6.6944491632055945,1.1882929967106852,0.4998946806087923,2.5994741116855957
83.17892446008244,-6.610655207857109,0.9860921315651849,0.17551820789392353,2.427173643268107
83.2534632690618,-6.456797221559173,1.2806497825279377,0.30278254120602127,2.727820852618846
82.84727607627599,-6.534522143598499,1.1335394288965488,2.3926797454422943,2.460604927753653
82.66058890516933,-6.373184742858544,5.214050026559967,3.3471635627387792,2.752214452056049
83.00217061899914,-6.484798291010823,-4.979573852896506,3.179999399718193,2.0826223597968094
83.03791589924012,-6.354398759842317,3.9902817601313703,0.18360836628654764,2.034597422382
83.12209139292601,-6.308152710758707,1.1390510263817935,0.10550295552466556,2.7470698479733735
83.1234905729203,-6.309632238401537,1.2883302860033996,0.41541991934884676,2.660008097487483
83.15470696459694,-6.289683342621413,8.337025548274632,-39.17473391960381,2.6533767359474854
83.06081474933067,-6.262688229234257,0.3318788971217689,-0.6249153482258424,2.1415330932218133
83.14811969668581,-6.213221021770651,-4.885411669442627,-12.68008942689702,2.2082665672747512
83.09388707390025,-6.1754887062373385,-17.041026383103063,-18.614673219229054,2.1520340012475128
82.70651096928033,-6.260638493938073,1.4591005850382008,-21.49842892176813,2.8223179062429007
82.70136661099558,-6.2131349832867615,9.044196868047193,0.8529701244442526,2.372747520304245
82.78974053346106,-6.24099317451291,5.557995647823485,7.683083874052105,2.0329761725581665
83.04366497064954,-6.2057523634920315,-0.20529567821260697,-36.20025357781058,2.4045653017842
82.90326858788127,-6.200415025091991,-3.4507073179634116,12.191871328681236,2.2639689193512944
83.00283999353142,-6.1451739738687525,-9.068235497059547,7.229337812827055,2.2049519997711093
84.08263622217099,-6.844459742003958,17.284355951227845,6.231685798645408,2.8086302045104765
84.11828902299342,-6.812376846016608,24.564522670423433,13.395353233841243,2.681707938590277
84.28487792798883,-6.712723530400794,11.58161940412931,-6.18625492434122,2.2185122508482604
84.38519424185968,-6.651388864481576,0.8432790542189713,0.5031391011135586,2.755932912949822
84.51358157854699,-6.696410360880722,0.009302831170296514,-0.9253354583969016,2.5347816509717767
84.42269618947539,-6.5660645304314285,-2.012938451395309,-3.932806983680696,2.666248435392008
84.64766640209598,-6.3663883967232655,7.75052861283821,9.188023834170405,2.2470837183077146
84.00636036477617,-6.836895308216163,0.5139130328635955,0.9375147000980174,2.6581746847808345
84.02085981390879,-6.712216940372846,0.348735582600802,0.5987806237221024,2.3070363698300738
83.98876229621513,-6.674476215297463,0.797465750898437,0.7787836847838465,2.6104430280335698
84.1391035031021,-6.633078985411802,1.1891492279791211,0.3671089231313037,2.6874013691402063
84.08171054382697,-6.604827462116375,8.549422435208633,-15.647942395129032,2.192918121749745
83.97838072553448,-6.545355089779947,-1.9334176648217798,-2.076422676980534,2.1736632103268225
83.75430274184971,-6.62942217631579,22.216154825100183,16.59649585649453,2.8874885729845476
84.1086875128488,-6.437633815712298,0.7304876910012487,-0.10007263666651584,2.4029916301081924
84.12705392998107,-6.399014195660533,1.3027018076865846,0.8604218157040573,2.6073124690307523
83.96234198992948,-6.378798743499851,1.37174978319,0.312213505231815,2.587136392705361
83.92096015970304,-6.379274174844335,0.650228351335488,1.4617981473771702,2.70094540871298
84.48234697067875,-6.411996807930113,1.0581604280866492,0.2212350109468668,2.656595536973984
84.38606319506374,-6.312131787512286,6.582150044299337,-11.562978364684456,2.916415600860623
84.59077253979682,-6.36704340482285,6.301067633700212,-8.449309801641503,2.337595294073239
84.60898093801643,-6.19389360611621,-1.8930626445192296,1.1477740843501607,2.4103445372389634
84.17482852384563,-6.345735844116858,0.991468893765649,0.3879822770339637,2.6220313788487215
84.2665320781345,-6.277930403045498,1.6527685878501557,-0.9481215781862209,2.65107666811995
84.37715034095196,-6.090832168094127,1.041993657815121,0.968240833841919,2.6240965498627733
84.9727473937631,-6.308997843729103,-6.233845479606369,-14.603080800255524,2.15517934402112
84.9513645416467,-6.269537168428132,3.256460509208092,0.0016107859274407726,2.249447176162325
85.14954531600671,-5.983078402849149,-3.0887789690072345,-6.252834951725997,2.1495201681755485
84.79832099776849,-6.077231032121569,2.911482223479352,-3.459018129754922,2.113057895484814
84.96089217317987,-5.984984328572662,20.991267799748925,-13.158903818142605,2.8140190231198536
84.97227221937017,-5.9636630841459475,-1.4357182607930274,2.2086222705331062,2.321714197269345
84.54265939306993,-6.009113448524458,5.160436140456171,0.9165656240788272,2.4808708396536256
84.37987568571315,-5.978860880176307,8.778984671702975,-17.012932409382337,2.036079518038541
84.56377171717855,-5.844131579284458,-12.491554199610865,-22.569831702239572,2.4346047733295855
84.87539480896528,-5.848378257862304,9.27402644847921,3.861337356921321,2.64795290906505
85.16502058428777,-5.836282998881994,2.9314805621624007,-1.5435959111408926,2.1289784467560096
85.1450170737104,-5.83019241249561,-3.444706289427056,-9.189531881449147,2.078209919184347
85.19266150058554,-5.7316794846110675,1.0359059596272964,-0.5796100459115817,2.2166710472653297
85.23767702333467,-5.705981940086067,0.6081665998817317,4.914221401521596,2.0733110912851123
84.89180573058165,-5.725265585998633,-1.5323024429332102,-19.803501534996396,2.7271784150799836
85.1295629614035,-5.571908180455383,0.6617952593364353,-3.2147190066917783,2.5901659184912944
85.05449210347658,-5.421836301245131,-2.9718459778317428,-3.93609190241389,2.456310002977049
83.76163753516069,-6.399982334030653,1.0545468471740758,0.24112721018723582,2.627938528540985
83.68942529077752,-6.295670501239507,0.5854341269823526,0.9878561587387998,2.9816750189854098
83.92015297645379,-6.3018579193187145,1.538402105461213,0.636558245582505,2.5926042837369785
83.77662732529788,-6.330160870929412,1.2452195265658945,0.4280095779895943,2.5244954857983966
83.74011250775996,-6.308669585319549,0.4990720996762157,0.0759701832216558,2.639518985861908
83.78776446981743,-6.238932058926313,1.3666579574369855,0.711480810394924,2.677820622262936
83.86632906656595,-6.237521937066032,1.788402201007402,-0.09599777642614805,2.4644867881868513
83.86165575383802,-6.1761066444446655,1.2931579895785845,-0.4272936750675638,2.1399454992205853
83.81579853535843,-6.161080471320599,1.41792201167282,0.13349100175117645,2.5960698946806917
83.65129413500314,-6.273433164708804,0.3992196766596635,-0.04121424358432685,2.440459763896693
83.36763703251579,-6.292373414360594,-2.293002237277475,-7.031425730741428,2.065610737811534
83.477112839579,-6.261477551113608,1.2144145061508929,0.42049444863513163,2.660674349186692
83.64003898065113,-6.188717302749704,1.2413467671788596,0.5768511068446847,2.5840044169635155
83.74365767684918,-6.176030221672029,1.4775381683468927,0.7917159685670004,2.702799525081773
83.83706859758475,-6.121526504657985,1.5191983545206273,0.407602631481401,2.642144310024051
83.74750189168545,-6.123050640176508,7.522831605571752,6.37608089980604,2.8833548819474553
83.60786661985757,-6.064414777760331,1.4579225895364487,0.1710075032575145,2.687199348034845
84.1455410142892,-6.139071946752293,1.6605067836037062,0.22641089126035538,2.4452037575428704
84.13147827574669,-6.141047272393854,1.0073651848422207,0.4493279182915299,2.487631169312651
84.20375495850732,-5.938531596482893,-2.380172976843222,0.5666685541820544,2.6353955619305642
83.86540709553798,-6.016619281232546,0.1337995404169624,1.1366311524969315,2.7599346396964135
83.77000220944845,-6.005798514535098,1.257481124546649,0.8188533859101517,2.621239053949841
83.77529744801029,-5.950266022057264,0.7849014771872647,-0.053966578194226476,2.482178028591718
83.86678420881057,-5.9621956383972075,1.7035538629547466,-1.43457657613962,2.6533664943881297
83.87168418521613,-5.9131192169396165,1.4204995922611205,0.6900653584941472,2.6057631132388246
84.04588883478151,-5.957315128841078,0.24561611482927104,0.8379606735850657,2.679760536496164
83.94752972597543,-5.855276612089675,1.0926639150464577,1.7710929231761108,2.2118434796317716
83.21120671190403,-6.185918253494104,1.0696821733417825,0.44128368357883285,2.6092232399390745
83.23745685277696,-6.117189959960293,2.204302541645493,0.19648190097959806,2.0527841691014697
83.63757016759439,-5.963066027984104,1.0967044009450875,-1.0507939528453598,2.366116138673314
83.47961169321039,-5.937144244975464,1.520156944522546,0.07874670110722172,2.627951266970327
83.53243907145514,-5.929746728440764,0.02613124838453798,1.005266477912725,2.6576615939499137
83.25761848939382,-5.997607536636802,1.0009654479975725,-1.1842790898411484,2.442457441878701
83.39992813485908,-5.8818774000526375,-23.513107179877235,-19.12506917999615,2.5827231960097365
83.29115890423698,-5.845913190790654,5.39485506575647,-11.025594964194264,2.114435465912517
83.73366593163068,-5.826508356216798,0.7872479618918159,-0.7786405751976535,2.319969619377727
83.53017518784027,-5.834584864491053,-1.9891845181781431,0.19937955193692147,2.769898682791363
83.63314647153624,-5.72094017495408,1.0598739528280539,0.4277404747192611,2.648341037724353
83.8119512165803,-5.795264824171392,-1.1000550902637407,1.633043186823911,2.096621071974085
83.83006315315644,-5.783803041322145,1.6951749902280455,0.38237612501763385,2.589650193897553
83.80940412834025,-5.72157331349495,1.886012059951499,-1.2798769670668713,2.4387138698400856
83.88029152228751,-5.669695078376385,1.0132163726571497,0.817904133386861,2.6528820748171222
83.79684490246485,-5.693416953561725,0.519459407895996,-0.5514354156205847,2.427150729715502
83.68840785215609,-5.6658863898169125,2.6138697628251855,-0.39985004245391864,2.506030001898621
83.90329417076612,-5.629592352539614,1.4723142839255545,0.2801339887871365,2.47872849398635
83.79642824416854,-5.614226008766432,1.3356255615874582,-0.06576067258882282,2.5908304915618174
83.80491815416605,-5.6050020859617815,0.09166247037181344,0.3674385020055597,2.6567982097175467
83.56162533192276,-5.73219302484654,0.9026593863890245,0.8344956703055816,2.666709398028914
83.65817374039976,-5.685762972687061,1.8805113543761713,0.4544905551731035,2.4628954272837578
83.6441491156956,-5.662262260962972,-0.031489232040738,1.0185232528650707,2.398454153183076
83.561169492263,-5.680598503202483,8.90648658122335,-6.54937689628899,2.9343840587824235
83.49038075625317,-5.6683901339160725,-2.210111378622579,-3.5795131503424797,2.5175962759195456
83.74623889831636,-5.6059715047426275,1.7991155299694839,-0.24119995919576487,2.425160696270929
83.63264169628061,-5.588886103043437,1.338634374762383,1.091781259408581,2.5975879879521737
83.73485976221396,-5.561244701283963,1.2296378663496548,0.24674384661934154,2.5954179660775876
83.80061358585824,-5.527444229543851,0.9332605891930296,1.1413122851959299,2.491442006437363
83.76906619819994,-5.474112357051037,-3.4322659844387475,-13.523755472413447,2.8102488610344016
83.75620448160332,-5.472423875048589,2.7668081507277527,0.6590415159836246,2.4275686030350943
83.59988402774013,-5.476310779484655,1.6664767280133994,0.5320609578816496,2.561410141413322
83.6808673549776,-5.501944033760567,1.8713956433355494,-1.314004922329813,2.5785743720706593
83.71428427692727,-5.482454775499395,2.161715851149774,0.8171975018816252,2.705906853208315
83.64096228488597,-5.45503403896354,0.6449380755268105,-1.4036063588926817,2.6584260191901246
83.69489251941134,-5.434662362243352,2.150947546878315,1.0651287058220285,2.489124395352423
83.68226636307995,-5.4241850775260785,1.0134786368794906,-9.586079929331218,2.242178305221332
83.665665931822,-5.407112469711981,-3.735560308944137,-0.887353840006699,2.5693400129263977
84.43345618245836,-5.909832749557093,11.36882664167269,26.646059383100624,2.1523912551134856
84.49388117600823,-5.637981908046572,-7.918998525809479,-7.183035443257603,2.148173550124214
84.13900920026204,-5.759870410822526,1.1243779607862632,0.6201970723509544,2.5498906096680223
84.08570459869868,-5.694340446260496,1.1976622766662035,1.8403373841794504,2.5905197189871547
84.04913322216586,-5.663992991291182,1.5116755457502065,-1.258683695258488,2.6192800771387046
84.14550314672682,-5.636347598061053,1.6630165769486458,0.08982296149751386,2.4536230053762034
84.85675732743539,-5.401043335886125,-5.622858305466574,-8.30103711229393,2.3389275605237554
84.61550578096578,-5.415621588679094,6.383345097455957,-3.6047120233304666,2.664119781942642
84.55829194954175,-5.314175484766047,0.060281511607580836,7.86231471398905,2.220109154688067
84.07311016715714,-5.6326012064566715,-2.1718342032351616,1.1372281000608646,2.61006909907903
84.07697854812137,-5.517430547312575,1.9006805153399917,-0.2755587509788971,2.373620082360865
83.8869826046217,-5.5059584140684406,2.224972435562168,0.6788029730635244,2.5405954585618775
83.97706731890193,-5.446021074525418,1.3112188537291332,0.969417874181109,2.516459165914863
83.98632982772592,-5.424013177426044,-3.236410814151843,-1.6074733892329902,2.5861565339044668
84.21674552638156,-5.493824690973834,3.1141421001212497,2.320414083970754,2.480707168162448
83.86400036970508,-6.863292910452612,-8.172235952548386,1.9623087874914704,2.2396344921251834
83.78264592996253,-6.811248034867019,9.118378167349558,0.15189943231303824,2.3246924984882154
83.54584769828402,-6.790115643729175,1.4307490654924675,0.08960496130897769,2.6256170250420685
83.60460518344838,-6.724299472659052,0.5096081929637315,0.26824940123988855,2.657637137526919
83.637163711207,-6.656093734012423,2.255134423461668,-11.183205803747803,2.4935409109605042
83.15322649859277,-6.7550981879262615,1.4753983104025057,0.08570034383885537,2.5678983158491473
83.38381228071441,-6.707492391496221,11.718059725411702,-4.903710177280233,2.024354974920205
83.56562608260748,-6.601296416834735,1.3054739373169786,0.4442669251276571,2.711320615792911
83.51647824937147,-6.54839162341706,-0.809772137236768,-7.159877202225536,2.583832254017411
83.18216787602306,-6.4952954629909,1.266802547239085,0.11609755183162132,2.5443323526407546
83.43204170371385,-6.408032672852475,0.6556167917776017,-2.553203281782402,2.5356566580452924
83.37920386953897,-6.390723034891827,0.420395703679062,-0.04943406899093135,2.8888297392200246
82.78302756351161,-6.462070017553754,4.813329430537125,-5.3029380193285505,2.2895332542463724
82.98315237521814,-6.504297849157083,1.4149576995042614,-13.220553926076711,2.9779186527300308
83.0283762273298,-6.472464662091821,-13.336246821511335,9.655018576613179,2.3475451466570765
83.17810131806891,-6.285336286359483,0.8369057667309079,-5.78661982598062,2.166446141897702
83.06180422803016,-6.3485082452020185,1.123574700091843,0.055745151612670456,2.716886241507846
83.09167928417396,-6.265901031703793,-3.9998173258220135,0.17619053454450692,2.233388323053813
82.77750763600515,-6.302620729484077,-6.785103573252355,-4.425159994904187,2.9032628701567775
82.84808550525784,-6.216931264605755,1.4871216966362797,-23.249856078949023,2.244767083297821
82.97046387948781,-6.0774237206213355,-9.026993884167654,-1.8572450387262467,2.1817312055921416
84.36024149576629,-6.627286178417268,-0.7337482166481457,-8.57832256212283,2.9593788518350697
84.57732642903774,-6.478966414061044,-4.70924333912098,6.317324680750916,2.639976426870462
84.01205409467234,-6.845055073359208,1.1834799527717113,0.40196455301766326,2.688434368218606
84.20893869048068,-6.691421730754257,-0.07311943880479436,-0.09266943958540119,2.5240777767242975
84.19613732951154,-6.64096840321023,18.834956122275216,7.946738309689249,2.7298356617811357
84.30526383450668,-6.583488269701711,0.8730666580260269,0.6544745741510362,2.6173413117034428
84.16952185702998,-6.502561385464739,1.2394275957124248,0.2470842054890115,2.680728630925976
83.9911228104153,-6.395518145676707,-0.1596718588176238,0.22253094499845646,2.4955803844946463
84.35907867758152,-6.4021543626761614,-0.021215278104048288,-1.353049146798233,2.5371776105014243
84.39691735187348,-6.307525916962769,5.737176461471661,5.447371821428959,2.102350786498761
84.51334153201819,-6.340022683161856,-2.8189745427497575,4.017690555414383,2.3918870778619956
84.78578876682312,-6.242025725392949,1.9690450369549308,-25.14862828403491,2.404813184952791
85.0974768229632,-6.1250063166993,-4.902023518044786,-15.411344902309372,2.5544942334637657
84.83974807551905,-6.111996548763241,-5.433797159593303,-17.74247616222116,2.1152727234878683
84.95387182243701,-5.993499038848029,14.641360061318641,-16.571045150875634,2.319711322462235
84.45353491533226,-6.042159599402505,1.8683909875515445,-1.300124758909592,2.7140457575864576
84.72297224140657,-5.928643028888156,-1.563381531156417,1.332487061994087,2.3398935965124257
84.88171989163071,-5.822794722092963,-0.34761098585519656,5.481981898260088,2.4572648852432595
84.60814770947282,-5.855979127321006,24.9102521531185,-0.15815233159873818,2.9361285717043235
84.69678033030232,-5.853738767243531,5.894257956880143,1.6927218934983446,2.4894007192367225
84.7362091391593,-5.73946045251964,-3.8438920821112212,9.72213792868485,2.618202758842001
85.2081022691617,-5.864000019875794,-16.974140565717015,14.63936704951978,2.309978387960299
84.88633589236505,-5.7653645249772465,-0.3523758070306316,0.14059701915685188,2.110873606372626
84.96247022231779,-5.686743515836238,2.06379620421841,-2.7192147552326027,2.158973383585748
84.96493779693206,-5.6603808500638015,0.3732451377113567,-5.926604443587605,2.655596646995766
84.8484574351633,-5.648931217376109,-0.7472904381846932,-3.8619221049739263,2.4813584773448336
85.1183034385148,-5.5659472202526254,-5.678157109291424,30.099756318258077,2.322805949651402
83.76521581278628,-6.465469737770673,1.4494692099880526,0.6133899047176004,2.5563091249955123
83.72522777626868,-6.397414389832986,0.4725666852811078,0.20306695123479002,2.5556885797331663
83.8432844694291,-6.345461528844677,1.0380442899463505,0.5807178061596494,2.6005862929451897
83.86280103079547,-6.298285195522734,0.612328383745821,0.938237155254654,2.780679752193991
83.85695714553539,-6.304888863706935,1.3815457824893216,0.9423432345960376,2.742693671622652
83.97121081145332,-6.277350745625559,35.27349344395866,-31.453999500607917,2.3702024336019294
83.98880866007183,-6.260481048620427,0.5938093908790302,0.21758284921251062,2.5538209396192304
83.77983457956263,-6.304562023464163,0.4599271106994386,0.05540915132550366,2.5237140046715987
83.56142806577263,-6.321707526973493,1.2911255692898589,0.4004490673902683,2.650094529768225
83.39332450460637,-6.231255361484981,1.2016689659453068,0.4662364635943234,2.7917344074170147
83.70725686324252,-6.217971719141028,0.8268655828951722,0.3518104362308777,2.3853878505807034
83.72487116851269,-6.181094879781635,1.3181441690004227,0.6349462946191835,2.5625729289803374
83.73517460374006,-6.105893440060836,0.7450916684646094,-0.02513893300355429,2.2749773336965418
83.6178794768893,-6.173541830011922,0.1592233824922188,-1.1374748849502618,2.3495246276353354
83.66942647887225,-6.09892684019862,4.359133129719335,-12.79241800426339,2.0920791785201307
83.69218847948375,-6.0922345541403855,1.329888350698052,0.6088920479724284,2.6625726140190635
83.66749909150549,-6.092287967177428,0.8423455905183767,0.530639400564765,2.719030475882913
84.00019110745153,-6.120626657438931,-0.03977636993508694,-0.04632663662048598,2.662319095931117
84.05762921773994,-6.078153085503708,1.1747751818002354,-0.19781887196554196,2.2665493486885895
84.23413256721436,-6.058795274307823,1.4202976431476522,-0.6187553682262453,2.4871097286673183
84.1487292175595,-6.06474999548235,1.5529975745223108,0.1544616761433026,2.577682245683205
84.22041826191104,-5.9671656845821035,1.6595514033408194,1.6596355132701508,2.0077033341175206
84.18335325303481,-5.975496072087578,1.998556763239928,-2.866194509216902,2.992161605573395
84.13373635180065,-5.895027461458187,2.5267871729684153,0.8281818871743155,2.3929713833474358
83.85342211083473,-5.995156754549833,0.03633270417995467,-0.5675428489039845,2.7177804059521233
83.99022282773419,-5.955120310106007,1.210015422628379,-0.7127141238445348,2.6044618788670895
83.94734863803968,-5.919789076957997,0.8031064159756773,0.2603631876466802,2.6401824033183807
83.70468314588193,-6.006367556412705,1.2047420684850956,0.5083419283724933,2.66483492028522
83.75568944228563,-5.9319008569414695,1.2524950871093734,0.3588967370211865,2.365616187091051
83.82417738868418,-5.946049081183563,1.1797565724868861,0.3961721812023032,2.63243101001967
83.80721903673917,-5.9185901908319805,1.640753715141713,0.7939910528905186,2.852058122562156
83.80140947803659,-5.909800995994346,1.1376121302472668,0.7881008819960386,2.6701838809554164
84.07737334496603,-5.907962675543983,1.1600994644782037,-0.6745962695673992,2.575112518189575
84.12451418700833,-5.859281974265304,0.8354115016268985,1.0212084688917418,2.597444219759754
83.41623330890039,-6.066885831928877,3.7743547766725714,-15.424049027193444,2.1687669191414614
83.25572331579042,-6.135572191080855,6.401198222727381,-3.998463452710596,2.35847093464009
83.62904607514173,-5.967667964257374,1.319371480852451,0.6752967807740523,2.3202059641327897
83.37478157480001,-5.955044090761777,14.672519354554682,-4.014159439490934,2.7263017531631206
83.46616764283787,-5.907112897884588,1.1022331767466653,0.767566181103711,2.583115147035478
83.32647248365376,-5.932394803770015,0.01205513017326062,0.5581353961064638,2.1208927908255952
83.30810280892253,-5.897951730147623,11.283545949048008,-4.5207300613003305,2.2683682078011445
83.23118478843442,-5.812428961384571,4.366719976250995,-20.27567355004641,2.0646416549364686
83.23753938041601,-5.815649368764559,0.3530604697255331,-1.3269920673782711,2.629792054701138
83.26176679932506,-5.736356310926707,-5.774167892445312,16.894926232194674,2.1723168627875524
83.72288871725037,-5.93435198665021,1.485012779000948,-0.11557890593586707,2.6726321952292866
83.75899297463219,-5.788952699771684,0.2958707129702812,-1.3062651034147643,2.5854550446493385
83.59322022394265,-5.868632870711224,2.8171093444419837,-15.81164015853651,2.0790751207358564
83.54480872462887,-5.861250952053336,-1.1609473115754219,2.644194335577799,2.4113278844098214
83.61316412833264,-5.801025717924281,1.0972455410437605,0.45829836150424247,2.752535645640423
83.69123716916657,-5.803448104245117,1.3205327636095086,0.5348201582015524,2.590045756152781
83.83127730375709,-5.796055430425434,1.1026314898632759,0.5364990227861998,2.5767871522514656
83.87213365602916,-5.760612114966018,1.124482280254642,0.6075227801481395,2.5244539495239633
83.80468548813228,-5.72166136613943,1.4676509897163201,0.14552794575252093,2.4867665557759597
83.85339553809067,-5.735000734986831,1.3984842023106838,1.0951114658074776,2.4126769344705967
83.77403803452538,-5.733384890433515,1.4238800552176987,0.7552935089932964,2.599834284229624
83.7795947875462,-5.709299727771282,1.145490975702811,0.17703412617233807,2.5293872383015477
83.71612398584199,-5.6568535792161185,1.0439742920829973,-0.6042017317761345,2.4695239936810993
83.76811336644349,-5.642014830422946,-0.1537219516825691,0.4056574312806798,2.538721181076144
83.82914132558297,-5.623215279766716,1.0253671702887788,-0.5400556778466694,2.4619000812847087
83.80290172367783,-5.624762627870739,0.670470492487458,-0.04582232052488785,2.8919644389587256
83.8073347749051,-5.58192820330231,2.081445144259282,0.8234731478257534,2.6282927161109564
83.83311809421292,-5.564873645185036,1.9197763224984208,0.4753117934194576,2.4814174748120017
83.65644521426012,-5.688208622446335,1.4863875088397764,-0.9175500039728673,2.4036663008046166
83.6629840667539,-5.567324587106058,0.46106605251506744,0.16175813301986386,2.4132797592179878
83.82444105686707,-5.5113529808811315,2.221157797234299,0.9282653270837774,2.7706645759778077
83.61543341601508,-5.532043093011271,1.3548776056556595,-1.6775462237132692,2.4962844368729034
83.71985036083909,-5.46532938252508,0.7688963343178364,-2.3338936535942882,2.436705583655066
83.63201942626294,-5.474136253315651,0.933250700841993,-1.612282414191885,2.441592232187629
83.61637391261164,-5.442951689035911,0.38145210323115986,-0.2656319342720212,2.4971152437245703
83.70269365166769,-5.415735594134923,0.5225791795244003,0.4448249497205708,2.3344477118619684
83.69335286281867,-5.408831770998038,0.8952473623848092,2.4409991200284313,2.651807933595406
84.47427303507231,-5.862850298374297,3.0548625614610594,-9.0461182467925,2.4898495715426447
84.53287981347854,-5.662981323581886,2.2439440363957353,-0.9425015012307252,2.67563377674146
84.56622622733305,-5.646217794748441,14.88039306705085,-19.17161197158808,2.2653163428166265
84.2576060701172,-5.607839338638466,1.802674365977972,-0.1040329168346858,2.55507670324427
84.158858545936,-5.619513282717993,1.703140959216436,-0.024716319060574737,2.6044837791587545
84.8714129414486,-5.273983306675942,4.54702463531683,-0.8324698348649839,2.158425198588278
84.5371081653203,-5.454743953367419,0.9084971006877389,-58.2242017991957,2.091538029174477
84.7070051702034,-5.199054128661079,8.610937978543129,-6.893412475471437,2.0610351683141115
84.11233405215356,-5.570072203729439,0.958832272351337,0.8836988715351446,2.4320899106605736
84.12748030918469,-5.485729850177657,-3.2879895915859527,0.5391598396532247,2.188688269553161
83.88070887881999,-5.552462304537753,1.4176346236940842,0.48317096544878757,2.5795829431847075
83.88046111974747,-5.552962115912225,1.159852147513167,-0.3073648763046659,2.3389236211180626
84.0868396629577,-5.430875583774139,17.857525834720615,-10.47487556742625,2.6456427516229577
84.06872523305901,-5.3781473050094775,1.1111600086160835,0.8208613198594096,2.432359349040119
84.1042232497874,-5.345378936358585,-2.200919245565137,1.190302970628702,2.184319142160395
84.10950017408777,-5.308404055225683,1.5321701342409608,0.2924342732603044,2.5188146667454796
83.83249392317508,-5.510464962085708,1.7301376679058014,-2.5751371542176913,2.275279754355071
83.8334563146523,-5.486686614604371,2.211711138657494,-2.4018792339466417,2.4044285744822913
83.92697476487525,-5.459184580630296,1.1408976584115336,1.0165400373349152,2.5568470354707804
83.78479752562903,-5.465820848080788,0.9763252491383746,0.16363448678659448,2.4033467617537823
83.87787845287896,-5.419767674328566,1.565963700107693,1.1063181595344547,2.4898686663396945
83.8153355047377,-5.425886372882664,2.3684752436837897,0.5089601905902958,2.5652775822775267
83.84542669572079,-5.41605398038709,1.0893145333198933,2.3939191766875507,2.972799901742141
83.81819079079362,-5.41935187050438,2.8887247470922195,1.7841286825424063,2.4461575519873024
83.83191970296282,-5.4073940600036625,1.3768543904186097,-0.9967024112864005,2.5354315742366555
83.82947069363344,-5.397127267020139,4.409198823190828,-1.9223123342568758,2.058015404305752
83.84857440794951,-5.392212373266744,3.036541425872297,-1.9133609434467378,2.5023798051975166
83.7586594527795,-5.443390153193736,1.224706697827878,0.18033474248118356,2.026291317122085
83.76919940865815,-5.439745288118042,0.6136539197232613,-1.3580298099724288,2.4733742581735423
83.77382419250935,-5.398357197032254,0.46407675576477697,-0.9612278240980335,2.529372205156191
83.74714027385252,-5.392460219950891,0.9701758140949841,-0.4448904035601713,2.318660862313537
83.9780217207301,-6.861437663292867,-0.24756900553243424,0.40791157557186336,2.5167269291187178
83.83548152341378,-6.761129390174554,1.1642168240005675,-0.0796188285809027,2.5957902067937466
83.41485528336021,-6.814792917731065,1.8076685977996487,0.26842451308941107,2.158450480788754
83.49664418889088,-6.826331781178471,1.2045432791081772,0.6421851894677211,2.9048683548716534
83.48655196378769,-6.830241172419084,1.2157498084648573,0.12263434817305147,2.6611281740442956
83.54316575177455,-6.790841102510412,1.5598689550827582,0.28698408752819327,2.7757342225502004
83.6707467672291,-6.8378023210438785,1.1807720461821873,0.403260351405617,2.694008868815475
83.22949351747862,-6.702839734166561,10.930740494459636,0.08223155727570741,2.8968335883275578
83.49431202951394,-6.686664481855926,1.3560377155235872,6.199774283519029,2.663041523507727
83.64888816995283,-6.574775084892029,0.11302750464789321,1.2163380821895895,2.696847686615049
83.53779124424221,-6.56577033450754,0.9143713592150193,-0.7932955678795446,2.5208747560235096
83.41186879407637,-6.545394598111727,1.3359080576215765,0.3718056589200593,2.6101594705630564
83.26393829494795,-6.625796559261199,0.8333507239207583,-0.24876366186873805,2.8001518631964504
83.28076733570265,-6.608290380152075,3.259208410211994,1.0328385118674621,2.0038203593028534
83.29892058782144,-6.46893739783257,8.66561957724598,-2.430905774599072,2.679006634063519
83.2947212066706,-6.3634086146769135,1.3582492279566505,0.37066807734674306,2.6111967388775184
83.24089460138471,-6.331141302266448,2.5420091659682296,-3.07073519626663,2.6683219362182675
83.09324001769227,-6.2140042715713175,-6.393212246406481,0.2593711100149988,2.5814934929101754
82.83396976522354,-6.35393764496778,-1.8285718098558783,6.560591672526314,2.281685607390335
82.9109458479877,-6.2138643531087485,25.847701485509283,-9.00761858367363,2.3783520396832576
82.96440701054217,-6.1362410608478735,-6.502138962425986,-15.35842195948436,2.1172517286204706
82.90578670580696,-6.0684946845278995,3.6855597413287855,2.3681963854515327,2.2012836664436555
82.95676691565792,-5.990937472363246,-4.201577741359437,10.127805661348148,2.4711342057555914
84.29135957065198,-6.762844199219447,1.3698722902715688,0.27594767310071233,2.677393325848535
84.53883408281432,-6.695907703271371,-3.5640894373795455,-1.6341898683282292,2.6337163443510154
84.79014281025802,-6.431261665038672,1.1833276122288898,-1.9200656829938274,2.476957127331067
84.74939536974787,-6.423999963334094,-2.5511440540546375,2.134257999583194,2.5906423990938823
84.76584043033667,-6.322695982518174,-2.167886676276552,-12.795302514318598,2.429910861826905
84.0415338951638,-6.752367393063575,4.6261981541769055,-33.786596493212755,2.566051292335933
84.26714026203769,-6.639500634036384,0.02719913798854637,0.8774814330897456,2.270329558265079
83.85002821728993,-6.72459858301377,4.281289383538979,-17.787066012930012,2.859704593003032
83.73593023727304,-6.569496572715319,1.3015346781969561,0.4691977932879006,2.607302198489817
83.81650388444054,-6.509792165798036,4.597475881133547,-8.590432187958873,2.1686929746411368
83.97837917846535,-6.325020509053416,1.0837149767662473,0.40067138365120253,2.8249592727744726
84.01755951340441,-6.345579224940563,1.9063326452906673,1.0913137884833721,2.6408123648933968
84.0463266137915,-6.303902285580134,0.674627303255362,0.7243904469912221,2.3358547879096614
84.401821073684,-6.517947125538724,0.18599846591003616,-0.6885961129896984,2.4699225573700954
84.43170116320027,-6.455337417278861,1.2711681095721823,0.3199313854254735,2.599345385309443
84.2219233085027,-6.445234079414341,-22.753513575820133,30.83752526694506,2.5576271897321305
84.49615054512874,-6.29917798708766,1.3775313164904757,-0.976031220260825,2.50283621221522
84.22434236215548,-6.348210016924157,0.7954067222323343,0.9110403539082382,2.614892034895554
84.23157655829866,-6.191236764365735,-0.3832035079579805,10.048252188970993,2.185029854529192
84.21209532676558,-6.181994779183846,2.714063048101574,-1.212060368075538,2.268044821835955
84.3812063536555,-6.253098876525925,1.2728526614725812,0.25766917875832107,2.6749162973432585
84.42857542331146,-6.220167380095795,-1.2693143208174134,-3.600050889185859,2.777012987571085
84.41093878583577,-6.194978740794894,1.1846396786739957,-1.1573640302099404,2.6486743213812045
84.40467973811938,-6.041841092962957,1.2519344423789467,0.5041953006642933,2.632976417776588
84.3411064568656,-6.014939352187347,1.1986104259576535,-1.016135755794761,2.845247744123682
84.77967229680533,-6.104855981493043,1.0630649547685027,-0.6268445458647063,2.781013090959805
84.88238631220264,-6.079418125479072,-5.063518285795242,-4.094731578787403,2.9185304344545666
85.03209428889993,-5.947234708090483,-1.7932378859012033,-8.782203932781739,2.481937996015179
84.75468905418214,-5.984932783964266,1.0127512182570853,-1.2510392354289614,2.798665830235839
84.79949815945574,-5.936854923625927,3.4678917871197106,-2.781583000580748,2.687850765039122
84.887668455447,-5.8641803357297615,-5.830483864031416,2.5387842767103064,2.0332670307233425
84.55805617472492,-5.90329891067868,5.9076061615298725,-13.170778035090594,2.1007361573682677
85.0744363555639,-5.918407321252794,2.5926694435996733,-7.557920378229863,2.163412176854286
85.09827405178774,-5.854884802326471,2.666471553574769,1.5774042487896938,2.3983360563117775
84.96118915517717,-5.839188180472911,0.9120077819521094,-4.309730587884785,2.411657274188822
85.15109327423933,-5.552818930660318,19.891639998872837,-13.332341393612877,2.240615948433583
85.04138877763353,-5.537247590574171,6.761958487018222,-7.730537467178276,2.5341052964521222
83.75809101421497,-6.503549729955382,1.4337947897306356,1.42879076616933,2.526942818186953
83.54190302056519,-6.447371697522834,1.1031165169508421,0.44295417014980615,2.724430915754961
83.86783105462095,-6.374811130659997,1.0439774780750444,0.27338810184734064,2.4453847936551805
83.92542799152942,-6.272456603054343,1.4596769186043033,-1.16282369160291,2.9959232613294695
83.87174087323237,-6.27493283377697,1.741469901262076,-0.0746501169822396,2.5112909253206834
83.7825023574287,-6.316739999951548,0.8486761771268733,-0.6797613953824707,2.2114900471451557
83.59651788144706,-6.328064191247835,1.470082481049635,0.5345092259134266,2.6521780516319584
83.40999332526351,-6.339405584949109,20.420275827751464,-8.898867522515248,2.096899451489724
83.75573327663399,-6.0654702290567375,1.1243788050498926,0.8678962514492022,2.530113303991103
83.58971486413921,-6.091263685668431,-0.1428920489299313,13.506915322336827,2.1281024025533704
83.6427359828478,-6.036022415806712,1.1658341611479932,0.6227574610181646,2.614799547654003
83.89555611081869,-6.143494697825511,1.63074232250523,0.5986488667591637,2.1009484795048508
84.2770914382979,-5.899232519510237,1.5544338212726974,0.6541134703264583,2.6123427133985775
84.21389567837097,-5.894117317405564,1.0135217359633473,0.5072165777432732,2.8549157650354813
83.84971825730678,-6.08220717059012,0.9806717844810966,0.8983121895832965,2.8058364693661098
83.99573695629381,-5.985697805011416,1.2449787539395345,0.5018524361628053,2.5962070281290766
83.88854160023652,-5.982266986378494,1.064800517689678,-0.7651868368858948,2.793360171394434
83.7318315208141,-6.017697882361544,0.9627003261917226,0.49297722399964533,2.5532184946613725
83.75420018047734,-6.009272992623829,0.9614980327130453,-1.00375407484845,2.7918530277510145
83.77743211360979,-5.997628374990264,-0.028598104441646233,1.0385788374321971,2.4828366898132197
83.82127521726436,-5.975183467464824,1.8880176774735369,0.876001890949873,2.056308786486712
83.7095506088068,-5.9911829650455495,1.7528142362306594,-14.009493148629051,2.3585771372944104
83.7567029572421,-5.972721253217588,1.2897038130374725,0.41053172603176785,2.5997261782537997
83.78081974410422,-5.935035611651122,0.4085951051432595,0.34950359807334835,2.398492416497868
83.83948194103492,-5.961716092283438,1.3975780719407578,0.6190375505820628,2.6527909219375823
83.81224192757134,-5.943388380288957,1.3460263713635354,0.2690367879062735,2.6768127642152826
83.80347091706983,-5.924002746430144,1.342041452035278,0.7070272900271872,2.6396195956192723
84.07831864372292,-5.907761887099795,1.3326408532211411,-0.6918868826270522,2.727470305058251
84.07208348174798,-5.799668905172352,1.0769744958530125,0.7794745551850654,2.62192339791746
83.92380449407867,-5.823963694633232,1.2473819516330982,0.713846687518823,2.582842428114907
83.36867370627084,-6.035274203824118,1.5631804879797253,-0.6699244238309398,2.533985603688007
83.3385999818495,-6.019601550332482,-0.022656214646882264,1.1034809256365283,2.7674455532361164
83.43897806028156,-6.0735945646944645,1.0514632860427684,-1.0929615235544201,2.4335474978518516
83.54359918138303,-6.01128366242337,0.40101919655339946,12.462469112407856,2.541471275646134
83.76757761209262,-5.763079328588839,-0.08971853631009388,0.6951586139887724,2.6692402991465296
83.58061915466372,-5.840561386694058,-3.1574103114386087,-4.322386442650862,2.242657920276523
83.67209006300939,-5.79786099538316,0.39379914838606317,-0.5886184513907826,2.5880028405104665
83.65664682627148,-5.717935422173936,0.9149644781292028,-0.4423423542773941,2.310711542838248
83.95786717186724,-5.7237247510288,-21.67691362130278,-61.998358644871495,2.9724765231960606
83.9277909935914,-5.6784202436065145,1.70636710082876,-0.9998067414940967,2.5891091947764555
83.80419448703086,-5.65969717458234,0.8622934605212672,-0.7498588194666754,2.5806198825857694
83.829128824535,-5.626862613963529,1.2276215956726868,0.3743959732099033,2.5853644102224473
83.93008515009787,-5.607633990385371,0.2223783668476405,-0.7200558663844081,2.4832346384187955
83.87934783025531,-5.6019515974717,1.4443872287969708,0.28913074182562515,2.7661391696993367
83.82481928135687,-5.5877159406986205,1.6937027510473628,-0.23707694649282685,2.739363618198975
83.49684077259927,-5.773117707377231,-0.15007043717135016,0.8037943069779584,2.3665015145854613
83.61626458684768,-5.7022172370947315,0.9393201139910141,-0.4081239434264699,2.697069343246542
83.55417369144196,-5.703692506542972,1.390325751491199,0.4376638099057206,2.6015617727437417
83.55028242381648,-5.589760312960972,12.057139863156824,8.512088061861864,2.510708247449637
83.69204960028584,-5.625346932204091,0.09645171780649757,0.662887043955268,2.5188848028853776
83.60644050519224,-5.617310022994058,0.9191151511442921,0.038831623635351344,2.3993372477183055
83.60744821663779,-5.596276471474257,1.235132828005142,-0.004505707591057409,2.6085408273956783
83.77223186091527,-5.574595100663103,1.5382632314259874,-0.30621114756780704,2.547326298417125
83.76151992995133,-5.534129202861766,1.4832339723386774,-1.1474483341160693,2.35333896070677
83.79952789471591,-5.5320502602678765,2.601120820247389,1.53110659949876,2.5186830474863573
83.78441246796108,-5.486705738581418,1.4715188584974543,0.049837984295972027,2.5988508648456374
83.75930424533334,-5.486079915458702,0.5403992076950346,-2.6542959771210013,2.5285228467366463
83.57263900734102,-5.509775654828004,0.8834991620932986,0.8700031749701191,2.6048588139415734
83.69013749272628,-5.448705174428115,0.5052941637872423,-1.7620414824624018,2.2261900423999474
83.62499314111201,-5.421474192766761,1.9611154534311788,0.5590572510036113,2.5753119753586207
83.68505367022644,-5.435029550142783,1.7172969601374044,-0.36473602237363195,2.3437613188873234
83.68827488716055,-5.417798943070912,1.8999811418344639,-0.972817116428552,2.5742971288339804
83.65932980365478,-5.4006904618258,-5.923267678486171,0.34053796609999126,2.392149844664884
84.40423477875376,-5.846518339596449,7.689338098891105,-10.832648616729557,2.7783658433077085
84.65038500841894,-5.680098594006495,2.2005965152552,-0.9517334134566955,2.6771443858496276
84.28028645176705,-5.705192562183707,7.8232884393105975,-7.437419989687606,2.5321542330568687
84.27474893950301,-5.682076650750233,1.626379818155915,-0.49204655917380435,2.342418538811343
84.15181705101436,-5.588888453499203,7.5193362550056175,0.742268160894906,2.6171305104631797
84.43820865862546,-5.583700150406642,-1.563473790120936,1.1473082298805268,2.295113107131632
84.22598005139403,-5.5384319357079805,1.3061698852609742,1.245368160312437,2.415698057013049
84.20544282218616,-5.53305860497172,10.053292332104562,-19.0145115310596,2.1208629767781466
84.77008246079912,-5.512256326174999,0.5607977434599138,0.07258418454373272,2.8410450063083483
84.54201464178038,-5.50912853604536,1.1429001749298262,-7.725098196764843,2.0795482843631534
84.80113202901316,-5.2649780135257505,1.1583447803653093,0.532814807795676,2.9923778566160544
84.59644749202276,-5.226079457030871,-0.6453334171476027,-40.18087964804,2.490741981862491
84.73027074292132,-5.168431251261148,1.7663292079487602,-0.012575498214928383,2.850490186242423
84.03857463501983,-5.5193630776148,0.7630489090968638,-0.8074823581043353,2.5862556054408294
83.87508971127194,-5.545925083942627,1.121677261627716,-0.10593749760405273,2.3682316116027415
84.02549040378388,-5.427588745230436,0.72551540147618,-10.082863896017125,2.560151532424595
84.19205514020226,-5.425068624617491,5.436438122837849,6.955865338655554,2.425718179263133
84.09476872122764,-5.419592316389434,-2.743407495273079,2.1294824683002664,2.7017497930723895
84.04346898329949,-5.362555810112557,1.7400499590546932,0.6523980203822478,2.221143103946811
84.11823504214202,-5.308698020508881,1.9413686222618884,-0.7913249113601124,2.54808636576154
83.86335991192482,-5.5068833304623075,1.3769864263457507,1.023409993012886,2.4108082003381988
83.84195182921316,-5.470926377276056,2.2086727201612746,-1.060198204941686,2.402567273441797
83.8471482103237,-5.469503835821052,1.7079301729147134,-0.29293318891772696,2.4365434029521973
83.91082761249521,-5.460275427116262,1.7100502905258383,-0.10509601650554855,2.505698321996289
83.85919293905766,-5.460210772927232,2.3000482606295916,-1.0402598386843114,2.5372017724923888
83.81045140140763,-5.484258351084803,1.582699240413815,-0.2742023439730491,2.7372767505733644
83.83153232106731,-5.459946839833316,-0.350256608940121,1.3588747931492047,2.6025733636710777
83.53137112855572,-6.836870321956556,-14.648727419378755,-20.966341629502725,2.2808359483169096
83.67914473344202,-6.856174673023306,2.428316860219998,-4.749322038743298,2.259549403604597
83.72057823476439,-6.809307417387741,1.1051629113276897,0.5578413326060926,2.5963049552385047
83.63106393805582,-6.722956540152323,1.1997509940133282,0.5949351376510087,2.5865237744208884
83.63773932773319,-6.589817131505845,1.1568169186280057,1.0620702953094958,2.995963575317969
83.0461131701951,-6.606662766637499,0.7440242922550099,-2.656030826792698,2.913517423402732
83.08642298855897,-6.5642346712447095,0.7928072147718115,0.1675909611543158,2.561730838826986
83.21520482310261,-6.494615388941485,1.3389821348455049,-1.1656940769609947,2.7457795890341297
83.2490150451557,-6.423624988446872,24.22896743395125,-28.504718236487328,2.633694255478267
83.32217768179125,-6.404486635602852,1.61324548320957,-0.6150998555992166,2.8828223898245837
83.25205728726598,-6.346828997516145,1.6112013997394388,4.177367058648804,2.375662400690683
83.07885344325766,-6.392524348364496,0.9038987716292182,0.10059323102063934,2.7333011748415452
82.83851905188264,-6.465530566298521,1.7479627370399156,3.385044566655939,2.305981340046282
83.22839350422032,-6.264057038704361,-0.5033201830452577,4.026099903601381,2.1541687833595846
83.07775272320099,-6.321641686430591,-6.450115989166878,-16.10990969836786,2.164959244849349
83.13206539685832,-6.147817946564822,5.246388679375175,3.4790901474758,2.5476338456002936
82.76539514912791,-6.319394258714208,-1.8252086365356885,-11.885598575497049,2.270428979468323
82.94025040391604,-6.205714058094866,-4.976565983998019,-0.9750009940007052,2.754296664743058
82.92449272458079,-6.030980132285377,8.251912276591366,4.364375962973812,2.3127942354992066
84.0978379302097,-6.845845196517397,-5.474555985180071,7.196017141179905,2.977501421100026
84.20260644269747,-6.764453941947641,1.1269958236218531,-1.7678810185962623,2.4872647245061716
84.32028313884237,-6.79737557844638,0.8674981014088976,0.2584122137482219,2.6383908510600467
84.21954519864217,-6.718950512383715,0.218896367928149,-0.4231925006851816,2.484204454048997
84.81566440786915,-6.48586744962053,0.4589903740822405,0.3599444730566502,2.6876346116578853
84.85516562329518,-6.443743778581118,21.73597549046265,22.436941844585288,2.8380509670354632
84.82911216920017,-6.3668173932274374,25.094300450371783,-2.780056212392305,2.89791821109888
84.65256972087896,-6.459941110466183,-1.6388412051689583,-6.502353337647322,2.893690685411225
84.18226825363195,-6.723380684053351,11.451275135996227,-14.611827012806643,2.651774764684848
84.10596387757893,-6.716034239242416,-0.6668199172822702,-2.408186904203983,2.6424669784748764
83.99935348620484,-6.70847863994121,0.7950446574253609,0.7207959799400612,2.5377489898019556
84.30567980305312,-6.583098630199939,1.6270418790789682,0.10042662620262115,2.658550689290027
84.17217901086781,-6.566462854826573,0.3579526519059396,0.32824056030070986,2.3683631787591892
84.1553723135158,-6.536174807555166,-7.228541589867639,-4.20418400001179,2.4247119993733746
83.84008981265572,-6.679841300820954,-0.2395627693993554,7.551192940176552,2.8696145703285447
83.86474826358317,-6.664927458819544,23.297343067367425,4.221303398168263,2.8367343491444554
83.84171920242356,-6.617254465549351,0.7945263037374161,0.13177532835800843,2.5900525751472125
83.78374160583367,-6.619420747457146,-5.486225908134061,8.08130387477739,2.0350900951834987
83.86915004124549,-6.501043510568323,1.2363748192406567,0.4679910154119955,2.5455932490482187
84.45573572769042,-6.476802717638774,0.5999830837400711,0.9449549219265624,2.545151460892169
84.29960727447347,-6.4880487213470275,-0.8855528012121366,0.12801062061658172,2.464402041115268
84.24261281649491,-6.4291925928366025,2.1974972081028707,-4.15615916989853,2.707159899166478
84.2737243604114,-6.37427172794107,8.525581338368516,0.5073218164567072,2.592001094004804
84.13492885068909,-6.322168709010992,0.6780853791281473,0.7767517703606115,2.5637029663037127
84.09691603247425,-6.327089753041847,1.1146813751679487,0.629192819526281,2.6473552766809836
84.04714739765775,-6.282192998297106,0.1732693936803339,0.3362313530944541,2.534538543205893
84.1736737660928,-6.196246536484619,1.7469330439128812,-0.8848622368405091,2.639284975628993
84.4258678837613,-6.227647398589172,-0.7619442689996304,-0.07705806531998685,2.463923881823484
84.966534583151,-6.247986636230841,5.073926199351052,1.6030183243597118,2.882637160419378
84.71639298100978,-6.142626016960908,-2.1159434386037503,1.769208237755881,2.2386358569871807
84.62511600588944,-6.125030652340122,-1.6148251276208816,1.3814754538674676,2.3258930659543706
84.60386611393861,-6.132031445139348,-4.910515027631015,-15.921773370186793,2.77555137008792
84.96425045962926,-5.9349215328716385,3.790362085906274,-2.437060928673528,2.3183038681117742
84.53726911406386,-6.008532534632319,-4.0249189925286055,-6.705604761984406,2.6764085930767103
84.63410214751009,-5.959448925602869,-0.03502197178488641,0.6107354532167177,2.3963755332873005
84.46901766608138,-5.951015929409926,-2.1081893854835396,9.634321794610425,2.283376552749047
84.6499214533439,-5.897127631841104,-2.12981159521372,-16.064979873538807,2.0855728846493227
84.68654908613689,-5.845012514684539,-15.395621977805291,-58.017631897375104,2.24566204506219
85.22885277592495,-5.847052943575683,1.0761092874352542,-15.616507083241283,2.7303477133675766
85.16151045037999,-5.82116740027723,-2.372367479237882,-2.9985152691685704,2.501839608540248
84.96697943842729,-5.858481882910871,1.5256368330020702,-4.039187605110582,2.260524526685384
85.24558586771971,-5.773246609641805,1.6767978118755746,1.2215811199835602,2.297356922893489
85.11806670207177,-5.6619021485067185,9.30797457324851,0.07181025556487228,2.2672466990128086
84.94557759075157,-5.789399827687044,3.292119305506937,-6.034704755328183,2.567749489485431
84.89187614434468,-5.742889632309416,-1.5562085948460935,-19.727246960481132,2.790300625650401
85.02830632091644,-5.6257610710403885,1.44632710868861,-7.709528303777307,2.478271302478923
83.65152351827759,-6.550432532598375,0.17066240447835856,1.9940439288558882,2.9142196717683575
83.63222585426085,-6.336731251642273,0.8300180459911244,1.0382649162110358,2.0720059262770363
83.95120258226248,-6.299830694764583,1.3254859278578743,0.56271879221461,2.6265841073360043
84.01733247066092,-6.275050781819395,-2.994685737963751,-14.750838162543765,2.1483912150244757
83.98178795015558,-6.265501922231934,1.0679519738009917,11.759282001403767,2.6306891398001904
83.78131529713386,-6.323156690501572,1.0664429045453614,-0.7807568596886733,2.6148595522994036
83.83054358680113,-6.238472058185878,1.5055645000994178,0.3213710388344745,2.846131662073957
83.78074005467991,-6.201609426931124,1.960158684579546,1.3908402452796464,2.70702309250455
83.38760030628215,-6.310454133901364,1.3107536547171836,-0.7457257006495818,2.391044645343766
83.73445481058037,-6.071497127527378,1.0793309811462855,0.36818207688999466,2.610141301071597
83.94615203215655,-6.195908244366803,2.2098444889620046,0.5148890911063405,2.4907831840912333
84.04001562271122,-6.17466107908827,0.183983960915676,0.06515373585436755,2.5187737568121547
84.10887646779805,-6.134359154319157,1.530149119514288,0.4496279355886338,2.585290164135038
84.11033041637353,-6.104534096451041,1.9476594911232654,0.178376368295886,2.4667580592026472
84.0739158087268,-6.09081396621766,-0.7930768426531158,-3.2463835803389465,2.1048889783619904
83.95327468607476,-6.15200361578554,1.0695026493060016,0.5097036159004678,2.647989015431084
83.87420294575682,-6.127670266328189,1.6188232961681956,0.546479713279476,2.7196935749892526
84.08288923049619,-5.9356310669621495,1.3051595109149543,0.6338386702943695,2.5368079685013516
84.15071719433813,-5.924679238553129,1.3568471293895688,-0.19420589598520263,2.4850524225764388
83.78765310826616,-6.033532435589597,1.5786404808206291,0.80247301674423,2.612176783876468
83.85204073153442,-6.029556243376202,1.1208268470659404,0.9190395533027084,2.67353866738278
83.88326490646622,-5.9948940782190565,1.3171316371334543,0.8599979200725995,2.6599952548065526
83.93337590329536,-5.948144327124787,1.1726540228115558,-0.5377976976149234,2.591433259856614
83.76819309277757,-6.014748176064974,1.0757726410812882,-0.02293502445150942,2.241030274226587
83.83763215136187,-5.926152030617733,1.0152595464191665,0.494571991641272,2.637814222992754
83.85574777148986,-5.889319273130399,1.1478376706703486,0.8532074869979893,2.5108569525440076
84.0450250905339,-5.947198926496671,1.0553723831986093,0.18976495583810807,2.571273056605341
84.06165204989995,-5.765851749627258,-0.34194381184839806,8.563797106786833,2.053073696437652
83.34880250644328,-6.159327338985346,0.18648843619673738,0.927345553374231,2.5846807753483905
83.47428447909081,-6.031208630199775,2.141245484937763,-4.432010234662237,2.0826762349470105
83.22755431608888,-6.033758489958024,1.7304886233865198,-21.10744255928457,2.1106807076362335
83.22263624630254,-5.925881223710142,-3.0841181205324295,-6.9332358605612745,2.0011011904607026
83.21838696128918,-5.880268824532821,-3.616428990057104,1.126093465023097,2.3585915958708696
83.23114179955844,-5.8494614005588215,25.753983104127393,0.10846202789063304,2.669362132254863
83.18839066871308,-5.844197299294675,-13.547751647172008,0.49201629131636115,2.357457139750233
83.741912462688,-5.8952768923533805,1.1602178169429487,0.42858670872912574,2.5974197486600272
83.76464223208691,-5.866408380765693,0.9893789858384073,0.34424815165979916,2.6058602276093983
83.82496795947877,-5.827249317666857,0.887977379069671,0.18072768977329196,2.685565826824884
83.79281155805734,-5.838005165637736,0.9409665622349905,0.3767328622937157,2.1134784919264575
83.51217662598253,-5.828968711813633,1.1828756169648746,0.33965340686266066,2.6145623065432835
83.67290435900462,-5.7987088347180915,0.23138855700972685,0.3562644820688936,2.5073213076709724
83.65812416020663,-5.769633307447136,1.28203958614166,0.4163641583168892,2.692913877275813
83.85500673105496,-5.7623779407101985,2.531103123293378,-7.716978624643571,2.7925749429864672
83.82232301704938,-5.7040807795552215,1.8090980304152318,-1.1597452010245861,2.5070800037718817
83.95297608475752,-5.704000076861849,1.2707088126432247,0.7896923852486135,2.7660420609435477
83.95746472965546,-5.6743944183851145,1.9025830495093616,-0.8675817796830494,2.6750983054077766
83.86991211595064,-5.692795394088123,-1.1713644343187342,0.6831018006696743,2.3239983639176716
83.7277942484,-5.682865649764067,1.8905079215160079,-0.9754615256305592,2.2685160011081003
83.83645967843916,-5.631610455269439,2.1580508309718747,-0.6250048235403887,2.6475622822989537
83.46466939931726,-5.747692189838473,0.6520735976461143,-0.6716312947104363,2.542918544327719
83.55780292838229,-5.6098309022716215,1.7973231415289348,1.1487523944437612,2.5457710109409204
83.51125336273047,-5.613416733157537,1.2628671072595732,-1.3655514354139877,2.262327856645764
83.51115157031452,-5.550832689621076,1.0265630807975274,-0.7898933275755587,2.5364425333229224
83.7495145546551,-5.610991439386041,1.4860798868506728,-2.9344117285285045,2.545838173214945
83.73148906100735,-5.6017326900914535,1.829482838141828,-1.0488669626202092,2.5595492414398553
83.64867192913958,-5.597826001040088,1.1563806267753476,0.5095468768718255,2.6181973731349104
83.70341960490227,-5.559186098384073,1.0821831483089157,-0.6766372158126426,2.577783417364256
83.79858527053221,-5.51699036956724,1.2552098052119067,0.9191395859263903,2.407574093420301
83.61905238166165,-5.509031131121834,0.8569432158512392,-0.420314118396809,2.417953419763481
83.57549410069396,-5.475985287849795,1.54639703065281,-1.8729482622207545,2.550650293778649
83.66661012411882,-5.501219144119103,1.4810661414231674,-1.8204373307990729,2.474707803871288
83.71139345708875,-5.450282632482767,2.000765982899988,0.9350970891548267,2.572716363191728
83.63294379540991,-5.4435533377472725,0.6796410988083285,0.4602328794078893,2.6716928416379164
84.34771743585063,-5.723130529006955,1.115493525490997,0.5966010397955698,2.5858837176277167
84.5692332539343,-5.735640768451213,-1.793690068487599,1.4754469888299107,2.875960110566829
84.11539758404342,-5.706031690162041,2.3939808772728988,-1.21507698110092,2.569638636252048
84.12060545907987,-5.654329069250588,1.5013178796136137,-0.40476994234612534,2.716785072775214
84.6457351623819,-5.465637334158967,-3.3139676345602074,-1.9269949848580306,2.0039878809324634
85.01812005056829,-5.360828800814091,-1.8428738847636605,1.545228591588819,2.2681728119724136
84.61943346597948,-5.37006739985008,2.400450840704856,-10.114559118036999,2.9872335943743753
84.55821638011409,-5.2503178751596025,1.3159883254809712,1.1598196711766686,2.3425453545286836
84.05677326316642,-5.6477747578109465,0.7946705337290418,1.1735154269011627,2.299837789455531
83.97534416200791,-5.628397337382458,0.9406626201553755,0.07895860142170219,2.6594578977033168
83.93907956140188,-5.46968053613518,1.351241428067607,-0.17545690003850462,2.466469472681388
84.28042691396476,-5.400498817553713,0.6460500569147609,-0.2111222280803826,2.649085945699913
84.34330155665037,-5.363224524261095,1.382050487865041,-4.743577789879245,2.1508737750180713
84.10656267739401,-5.311690137372303,2.2732926265547393,0.30881910861973777,2.5163149647114644
83.84673232146882,-5.476107934661626,1.2061705151894444,0.6686274008478919,2.1864296170446322
83.92215789021941,-5.464005285623507,1.4649402214085625,1.1039890348890076,2.832702474955184
83.90656231613612,-5.4545803205314245,0.6514794414882035,1.1320204459878136,2.5355942917852143
83.90881919118065,-5.441125463936427,7.290537335592298,-18.228209658995144,2.159723716564815
83.79648937705768,-5.4256352444752425,1.7934623988437624,-2.893220551134369,2.6378459525781794
83.85837878918144,-5.429963364743767,1.9038538382720043,-1.0057658199372408,2.8491227645891897
83.83714724676591,-5.389397221479073,0.6225197088830542,0.16004361928625108,2.621510170081607
83.82783050115701,-5.399015353415668,1.7365716612538147,0.039344271365974695,2.6183229321896078
83.86633983820289,-6.747823313482883,12.983734269332155,14.784393876042238,2.7127724424877773
83.63203361491206,-6.848279482456874,0.24388656214516374,-2.0158622670628255,2.255966540222115
83.45139211728277,-6.854714594307082,-0.2744102654050062,-1.535020194283925,2.6137183913353157
83.64636047139916,-6.748141434586819,1.1090746060333223,0.2447011831574465,2.7055186305040233
83.62114001987968,-6.647720742515048,1.274695734046596,0.3231319026093172,2.5986100926555036
83.6718559546334,-6.641643505584045,1.1252973831193744,-9.322349194910744,2.520047976754504
83.68985502393515,-6.630500387588899,6.026002484913999,-0.07364149728187418,2.42050612887351
83.43248564066698,-6.584400439782541,0.8368831316740556,0.4241583673530073,2.6894507946190216
83.36203503665385,-6.578184093122004,1.631742088213829,0.5993832678818348,2.3770331980254573
83.28134032399142,-6.542105174476163,-0.020218321258629345,-2.2770268621599272,2.305863223237707
83.33647312111418,-6.433026372878376,8.094117294874316,0.4785947924741498,2.4729287641108932
83.37953134830765,-6.390905980087375,0.07671777189579597,-0.3443077375068703,2.7808060908203966
83.34528949217066,-6.367608015934449,1.0841532886292726,0.1274858890723045,2.708482974735965
83.25262019850783,-6.3468757410381205,1.8671736736188471,4.138404591226884,2.8332847236868783
83.31713976719989,-6.309831426604518,0.49180185635286405,-0.19788933687108717,2.607537590143675
82.82519789973108,-6.4816329264966575,10.109987454933538,3.413846664913478,2.4008347686862677
82.98577585554361,-6.402082026767236,0.9888054564047092,-2.561441672221825,2.065143839035145
82.85582127350663,-6.335051048233163,7.183007483251648,1.2853870050909677,2.4750100610497
82.7325499334809,-6.359317165785854,-14.498896534246084,7.325975131536291,2.1271071395337264
82.81372130640648,-6.14219137212972,1.134571073005889,16.157947587608206,2.484220976427052
82.9192259386174,-6.058143414500602,7.844618732737491,-15.025619137893667,2.059930277098295
84.4991921149207,-6.70153966353155,0.9118568342257843,0.6262832670095277,2.679973470741242
84.46489282286063,-6.691400516003096,0.8239676496134561,0.4258981545202605,2.6444363054359377
84.5673913586913,-6.551249586526781,-0.31788814788423975,0.591691618819942,2.630015460302156
84.80661787382495,-6.423509378529374,4.83852801480381,-5.148701405335384,2.6731809500398103
84.57929805295599,-6.435603272688978,3.6522211964724436,1.1883957896299953,2.410961585770198
84.03455422776265,-6.8100986566286865,0.3017377749271346,0.44085619966632716,2.51679145822846
83.90280362553993,-6.753537436331358,-2.1022308789076556,-3.476323199494347,2.581294352461264
84.05779008589867,-6.6468978399220715,1.6502465841615317,-0.9083338597920937,2.6959854434786643
84.24639589167593,-6.661794910464887,18.699696097270802,-19.731623001558326,2.9159582866775584
84.126957780606,-6.535557358447452,-1.0372319409543342,-4.763951763530477,2.5644324699560666
84.19702480679115,-6.555591304075406,-0.9337155740117847,0.8435254306483086,2.4761242551021883
84.16982111140135,-6.502695112842123,1.1061060478135893,0.4664052287693554,2.435843863778983
83.81826227922919,-6.687058436562311,1.3649353582726391,0.3679160985720939,2.64340146224995
83.84714351245296,-6.583769961649775,8.308830936847022,1.7819054571192527,2.1429675591960886
83.92819591281902,-6.581045029811094,0.8595578247830714,0.6198893476456329,2.4753903698344515
84.0486375409156,-6.416213147523126,0.8601139733883075,-0.06521964803517379,2.58944816715108
84.11180678421698,-6.415933345631307,1.472701568978085,0.42312959801361455,2.594451447558772
83.9209168475903,-6.447349108130387,0.9764323821389452,0.2629089646891156,2.5977369471603717
84.0541117375865,-6.391788638514511,0.558300577180685,-0.6910124741735497,2.5195207291444355
84.4173581840941,-6.516717344368223,-2.458085449646026,12.52158316462398,2.705983176708965
84.2952153647377,-6.504209272939229,0.9655624214540408,0.6098138445460518,2.5811728214275442
84.38775052806402,-6.48251937728667,-7.879557268630174,-0.18701505619677167,2.288246438546094
84.32438970543103,-6.439967293651148,1.2918365780951049,-0.9087753575331514,2.7920678491419304
84.46015436882155,-6.3522454096200445,2.794948734206622,-3.700147510601918,2.456538915050126
84.61240862869114,-6.265364031213336,-5.00939500813102,-0.9927507767928441,2.6605272944157945
84.41125877117051,-6.249363133582675,-10.192693740071547,3.8201843031666263,2.624628835291793
84.20989358868427,-6.385914883877882,0.8781819791910315,0.5108490514062518,2.4345341291126052
84.11529673510576,-6.244584040739779,2.0835904915836676,-1.2767226705843262,2.7907171102527446
84.19810148840672,-6.138979229954947,1.766540868179428,-0.7400291452819875,2.6394908298056614
84.52296431726786,-6.132833917700003,5.61917979215776,-1.139545350971397,2.618056864545579
84.49582047478303,-6.138091857807139,1.1661916539248383,0.41008343793040036,2.5064095803024697
84.39690351108773,-6.018873127614976,1.872587709081591,-0.6284711688719703,2.9548405079880884
84.99448378989004,-5.942737801910744,-7.380071128875149,2.9643353220639987,2.097607983489533
84.52526576961503,-5.89657352415922,-3.724580062100672,-3.1373216844658427,2.8642444071161157
84.67174123778487,-5.921181192111384,10.341628378937838,1.652263556134771,2.6907729441479122
84.69455847736727,-5.864345480599023,1.7148702739444368,4.092028377495725,2.14002707379788
84.63832292573143,-5.78012689128415,1.0079094573554457,-0.13348758299370977,2.947194080863817
85.18580921914784,-5.777498199097346,1.1331330750765893,-4.583916910048051,2.3575051054979133
84.99023179808167,-5.8166747729517265,1.4291024466555584,-37.56487436067615,2.779385573253135
84.9075113730857,-5.631787096764601,1.0140238999867799,0.03030017772041943,2.089265181366273
85.13035042665305,-5.606515156493555,1.93717255215602,-46.415044579557176,2.778215539585667
85.05334751385713,-5.487872563159178,16.047493181713847,-8.586322958344534,2.5181993940673726
85.02527040451685,-5.454494656948559,2.7281407480680864,2.2547974815593244,2.0447077787535344
83.62126697001514,-6.5301507308039675,12.428311265868489,5.604497522526831,2.1131768452882356
83.90560910288484,-6.355332866481426,0.5041407805664481,-0.3130766036967654,2.61019357491141
83.85159882125453,-6.334367628178553,1.1021820382917067,0.7660295051948424,2.5547972372958676
83.7805903565533,-6.31535573221611,1.3071365846489065,0.0670688719836831,2.6002906295010497
83.7566376851487,-6.2837670280004945,1.243916306323736,1.085381059258485,2.6637150680451525
83.81068429308853,-6.253565736125351,1.6777592406692605,0.03780825274205071,2.5375270135803127
83.92831473085225,-6.20927709042943,0.9237816905227056,0.40267640544295047,2.8820569014303743
83.85171110836458,-6.187453878685019,1.004594863734961,0.4827429838503649,2.7966375199092997
83.4597004414011,-6.358590213246654,0.95598451727366,-0.19327764202302455,2.7279507908379315
83.41112318973265,-6.351288010313249,-11.566875857854681,7.93489246292342,2.3995252478729943
83.47258824024264,-6.286198305146817,0.9619833672080902,0.10007522876244206,2.5363024702793036
83.43741448159702,-6.2334653350044595,-0.23242411742543798,1.1273815988428175,2.5426617296757206
83.70314113288782,-6.1952626341905495,1.409625284092578,0.9476135569447129,2.6351579591840335
83.65188006896882,-6.168047500138575,1.3041196841635254,0.7435560770808246,2.5418936770013594
83.78626812808285,-6.084026517700865,0.9796290846579686,0.5926999870468823,2.6070225253930204
83.58314370973312,-6.148491288537942,1.4637462252175883,0.6043661538295024,2.5720862023318305
84.15359746382715,-6.165280933068614,1.0369912782258737,-0.27902645956042565,2.6298381476741297
84.13173474410586,-6.140727194503107,2.719079720083493,-0.06016130742261802,2.666420350489564
83.92371493894673,-6.1505642636833855,1.1417022721600267,0.45683199288210713,2.6890694625821876
84.07599925026257,-6.081445881506651,10.207354092964692,6.970538054156491,2.985196413422642
83.89440784663093,-6.046498942451954,-0.07002463365083515,-1.7674422180904474,2.1390512145391174
83.79630333667576,-6.006016284293473,0.9289669395457235,0.7270843372410439,2.650600622151389
83.6913232988809,-5.980908831586497,1.471393692321888,0.6568825815403281,2.5743254320263174
83.89182167598558,-5.918307217761909,1.2183519419624358,0.48447440243917955,2.5117564621338215
83.87133608087592,-5.917499974729328,1.140616322251299,0.47604951646804095,2.552688470089595
83.8948816871773,-5.867370299930367,1.0872037983410165,0.7177013198593928,2.3698446801212643
84.04059155909532,-5.764654143587001,-4.393294307977763,0.5390017288338105,2.6578147857616186
83.34431958731118,-6.119382684320497,-0.05352009936445248,1.0490590473798107,2.7133229960801826
83.43021079235668,-6.089844328785799,-0.010733276514440098,0.9696167076742508,2.6734789140352624
83.3287938123574,-6.066403523087669,0.9315159119365815,0.2150741138587122,2.4556066171762767
83.36586071013333,-6.048949142268823,0.3038309316299726,1.3886915105118023,2.7839879662576195
83.36419000574938,-5.98934927885131,20.03884908847642,-13.526678934334054,2.3584957073145785
83.4131434611063,-5.944918886379605,1.7964495053216039,-1.0295490236280667,2.9326469307816665
83.49751509301989,-5.838527987815898,1.3866163173908412,-2.471985958785337,2.841987585296129
83.33896447056645,-5.901764097118226,4.0086234507487095,-1.539023628438196,2.276514754035927
83.66122851955738,-5.9619811699304694,0.61129285498353,0.7417342948575746,2.636819084330776
83.73165193833998,-5.924844979755198,0.5597946424896416,-0.7098642388994694,2.602906007746744
83.6560470419494,-5.907494999374277,1.2922373498160435,0.778015119803858,2.5022872419852615
83.7953412213939,-5.830162973999015,1.268132968530515,0.0668862222614355,2.612620040358776
83.74281025325763,-5.751612338354223,-0.04044649095281142,-2.5428307238272705,2.6378684749648085
83.72330970563708,-5.729405637107719,1.3093141263921573,0.25411256741616794,2.4517641254283706
83.65779494582118,-5.7267237488422715,-2.9309008153185103,7.5697933678813305,2.399205894347465
83.86250244104527,-5.812779157961023,1.1630939160880407,0.3449841439626582,2.605955856376651
83.80379529108932,-5.760460979172764,1.764461096807443,-0.35000929127728886,2.2708686074709834
83.79782020028051,-5.738437505615054,0.042606672965755474,0.1395702749551682,2.4568358310599994
83.81853032463222,-5.711021505904364,1.438748341150096,0.5721320445795686,2.6496410139237994
83.88703763070656,-5.65534066507703,-0.9928717254409315,0.3594904951215872,2.4477917345884737
83.74588505428191,-5.74153360625953,0.6055403707826996,0.8048875614505379,2.5022540213479307
83.81117732862862,-5.653051763756907,1.0083413348578816,-0.6193563436462932,2.51836118853423
83.7019490030463,-5.699522156858621,1.3263194837856325,0.7535794850586696,2.598072502128643
83.79345397537038,-5.640195768142527,0.15903495433734818,-0.08134515189269695,2.601261974132597
83.75343668229074,-5.635565951330753,1.894036418967573,-0.2115145416376391,2.512148968207097
83.82697962584899,-5.655532955445256,0.9441194073884158,0.5806977404026012,2.416803248962509
83.83195954547075,-5.5932661917465385,0.9414539570729177,0.6345125162503481,2.766277140606885
83.81454965995339,-5.58664607162292,0.9329808344692381,0.13649784355722494,2.5212338557717997
83.55784064683309,-5.593550847845225,1.1934359293955499,-0.9233156483036685,2.7115865836329203
83.50907922681671,-5.605435306212315,1.3060115196781268,-1.6469901371344704,2.5599343039792997
83.49132431727662,-5.607507813667788,1.1910605236087495,0.13383413715733675,2.559709898901115
83.77739242044305,-5.547648341547022,3.43900867127833,0.13967494643205064,2.447946712709
83.81564585174435,-5.549757260872155,0.8484088941607997,0.9201813742531333,2.4829076628313196
83.82368809705709,-5.534006991779806,1.8559203638448996,1.0661275782162276,2.38835419565865
83.7688614638019,-5.493975361328024,1.9386619290424407,0.7402932670836649,2.484625064353288
83.74035045761738,-5.508188456266189,1.8858645827729124,-0.13524886102627792,2.5117665221702925
83.57631055514895,-5.521231634734593,1.9206409691701818,-1.3311101661150158,2.6118052184621567
83.72769914890858,-5.471733658740529,0.19592103326795948,-1.270867865488894,2.601792264225449
83.66617673462642,-5.444984836244312,2.393767954690068,2.1264056740955923,2.5685803097884525
84.44060639026817,-5.885603075073711,1.763888332156854,-0.5435774555403018,2.624010682041979
84.37247884442796,-5.902840390914289,9.478665144574991,-25.66800682885758,2.059797303922321
84.27309698801584,-5.843107837643068,-4.914318986617003,-2.284542330163166,2.4000890460039197
84.28244017831076,-5.761951695652738,5.862012514582821,-1.0561583423148067,2.865550318157407
84.3978270782527,-5.717695303181406,10.788469454431276,-54.99264513013958,2.5890025976581312
84.50382935456062,-5.737777263466342,-4.568226479325737,-15.947915836893657,2.620879866589187
84.5708909617034,-5.586277004913364,-6.783969254322518,-2.3231213396179093,2.348390840108521
84.11978027803814,-5.707328626165939,2.0295431307493184,-0.5958252118258239,2.5586130137687606
84.11278952693479,-5.648880531289791,1.8291414308000702,-0.6603739491239815,2.5564577824440198
84.17790733185326,-5.56992275215984,1.0853483632062473,1.9855697844293365,2.318746433073303
84.20549797169902,-5.555734826686766,1.5594047631924768,-0.05008742738701939,2.572049403653833
84.21219911285553,-5.551241829261651,1.294605350775215,-0.9342820239453955,2.526217919939867
84.38633365486598,-5.5855758055784825,0.9619647800234874,-1.1223034915604726,2.950930490156207
84.87274595742954,-5.409447313128661,0.2808925402627869,0.7494266785488565,2.3732758224092096
84.56764865168782,-5.505363806107634,-4.8575897354771165,9.050490351919949,2.4448553780731066
84.44364317564758,-5.414514900218191,-2.71650994456132,-12.194071064447437,2.7091707277309083
84.53297205945005,-5.314333068410915,0.6872316501904587,-1.638259409306895,2.3715529467014793
84.5319495513003,-5.275303713753354,-9.753829606175616,-1.2459057568475151,2.9625621184060953
84.0384469720021,-5.610743470844445,2.5052604644263354,-1.1092751912360048,2.4354816088812843
84.00125345523308,-5.573261195806899,1.2973214797450083,0.4016604267232495,2.5885447815926397
83.5228063125145,-6.838090696261639,2.211017657367874,0.3010069363737463,2.511328087760823
83.54329048814024,-6.790620535349174,1.7774365656894398,-0.024782934948323575,2.6545780724316272
83.67773035468785,-6.63034871667438,1.694670559523406,-0.5526185009051447,2.150736670150224
83.6379807973911,-6.621193635911067,0.6850455210162748,-7.85843312725852,2.364523895123397
83.27069217417133,-6.796180532319162,0.9686932691527612,-1.8040728660660739,2.716902638011297
83.44068277386722,-6.763927524777521,5.07384949971848,-12.438577356652088,2.2215680466429317
83.43900615297602,-6.676369314122482,0.8677266343703307,0.13576665921863573,2.8379258993724137
83.57062730850129,-6.547151961023911,1.5868762971112136,0.4426473969253887,2.750147142658854
83.5851420660763,-6.520872288927938,1.201758456726377,0.11512299733065799,2.4235869116664506
83.16604513593711,-6.671219430217343,10.073478615899164,-9.72225410601336,2.447491793526896
83.40312575478956,-6.38010596171083,-5.7499071986036965,25.715896639029644,2.403782811365868
82.81076907995323,-6.466642725100008,-1.0868352404324433,5.10102036531224,2.0466427543219554
82.74213295634756,-6.425263302425486,14.970927594691734,-3.24279164387979,2.3965183101051584
82.70348424193408,-6.411539595325775,-1.2219041518245803,0.17082047375972026,2.40600318492622
82.97065332702462,-6.511867025184252,15.169294167550357,-16.088056847542155,2.92121006011613
82.98299619234238,-6.485063183342207,6.055831192897549,-3.5922449688614555,2.299988084365351
82.98902524818433,-6.442563669813811,-2.2506239647772817,-1.9652492443236529,2.4995433775508444
82.91022994060147,-6.450740333123651,30.329462406047558,-34.996998667442746,2.810166557849691
82.9062386355781,-6.374958813276018,14.49272159032149,2.297998590074054,2.031867521807219
82.8083156358122,-6.377726007775537,-21.76229830024256,6.295486408142806,2.672473270153378
82.76080267522904,-6.295303073178626,-0.11627840410897694,-13.549241666610243,2.466014017786343
83.07011500272016,-6.139962852174023,28.16927922505804,-15.177114672172678,2.2363348361474613
83.11082491275174,-6.113598625564251,1.2394902483418808,4.106987834309878,2.139334472083
83.0615883789211,-6.069791487370618,1.0534051413861436,0.40282998008524495,2.5587780389286356
82.93467638906512,-6.130769328533983,0.6349056305043711,-0.11171953809077814,2.5617969644936003
82.98920961893785,-6.051637908396475,5.326114971376424,-18.929807409571325,2.4577353902970946
84.28681220122336,-6.819418327747043,-4.91621117088919,-5.858505956691148,2.468796468118193
84.1685834876678,-6.831354625627311,1.0025273449244805,-0.9895190149254933,2.7277261314533967
84.51060587154643,-6.708886237966188,0.1342421205819707,-0.7169385625359467,2.4601717296085055
84.42828058063617,-6.671112625921734,0.6563174060154867,0.6633420666683939,2.715587461964635
84.40930006889735,-6.554321481908839,-3.402244906416977,-3.213703407513015,2.600571885178348
84.86655120904639,-6.445262144131053,-1.7823336100493505,1.4989361220070332,2.3360228563011862
84.13703202215656,-6.739123975163126,0.2803963901821674,-0.10042821732314429,2.2454074217272324
84.0357104612011,-6.6760166309630815,0.8472265809734907,0.3731143970964899,2.5062104449765075
84.13990224761382,-6.612628601408797,11.115977850293888,-10.066838449679402,2.5110065833314574
83.81921958149897,-6.6455146410554695,0.0687054239723652,0.9893227272907859,2.9413923609073174
83.93367148628158,-6.606304987184693,6.944698371572735,14.437655731613281,2.5565430146836166
83.71952411862517,-6.59324202072763,1.1598101491567645,-0.3000320140077169,2.8063770497356137
83.78051941063707,-6.52529587752258,8.159196292705884,-7.631094079643042,2.171669258975368
83.88628758901999,-6.5050404549346865,1.2818777948387619,0.6487343454494425,2.609626932170764
83.88184272339048,-6.493479177465858,0.7176258290824205,0.6256319341000056,2.478340724783181
84.02118781051144,-6.492278960676585,1.2132090166178047,0.4252733785691227,2.526602186496773
84.09115721519565,-6.3916468765444066,-0.37175622052304846,0.3125307237868844,2.8034234167084775
84.05403839444014,-6.392548241995597,0.19073887914290294,-0.472252532816376,2.7002557343153817
83.94853999913245,-6.360031097210434,0.6731658974543256,1.3145094235997656,2.583427542396842
84.60070148987636,-6.377311840260723,3.6087616035707977,5.570681234306013,2.4681397009787487
84.64110060710475,-6.225820046524433,1.0377240935752166,-16.60964692238786,2.0077119724854633
84.23616201624677,-6.340559163589195,1.139970610106515,1.1509009715303977,2.746763647391711
84.24988853224689,-6.1959060434635305,1.0678943778962504,0.8256837388400647,2.5252204154190263
84.95960916952357,-6.268646405092428,-1.7746529485264855,1.2138343525231137,2.289688410281155
84.85188856634043,-6.25797917864462,1.1144657758659524,0.6752232558620965,2.6304634740973163
84.81673204434108,-6.229307254299051,-4.165329392784016,-28.683510212428395,2.610205536663372
85.02209224671026,-6.120871470360571,14.065134133449229,-8.490270678504505,2.6002167194412693
84.65345542956697,-6.190304598034933,-1.9982880766293152,1.0112279409534757,2.1288607836620566
84.70647816317418,-6.005313707666821,-1.2060073715780668,0.6290904537968186,2.997247753398296
84.94263787603147,-5.944139215393415,1.476445813121436,-2.4790663387283223,2.8115426189926507
84.5053899817928,-6.054656759010365,14.519616980938798,3.4439979214771768,2.376991202357109
84.42982121402828,-6.010928035643931,1.2647989759798313,0.2591696008412962,2.5997412886747115
84.40408416164955,-6.003273612877153,3.2980661420414923,2.2312628353657544,2.1497396758412286
84.57842397142348,-5.918725979903814,29.58465921148414,2.970800394246194,2.445835667528488
84.64978494296216,-5.8701658733145115,0.5708591255095437,-4.495013828301957,2.2653218366507355
84.72070443823785,-5.7119404517198955,4.775735407116398,-4.813812241783126,2.8461165465668437
85.04285537224642,-5.880035055111157,-5.731810427450974,-2.7638772115796937,2.1733924769467805
85.23045890030897,-5.847789969657021,1.27398597144613,-16.234570203068156,2.7904541696196588
84.85592509998507,-5.711604033599164,-0.390664253326738,-0.9987738234580168,2.2407798852563885
84.8171539961596,-5.656087267236315,0.6583521388544146,-0.2033777354025222,2.662508303519114
85.17790060976125,-5.484282366953053,15.696183662218786,-4.057456142545372,2.2375979460756263
83.61481682778822,-6.345487607175419,21.836312805033764,-3.777192660618594,2.6499201386786053
83.85709733227411,-6.388613413826839,0.5737488431917832,-0.36101531981089763,2.5381370352296773
83.82023687551981,-6.3044589450250905,0.014553615695157925,-0.23595419956814823,2.961634174306129
83.79397883804046,-6.290910451761263,0.9585481165468124,0.48665409554838135,2.4143780312971077
83.90880370517964,-6.197972879951342,1.5091808579459427,0.5116636081872268,2.4533538902382093
83.41242951355962,-6.3224470860574,-6.9326169289002975,3.0500304592331218,2.0567850772432497
83.4247870252329,-6.263566452143151,1.4242573558989107,0.4501112851618432,2.6810195338749407
83.4427360321906,-6.217990518960078,0.9449752231710247,0.0019233852691169801,2.5184493268511927
83.70290139393357,-6.194747612625675,1.6277050273091183,0.8606536201015803,2.5873053045667516
83.7074389915713,-6.194018037525774,-0.7122127701547922,-19.71509314467604,2.268852926268686
83.66147410723796,-6.13968932265228,1.5327812312946327,0.9643649344611005,2.6196252349554645
83.62530398920912,-6.060079094047315,0.1949669414954167,3.8425676242281526,2.553200682976977
84.01920920748401,-6.19088173613093,0.29246336629500785,0.3494219852328609,2.503205682852383
83.87664816581004,-6.120866137941587,1.3562446507168788,0.5848215394468192,2.77240144839448
83.94522128738693,-6.0854002508458125,0.9252226655005062,0.21723035296416685,2.5447681713792596
84.06763502146863,-6.069373175175202,-11.037794768996099,-9.799593756983109,2.4363519402147498
84.00266413111677,-6.071611878453412,1.9967582901109557,0.5351724969741033,2.645184436881243
84.30415570604535,-5.962639977221868,-13.693202515744948,-2.7842512235447945,2.30481687918707
84.2209913969226,-5.9454005723572365,1.9927583863071407,-0.9849597926257458,2.5358725159609827
83.84680183000918,-6.032848849730952,0.6117246344686839,0.4214627564923631,2.576787938375078
83.86611437494655,-5.943020435189113,1.014446014712213,0.4922517166680854,2.6315374206297015
83.83883917513674,-5.943331381247834,0.9811358814305796,0.5594187465081507,2.5687723320835913
83.85504337995218,-5.932026414608521,1.951480373253048,0.6350511757338189,2.632291035629212
83.84652941412696,-5.928749846424041,1.1500700451406276,0.4949956037085882,2.6774962524995596
84.05404312732696,-5.924172996166024,1.0926950904057053,0.2670102014174736,2.668260199724793
84.1391063537197,-5.792078781780642,0.1784295231035726,-3.0143339018542106,2.4429606578646275
83.57200162645229,-6.000780924726008,1.484688641656018,0.4107796842020514,2.6061192187851656
83.61672252000817,-5.997902359657839,1.512526744611459,0.7742220420390479,2.603354648829012
83.14451930654214,-6.099909515430527,-3.1488403829269327,-7.225730262558615,2.109182034512475
83.02019758734015,-6.00640261083953,-10.937746194615633,-0.46825322506905487,2.3335164870908653
83.3294776460308,-5.929587476771174,1.0895043310867485,-0.13261295922077002,2.9644081415766395
83.29876955023846,-5.915827805420899,1.2131317509251156,0.17923918994853494,2.6041065516770976
83.30508003446693,-5.743728150451838,-1.0358033715758415,4.166402695780327,2.011787872974886
83.70836585010245,-5.892664553733997,1.378397686307017,0.9524965658145298,2.6909539279710333
83.76308565505838,-5.833777457090017,1.6353044801485281,0.5661187701281825,2.5842051138260995
83.80025286907147,-5.791571017266671,1.3608868533122283,-0.6276954304312939,2.509681027867637
83.76257951621531,-5.75990745870844,2.1384709325939086,-1.099363930378471,2.0762589321469083
83.60384518725063,-5.862411116058963,1.637142516024944,0.5199315965955211,2.8118347337044
83.66065730496486,-5.793103117271177,1.3547727980363902,-0.8833076505952812,2.54192606787313
83.74091781170061,-5.76688875710466,-4.031665759112364,12.356802531655966,2.8683396728219472
83.63654057783842,-5.720847813005656,1.055883588071226,0.5122418546156837,2.6940566458169353
83.85627816163847,-5.762478285454385,2.067628559778375,0.18375195930926536,2.209858992669142
83.88422005050846,-5.740802676577569,-6.629933839425465,7.161060396559025,2.9238950892599935
83.88921491544588,-5.655926730405786,0.8255869544354214,0.8195391977431344,2.600935344438257
83.81647944241155,-5.686546625353369,1.50327363160292,-0.41626353709733327,2.530495220910762
83.71721296938837,-5.682658966263514,1.3907669110213827,-0.6795331726405857,2.366905876068159
83.82009888500392,-5.6547434480247185,1.2453989480558605,-0.6230485952593118,2.523437646184724
83.79637140454048,-5.583242548397223,0.8331959865566123,-0.3067281086989582,2.515173647935127
83.84010809912625,-5.582886576392787,2.3329368912095467,0.31391934111755426,2.4591597234350426
83.85663332351938,-5.5513487271439175,1.6399328117630876,-1.1613063179504914,2.42686352494416
83.45417839001452,-5.644136672599242,2.362371625513614,-1.5936342610443046,2.510395851689759
83.45645118077134,-5.605798840250831,1.9702522696673102,-1.1766079579552837,2.4686374869575536
83.65226841644616,-5.604761881631269,2.6018741079093615,-0.9592888989100841,2.2249117340464086
83.67328793067182,-5.57360977452222,1.6027554190358781,-1.3085862776972494,2.794597315052524
83.72227816380463,-5.552625289901817,1.3040382987117218,-1.2869236192362776,2.675383596324663
83.77342103978418,-5.4895443404403155,1.1002864010853028,1.2372971847800576,2.5035005118203424
83.7413631268965,-5.496124657720683,2.0272954144855033,-1.8775748235912433,2.366336524644455
83.55500050670314,-5.564862460171905,0.18856224487852738,1.0525514955560078,2.657581911421142
83.73650099710784,-5.443676621505249,0.528367091650801,-0.6625889148361275,2.396986487192436
83.6116583211326,-5.475593864175791,0.12914698218470808,0.9070933120628811,2.4554644698463166
84.40593118624717,-5.872698766840987,1.379370415374713,0.516554695771088,2.609646533799799
84.34179757470885,-5.795541924999717,-6.026816211991862,2.357564549121248,2.287960355160975
84.4182132557398,-5.78820610262545,-1.7386276842698334,1.2630332091937582,2.305909408242923
84.33113010091598,-5.751976837330593,8.077168974123209,5.83614233160168,2.0888443982719815
84.3267048227596,-5.731237294073339,1.6872494222269299,-0.8423931542926478,2.5482177775183783
84.54380218586154,-5.805238361496746,21.628160331878387,-13.13962446630028,2.551664926545214
84.49252278833875,-5.778875334505335,1.2518847234848245,1.0056194639730498,2.9462599763544
84.43850524376683,-5.654820603535298,-8.959817065264481,-13.354520165746575,2.103188991734265
84.57292048351148,-5.636070782627264,-14.464423284213021,-2.7745753291509083,2.927122097342688
84.30589188488749,-5.674109200607539,-1.8764577737896966,1.3234342578359832,2.3040622040748806
84.13714869443244,-5.709671136228626,54.60043772168933,-6.874472152038796,2.8042906209306544
84.13949690468732,-5.668488652093207,-4.1867318044470245,-15.954588504668344,2.2414932184388636
84.16346043360632,-5.620258601610872,1.2717096382284228,0.013653346116653779,2.492020384071657
84.51915880890228,-5.527699582004261,-1.316060142202407,1.4063353755847834,2.3041249994667554
84.37704115317013,-5.507092450854499,3.8788801984238668,-0.5917878590269213,2.531857075464251
84.38061361603171,-5.443567383337319,0.2612294400398585,1.2408654279166704,2.690637422210392
84.92329351490329,-5.323382521798499,11.33343848762154,-17.33764192098478,2.1808501301462955
84.62357918080374,-5.388105899385722,2.5322450605663938,-7.824034095067135,2.822072149680091
84.0293498673522,-5.571775050720576,3.030422967720254,-2.5133819892051914,2.4579409680463877
84.05063167176836,-5.5582656560284365,-0.5396706844157593,-0.3338083237232088,2.355298645749348
83.8984073201464,-5.493482554154521,1.1176809138177626,0.8085237689987791,2.4831980914223477
83.96867560324465,-5.465958292074192,1.3631927055044715,0.8024454830331356,2.396250862957237
84.19556747720429,-5.474086621949749,-5.736752877052366,-0.39734400292249955,2.835166400432956
83.55554263397153,-6.80696110201584,0.2059548708199722,4.635859951583178,2.8924413581549824
83.56814761487693,-6.683123145799472,1.329467487799636,2.39697654121705,2.7596819727912196
83.6864896403746,-6.674837558986849,1.2866617731722412,-0.12989839333098194,2.615312699648962
83.39474844158377,-6.6780000400612805,7.44829079244496,3.395943873627391,2.20045810785578
83.46418459512648,-6.556506823298921,1.2319924644356146,0.5924316352890797,2.621244620076108
83.38933827506457,-6.5659592680747965,-18.099522635136633,-5.232292881777904,2.5212210147175633
83.24307075098932,-6.588398222745478,1.040681728547291,0.05509925684556167,2.8984501158638922
83.20891554073984,-6.595562171406481,-0.7162812009314706,-0.17076497885954783,2.437346690411055
83.12651785978302,-6.45209367495471,14.370966207411177,5.530748219737415,2.7801620191869136
83.27198234537501,-6.421000655863408,1.0083335610390083,-0.028137453487461765,2.7199662970331406
83.33291151306108,-6.368285281150345,1.2353540256000737,0.7217632320320284,2.499243390291548
83.33745405122302,-6.375924585269998,1.2785186955144703,-0.011750820923518078,2.5374879018518683
82.74215723147783,-6.456857034584757,2.1335918761524053,-4.814838711796626,2.184759003898481
82.97505417166452,-6.468187540687019,4.984368034324525,9.75433391626022,2.476456437218816
83.03598698913919,-6.386945961699253,7.948768047685366,-7.755131005882221,2.3357769599313243
82.8593651590816,-6.48432028779061,1.552662351556517,3.8580277772125835,2.924981388605558
82.87159195644305,-6.408072569606257,2.6098013451325377,1.7927111201402024,2.449946206807805
83.25938128939183,-6.321596716198814,6.321072791805224,-4.068197775822585,2.2397952843809215
82.73335537922041,-6.348709245816875,-14.535044597441821,-2.0952788543586354,2.906115917897435
82.90498569562627,-6.300944863070979,-0.3869571760756333,-5.222043553885784,2.8751901747076123
84.29514525131732,-6.761204180363207,1.0606897067442485,-0.0943984385806571,2.5521828945731495
84.52532841349597,-6.497565487676218,0.1487612514762599,-0.7574278415060538,2.473801295853755
84.79808711513236,-6.459058802948386,11.761671991774431,-10.696776142826355,2.9550181515963305
84.76445794565007,-6.437874338105463,10.352572954973393,-4.4404744462907155,2.2945209973714547
84.1047178723375,-6.744955360757571,1.157570878763589,0.18767586941903971,2.531660525082395
84.13779429796043,-6.741496250326388,0.47535417316702655,0.48224360800774596,2.396625639322021
84.124583869417,-6.639467713233636,0.5796486312582841,1.181391703623653,2.9304451110555556
84.18032407416179,-6.563096463835402,-1.3181317388669618,10.0980537483602,2.269776519341721
83.76797833097417,-6.651166180632108,1.2506912237479575,0.20241292394813193,2.6719318166576893
83.78146687593835,-6.560799730974409,1.7218114189430347,0.6404294158198757,2.696784925967258
83.87601951753001,-6.551003081751829,-11.068448716846053,-1.285825684806772,2.1414902362836443
83.97377429243413,-6.515189358601013,1.0472499910427444,0.4912247795912159,2.6850024135010866
84.09089951854386,-6.433953372197569,1.0851771336606548,-0.37975518398888963,2.5768891575498927
83.94140875602545,-6.433101513349508,1.7361189285358987,-0.21397727434799507,2.4872164526676683
83.90557421722485,-6.390680785405712,1.1078085170942433,0.6882170822162498,2.594091030533883
83.92851625909279,-6.362406755031597,1.1231734453224074,0.4839416405196033,2.5784584036820237
84.54258287900322,-6.424057806871543,1.309897183225237,1.1407732143832185,2.6606659412118914
84.4549081299896,-6.431133079224597,-5.932708701760031,-2.0921756334736377,2.4937968659308267
84.4062964907716,-6.436813464151152,2.006052852794085,9.052071204298949,2.2354638739687824
84.32637514848058,-6.4366310499380806,0.3281634620720779,-1.0720459647875946,2.5858987529112523
84.39402651147552,-6.3864118824980505,-8.590023144350356,37.48893603016629,2.751670853540788
84.54528227596661,-6.362230466895403,13.916690476912175,-4.529524961389572,2.2794892969736087
84.62885868280716,-6.336798591454764,16.468274832153455,-22.042230643788592,2.7805294520399753
84.51947317449735,-6.162894906723197,-1.7227474325676142,6.951367471211311,2.2940077399522107
84.23376719488482,-6.330036298855887,0.8462566355853873,-0.11748653387849924,2.5276871921210966
84.22620266290564,-6.329318469883398,2.0702510262650895,-0.3815686882596101,2.344535037793437
84.39746497705144,-6.096390165269813,-1.5967437538449776,1.5911611268363144,2.3647402823142523
85.00843346411673,-6.19700095911413,-7.680702752305498,1.828387346012194,2.824385308724002
84.72785626357954,-6.257180791041564,0.03734954624579967,-17.96248608134412,2.6945831510404625
84.71063758236245,-6.236909523395174,-1.5554204395634725,0.9589702479659091,2.3250381389917907
84.8484716312896,-6.10910372599285,1.8298361343528167,-0.6436964374636536,2.5146232817291523
85.02918738028717,-6.016022004916933,2.8729163865232463,-3.6861479677648656,2.7329340009996215
84.89784424746162,-5.950856476833881,2.045380010572047,-5.2388223950677855,2.704849870674768
84.74255281484929,-5.832204093662421,5.112769739738089,-4.258765179746647,2.736312200861119
84.72970429980352,-5.812022116776737,5.339683826051027,-16.327679526899104,2.3013082621400094
84.73604948701669,-5.739247419468983,-0.8418448066555034,12.474625341998454,2.25876288822672
85.18284216410983,-5.874189493331775,8.48403519263575,-2.349934244701699,2.600709927868811
85.24671126081367,-5.820212169089594,-1.3427539868707419,-4.213916987967023,2.9749102925227047
85.00214384940011,-5.63583301153631,-4.917980392152011,5.022675414187385,2.6018283916236733
84.82984805028129,-5.609421171509116,16.76263285586619,-6.713784593517267,2.716748723490705
83.66293029149237,-6.45591411944642,0.926112454588031,-1.5219619057538012,2.983413147231199
83.68814579744847,-6.35201400688092,1.1411699722212842,0.5619587250705034,2.6414855107539585
83.79633189639932,-6.33729555040565,1.0313456936069658,-1.1302302925733139,2.7153044479169446
83.81114642683266,-6.25205629939487,1.5370835722359348,-0.14557069228643463,2.3758893043758578
83.71624885748804,-6.29391015865088,1.1975778881413501,0.47805328390076723,2.5824482016058483
83.88121952930204,-6.238574885914881,1.4567992688217641,0.04441640422412161,2.686329982249763
83.85660628402269,-6.217938911282828,1.3843006712059074,-0.04978934879711962,2.36217332870229
83.52060668489229,-6.3963798328792425,0.3538728575568707,0.9032244780260188,2.6115406293347148
83.59400334876774,-6.341441915897848,1.367520703878407,0.500841585939467,2.653850477998217
83.71692376626044,-6.05574964500081,1.3895895651915153,0.43867019422845344,2.587864712348354
83.64371377146608,-6.075400518249219,1.194309330020589,0.851702570138859,2.7123707377422237
83.99276761742802,-6.234577580790315,1.4060406677053223,0.140799441864403,2.596961259687871
83.99504243907693,-6.212155207798553,1.256389162101062,-0.011559420672396861,2.6407699170135794
83.96679025813671,-6.1671426312080895,0.6570867614934887,-0.7040404346573113,2.6571608685593597
83.93283187487212,-6.134143543110072,0.5531455532156888,1.6089196189870796,2.315162633114042
83.99158875749559,-6.137119132048328,0.26932533972706824,0.2730489450931867,2.568095799856337
83.89495289416271,-6.083619866638706,-3.6972494575562833,-11.389458712988427,2.8278736529644855
83.81707366625227,-6.0774221671816235,1.3773534688816353,0.49780526166896544,2.6803494509852968
83.83980734133495,-6.044906532488163,1.2979574048393796,0.8020166314796635,2.5367612043420444
83.76118125097135,-6.002022626826358,1.1105180164068882,1.6807892766689057,2.61658822599261
83.77932773603918,-5.996628633765912,-0.03047157894770857,1.1693182236508555,2.519465539261005
83.77053995379165,-6.001998672519631,0.8059722966244242,1.1908456619303482,2.5820803451418253
83.68034371808955,-5.973418565669161,-26.19271138369168,0.15538615719326596,2.478080280068126
83.69805749256017,-5.965819904213258,0.4151820774689458,0.2965387132722902,2.5103009216227434
83.84144841665547,-5.851969047933479,2.9340891641177813,-1.4995711162470795,2.996338273954374
84.07587429132997,-5.831441962975592,1.4932088986874872,1.1190579561058667,2.5329363960917632
83.98426478485392,-5.731030213910204,0.0645203923669435,2.5516213987437264,2.748046248185962
84.02631148918272,-5.699061456246623,1.3771835327135133,0.7269963925501525,2.6057747542167133
83.33059494936094,-6.240410875139936,0.7975262950382364,-0.35069138856964926,2.908879807778639
83.30899181734463,-6.196904628126189,1.2722854609446785,0.48149356894881756,2.6053849901240502
83.37920014822873,-6.101555538336522,0.6659707818816883,-1.0247275288959445,2.627288240132709
83.28273527990227,-6.137510260799655,4.052887281789169,-16.289857112727166,2.064379950292637
83.24555274662168,-6.070506518491505,0.6285941211116799,0.5360006962245801,2.640491655293124
83.2905640592052,-6.089456738084284,-0.6132825599577059,1.0648727075746818,2.48373559616422
83.47740376104701,-6.035710585987641,1.1843576524734236,0.6715684552395053,2.5802501858452476
83.62270593493322,-5.968143377963667,0.7298698237436007,0.6912223081987775,2.1953086238606745
83.62464178419509,-5.95962734769071,0.9705080444601298,0.5455374499217389,2.7326095771246197
83.414451328751,-6.046300023788325,-7.216941469827105,-9.642186167154671,2.3666837476481866
83.4584610083405,-5.925802833315243,1.2179889962249961,-0.8372356369962809,2.40572944742785
83.16100074281506,-5.888415897886603,11.898521280887914,-47.77534733331846,2.627632293824781
83.26354048640084,-5.761192038295534,1.7443213399661028,-1.618622276205646,2.633800820631154
83.67446398664585,-5.9174153631308855,0.10516619792481102,1.263512410275612,2.151366896277641
83.81226845784491,-5.826330697297789,1.6549109641781807,-0.31530057220071805,2.5762614169967755
83.65704983191682,-5.717915556610664,0.4335935721567376,0.4722770830579747,2.520166389076336
83.65039600076904,-5.704229611822956,1.2189353512799237,0.6720255303528045,2.582176592365678
83.83426191677407,-5.780862765256867,2.7645555368796777,-1.3034324690010233,2.4198223888994157
83.84508604742902,-5.745270184713133,0.9481136961958494,-2.0694862896956243,2.5973906781300755
83.87888048582772,-5.718158305310451,1.4740056819581557,0.7664353165547064,2.5222808930039906
83.75557243995523,-5.687126042936421,2.1974735353660853,-0.17738255022091792,2.6407329639133255
83.81378772081476,-5.665632090240827,1.6024989630748319,-0.41787246607209116,2.5424644955367044
83.82288258173666,-5.657955281555539,0.9680324679926966,1.1669767113243688,2.58854511072467
83.78152772790762,-5.604637449734406,0.8226908586348892,-0.2674496971156385,2.745082030645574
83.84308668570286,-5.565502199441032,0.947192100152603,0.09495591971765645,2.5966448976571024
83.8551763606818,-5.555862008365089,0.8129800507774261,1.0962277248669685,2.5287219564927272
83.55630897184707,-5.594077908879275,1.2066289288019363,-1.2332003032458325,2.5089205457455677
83.65911639284288,-5.597113372070308,0.8121119926883779,0.3217169426034271,2.43199057289493
83.68268751685623,-5.593528552104804,1.3850017580328768,-0.335515391156193,2.6843806639013525
83.83147928446515,-5.533004731727268,1.8385055238907662,-0.14131133113185948,2.4119320768251207
83.81783508100555,-5.533957846228426,1.6045248994573915,0.1908183113361029,2.6405480230567897
83.76947277145739,-5.493376375520521,0.9704871305467918,0.5833012268792676,2.616692646779134
83.73168502237323,-5.4937614628335165,0.947848541388902,0.7826195321222437,2.3849143999638693
83.73383862042752,-5.482179430457909,1.2856893125770201,0.2963579833707464,2.611031955866989
83.57952682346009,-5.5531850436257155,0.21051002611993982,-1.0474517701911008,2.651914822216407
83.62291848363304,-5.534133537502294,0.8305058776170671,0.7311172031733066,2.5432996414495284
83.7148563609122,-5.420272647765097,1.913807387377866,0.49222540213105287,2.5338196815199767
83.69128499010299,-5.415516197506341,2.178958434893419,-2.317434277919003,2.461414076520436
83.67733331910186,-5.400625210594837,0.002176519566757743,-0.7871561256715588,2.933047814197349
84.46483687363289,-5.831433430355031,-2.3763271113916615,-1.9734336282831881,2.4272532891340046
84.63619244063521,-5.72833869715211,-2.623762370456633,-4.077243936550643,2.977196565172573
84.48524724109303,-5.696028716758417,1.871803605557947,-16.638262593658027,2.0277962494369586
84.171154942217,-5.750026725977982,2.051966508675255,-0.6074131390327587,2.7056183495739723
84.26866518186398,-5.7314916714809545,2.391871790512955,1.596110547071207,2.1855602488278447
84.16559869422656,-5.674069688587975,0.7522566298833081,-0.7155838081108323,2.3972637818074074
84.1431966513141,-5.68188746418024,1.7233374068371101,-0.06899809272045032,2.3987476479197682
84.37860344087146,-5.582240547161935,12.581288286938996,-18.960807118251278,2.7530892096493007
84.35839731712905,-5.56703780082342,1.6738836636371308,-0.3863610989730631,2.520286558313892
84.36252363825002,-5.517762200845688,0.7907149434403073,-1.0039266253049468,2.887109865473225
84.40836456152608,-5.487513906767084,10.117079768814545,0.7137117873889253,2.615794866261528
84.37566499311293,-5.416854340888595,-1.2611959457331146,1.6029035896235793,2.1584915858686
84.8399120528623,-5.568113978242924,3.422985448982445,-12.564803114708635,2.3027547901842165
84.55813277836799,-5.419190017267795,0.8476569165710769,-0.7083841006044992,2.802831803895111
84.61847733614375,-5.320953721590016,7.819706188370826,-5.864274168409261,2.553789056833856
84.71110198987343,-5.2094191473760425,13.010384469572697,-7.371613547174621,2.3331315159420116
84.79196606371072,-5.138188874459098,0.4346893622677773,0.8281401442668682,2.7342866730366926
83.95623782602566,-5.590657988798179,1.1380474033909336,-0.41902214163353113,2.5228795321029343
83.93164769377917,-5.536628865709073,0.8570605565121661,-0.4476427522810739,2.7115367703672986
83.95732437041264,-5.541445098306005,1.718198029786137,-0.4673416563876757,2.417213442244065
83.87834706960042,-5.510068207752429,1.216932365325388,0.749197678157876,2.41473244572312
83.96021114641741,-5.4763649180971665,2.2349360478570492,0.7218362523216859,2.4842758698011727
84.04025319173527,-5.464228863529181,11.492289635666848,-6.881597370594112,2.6361791920593345
83.72923467608182,-5.4497017143620345,2.3759227290449223,-0.5161384225214324,2.350435818048241
83.67343677365206,-5.399292015412754,1.7632671856760886,-0.46216360847297805,2.566436026909437
84.36399983410828,-5.938398154664781,2.263080689434141,-1.803599017588374,2.7352500187182067
84.5129427132325,-5.851662356102857,1.592307873854778,0.37027077023443755,2.69443201416484
84.54305570251975,-5.801807866658613,-3.687953081702079,-8.604266592190656,2.474574740168679
84.15569465679818,-5.735596859553863,0.9866879600324943,-1.2792309161501814,2.110928680446165
84.20793350222435,-5.732456500476708,6.767649456998266,16.057317679659526,2.215725825583508
84.10805231947805,-5.703054161704395,1.329880471094025,1.1499762490681649,2.002871331139031
84.21206722723531,-5.582092188086502,6.092282252596238,-12.94594916080895,2.277400960888755
84.8393689181216,-5.512078899139939,-13.161702476428298,-0.6217227942399541,2.040485042117894
84.76983667935116,-5.5110008702540565,0.49638273909629615,-0.09342938847900706,2.7540177249421975
84.00631432264669,-5.641875908788868,7.587457306482715,-16.240248616848522,2.7466079616226486
83.9398703219314,-5.473067545701721,1.213529449015861,-1.4607157608365453,2.5106463488077355
83.9776366475647,-5.452135846618569,1.2788632020873258,-0.05655946605426113,2.485459319188787
83.8590856729585,-5.505051048133295,1.7428264673053033,-0.001293737505190896,2.4373043158240364
83.86450307138826,-5.476470621750008,2.275976390615678,0.34574744228494086,2.6628960945372144
83.83763978810826,-5.469238090297127,0.5398300946372704,-2.222938511251313,2.471511554278604
83.83407329733177,-5.478281717649332,1.3983640139748976,-1.3888598067495055,2.727752406276378
83.84900275000214,-5.4678708824433295,1.7616604003010503,1.0715929336000525,2.3205893662261947
83.85192080207841,-5.442100888279463,1.519697680956329,-1.5963384590905474,2.496407817720295
83.8405623270167,-5.445670353492109,1.5706450389193072,1.7301755630936497,2.6073050276819765
83.86825431866107,-5.4176167924609,2.3960200913517546,1.3776995273162154,2.625801877674081
83.82478078732987,-5.422566849471283,1.2733693284271526,-0.7386114070793341,2.4723465210531494
83.85451131712888,-5.398263263655263,0.6607793813724601,2.109252034001183,2.5340594573967357
83.992465290723,-5.390833021562258,1.7129688485443053,0.3860763609899887,2.3338421457608454
83.89875722816915,-5.3425356506124,3.2341339651181213,0.8590095393000957,2.1706455030535072
83.79560463598217,-5.413525996515507,2.724442746447982,-0.14736210516549253,2.862221525787289
83.76922606325176,-5.411800678726358,1.6572991927092426,-1.006054949312338,2.431381009677442
83.75055278642222,-5.4211830739254445,2.9366418924719495,-2.3277157670532707,2.5880969555499918
83.71818231992543,-5.416841425999575,2.4558947752898077,0.8112942772560919,2.127724329868624
83.81434928020994,-5.395964205202515,2.871763676457185,-0.9985097031917511,2.719521227140626
83.8150716281334,-5.400855010569228,1.4127396335614992,-1.5682913353153367,2.5040263824693425
83.79472386938706,-5.395745162995736,1.9957288940152895,0.7402605184445672,2.9823814399371273
83.80250640762617,-5.395592118222918,2.435704893152813,-1.289360178318204,2.5982652208516392
83.8349995930925,-5.370452342752645,2.0154278756893813,0.49045778381478056,2.429382482204894
83.78079734877059,-5.374713666828887,1.312713425148155,-0.013868387923527202,2.5857776408899853
83.81667581563453,-5.3630596283527385,1.3158296486816332,-0.07430263747745719,2.5837505420120097
83.80322768536409,-5.343022216047679,2.4394313097921967,0.7446096094034524,2.8096611075707765
83.71128897521712,-5.400343918777863,2.470043789613346,0.3239256698729062,2.5474762500384807
83.75834788829194,-5.348653281583013,0.08773140429131727,-1.4017881417977676,2.9977014486951354
83.76734627164332,-5.337719908571015,0.07705978545693361,-1.2785855679044575,2.541024572299323
83.85043910900863,-5.35908553416657,1.7483552282573955,-0.14898998919740508,2.219518785003073
83.8271651273174,-5.3452000359723195,-0.1983373016472093,2.0668291651623876,2.4490034677752126
83.83355293570519,-5.351646543808659,0.1306397846006125,2.019683044746338,2.210313042253559
83.81695560689866,-5.343398757327548,2.143385554444934,3.833862945858762,2.8809290357084016
83.80662661716158,-5.342044424363138,1.013106721275703,1.1895819785674149,2.281489621610609
83.90278089868673,-5.314161267400417,1.2009440853288031,0.37425090066924477,2.1997490033273355
83.86477508560706,-5.305355439569273,0.6615831955490888,1.1858648467502177,2.2702522681892336
83.8061261549043,-5.286181216877301,1.1367213001441752,-0.20804678487456632,2.4914874069088278
83.85203935193692,-5.283275881777118,1.9933802043176088,1.8284292836903668,2.5273150056589664
83.83071845490284,-5.288681133746733,1.2916610792734744,-0.351844882437519,2.3616430666341692
83.84156903299743,-5.284690368960643,0.6895561401321412,0.7256457355346506,2.3340464818794535
83.83507395197186,-5.287332608032359,1.1150841716182225,-1.4603714624282869,2.3294478482616516
83.8776554088058,-5.254502753879767,0.7253190232993822,-0.591136188624741,2.638911949685051
83.90004451120923,-5.207033881123959,1.7015299618952793,-1.482272547648133,2.4783861728556067
83.88408112933648,-5.199446544681183,1.8495159708494713,-1.6934115610841127,2.470849309074018
84.06132762691722,-5.187133065355378,3.809911826785247,-5.823327569203052,2.0877457966025554
84.02287254672932,-5.132985254981542,0.4519195458591212,1.2176066651091906,2.67887037459208
84.01807427864561,-5.1210740601240055,1.1535697823384776,-13.872431151170023,2.5257552422831626
84.49195015572717,-5.239182619622392,1.4856261941290514,1.2335962966148082,2.0086179639057433
84.21258224060422,-5.239653819074441,1.7061342026285438,1.0973909916411078,2.407357740005758
84.27693631001259,-5.166189737876406,-4.202373261015418,-2.1889202927348057,2.6598591376976746
84.30718711062337,-5.156816342337182,1.0460131676569109,-3.84664080411285,2.291370852926271
84.53589675346377,-5.159237828077582,0.47567332429544523,-2.8010130316951427,2.031777811519698
84.48128773760881,-5.145711711038465,1.0752851057142987,-1.8672075994257575,2.1313787695651594
84.48439030079251,-5.0510110884877815,0.4481938113123815,0.2691444803970277,2.0263972921458047
84.53029566819333,-5.0217439147951595,1.130433137003087,-1.146828895682531,2.758356249689115
84.18630913077921,-5.168911994929844,10.943087353887842,31.409110385909816,2.617001846166338
84.42187819376954,-5.002271967777285,-1.6289021165976432,1.3441593328414552,2.4033084927732107
84.32159957952307,-4.990613745153352,0.7823086364941765,-0.01470297326409312,2.878556381991825
84.47441565323068,-4.888637667341265,1.1569820537094642,0.46397831656117544,2.663708765427235
85.02100991482735,-5.176610134533763,-2.8016895240885815,-5.258321138012575,2.6463869752847415
84.94205674928291,-5.08766996143277,13.443893958443018,5.470878214186378,2.8172192044221926
84.95337492049492,-5.051782056145709,0.2686735478942985,-0.023192708905325977,2.433164631504554
84.91494239281941,-4.991284726808156,0.6033154992059283,0.3234950420300886,2.049700885473692
85.0990276276094,-5.0246696314436585,-1.754465741617404,-15.130039145041987,2.1176098021606395
84.72228695376259,-4.893318519393055,13.747178617629045,-0.1399984433823604,2.4750099206598786
84.72895235202218,-4.784633978639884,-2.393752213879428,-3.015890072884531,2.0453442765058703
84.92269595893546,-4.737630609822002,0.9175025773960622,0.1441428128569247,2.5356578636809632
84.56947145270992,-4.904154813321703,-1.5115129219942067,-1.0595318453596614,2.0742615140194456
84.68014953066661,-4.692038776570751,-0.9330305162697334,-3.7055339191523613,2.633080915270418
84.66452019764172,-4.595047412261071,12.577310734067007,15.815156601337021,2.186143026482328
84.65533150766325,-4.550440603149528,1.4911665245684331,0.3058378524535192,2.6332105016155456
85.07937022997348,-4.61515729198714,2.022346460089692,2.3043464402796694,2.5921306431003344
84.95694295916286,-4.4425222312953325,8.918021510791835,-5.822601475012384,2.910522694168263
84.87683211118687,-4.4348740638294935,1.1384665396120652,-0.9868756483351182,2.7880645848487835
84.85457738409929,-4.439619900666511,-3.1105127815550944,13.925595288851166,2.271331825037919
82.70125197154283,-6.131949337284785,0.9606313125631011,-0.19401720553558005,2.455925800661362
82.63228738102002,-6.099352381549023,23.713431699716036,-12.797997834035563,2.273636970275102
82.68984501349996,-5.920979599264845,3.7223729201285964,-3.4363010770349884,2.0504108416021185
82.53141248199074,-5.606727377326571,1.1805600935771667,-35.67079369268517,2.8316548836622557
82.45103729968359,-5.580890486180937,2.1472627611916284,-12.411004176444179,2.1061392498222036
83.23821658183574,-5.672307581042124,0.2841540049676576,-0.1860671778932195,2.8895734064244465
82.90980586940225,-5.707056933085383,-2.7189837051507064,-6.325428754529251,2.9439637457692323
83.05864221968275,-5.488544959095261,-3.5698308703507,-4.930893749775286,2.5839723703041058
83.17707002126605,-5.516191641707849,6.456903787228974,-1.2675273209149354,2.622819221732387
83.52972208247793,-5.374168967926414,1.2732132587948979,-1.5165402752120547,2.945120565903718
83.45494210015924,-5.383969412270516,0.9053080442955214,0.05544880731974908,2.594378474409287
83.41600815907151,-5.331816266041223,1.421726595030665,0.21120103527078615,2.693471215121434
83.18561145362979,-5.404195377564338,1.3293662042160181,0.0691106685550887,2.5428628507063125
83.13626322896882,-5.250040464376967,7.062973948584628,-15.791208915485434,2.548500415337576
82.70866811932169,-5.596271926821305,12.60077390572287,-18.410837352639888,2.1322083031009553
82.54578706864677,-5.570344977074776,-13.982976654430598,-19.466559609483422,2.3412792003826377
82.52232195429906,-5.549746632296528,7.277957066276275,-10.607938575323363,2.2562000488118117
82.55564000224251,-5.3374350470506915,-0.2234992744831817,9.167235861103702,2.5837321983511323
82.51294065352035,-5.29542658316159,13.102407815256548,-6.348072687870197,2.2792148444838336
83.00353513441586,-5.201956712565124,1.629923232778215,-1.5156204660488382,2.5858496379782996
83.07859696823117,-5.0907314467816,0.9316443869420449,-0.06301393306094163,2.8642874728361147
82.8295641706986,-4.997006246813627,-5.981886895643254,-15.36484157406735,2.5296982360575764
83.7143194559819,-5.224850665204054,0.7563730752592184,0.3483492462478713,2.6555818674046057
83.78138448450174,-5.187340249608183,1.741820284995432,0.132540613991864,2.49126609289204
83.52388125227952,-5.22781049841635,-12.813323240220967,-27.651113027297402,2.5599572944411038
83.66665841619465,-5.168638676046996,2.269679972167519,-1.1829223382223026,2.520797208069884
83.74250725955689,-5.1576691129483185,1.603143773516288,-1.4397527112718818,2.5166178217424564
83.9109477314631,-5.165729386380248,0.809032971429815,0.5710233808797635,2.270003046482969
83.85642054605275,-5.132461228253263,1.2699826083361154,-0.1196090550986526,2.7767411841626384
83.81847423576299,-4.9686242330612895,-0.03456599632137431,-1.1454666681706893,2.5371849749286097
83.47848452413758,-5.14194955585996,1.0102804443549807,0.7725312698147829,2.5952178782817628
83.59206500912312,-5.026270373011229,1.7342890358798022,-0.05785668869166563,2.540260594569738
83.80993639453185,-4.92286097755682,1.705501416918432,0.2806759707713169,2.5305858284561364
83.724471000771,-4.939515862425242,1.3510829033207767,-1.5039612172180912,2.5670994724016927
83.53185115507026,-4.960319866072242,-0.17951403230161647,-1.489248955921111,2.6082443417601935
83.60527894883477,-4.911022795156325,0.5054812534381798,2.8453768030035653,2.655826209648742
84.02138129043493,-5.053295158283729,30.72812910469594,26.238558956351856,2.8322770996206965
84.08114261888421,-4.994017791604694,-3.8602886336722055,-15.222478244903638,2.9471088102880714
83.99842191487811,-5.024681044897882,9.540630449016833,8.624652617926309,2.032902421552589
84.11626552916718,-4.968569652671925,0.7937367538941964,-1.4203191874651,2.889518800391851
84.13895844057656,-4.9220402639115415,0.9786970655658953,0.9411037754137939,2.6197692713775567
83.92998364699467,-4.973189551550854,1.2202825617507589,0.9878311084632887,2.386560814543148
83.91873378079922,-4.873938977249498,1.3366668135409299,-1.121799273661025,2.655608972143165
84.18646050342424,-4.879313780362252,1.106109237679095,0.39479968597889825,2.1146525323268297
84.26813501333714,-4.746141541292181,1.497914529009716,0.4129777059391106,2.6185047986136425
83.82961197328383,-4.902155532134172,1.0122128898662217,0.16908731504384272,2.5477517630746513
83.8534396284867,-4.866968805082962,1.9423055848776292,0.09957272188943872,2.567567467825549
83.87723481670662,-4.858083969907418,1.4023063724943592,-1.4597743520340432,2.566784040957246
83.85631448159693,-4.855742016426885,0.41678543054551315,-1.241433409852197,2.630788468283305
83.83002707723514,-4.814280562389175,0.8315524429827749,-1.597611951342687,2.6934148900352786
83.83926184967343,-4.790417003427995,0.11676218055204778,-1.5429603268723855,2.515102965391791
83.92503729584091,-4.820737337119909,-37.28656822175791,-8.204430761499992,2.958469328972008
83.91983557320249,-4.808498268938324,0.7459051353832314,0.039058586228577635,2.6614460504453
83.93427373652192,-4.8017586198437465,6.843889335825123,-2.554891430673772,2.2571456680242865
83.9753311734003,-4.79513331447745,1.2343320733110612,0.953097789076707,2.578949987174984
83.88996579686594,-4.792474793825568,0.8210089063014312,-1.1582933792405172,2.6184776206366114
83.77007830846604,-4.785841016299783,1.1539505742342697,-0.8528583915075107,2.4563993925291605
83.7699525904772,-4.731840072946669,0.9706724348847934,0.1130754938677796,2.7551950722241547
83.86754852536114,-4.731103658658162,1.2157163418290646,-0.434099879824702,2.1169166317011063
83.89364402684598,-4.672435093076669,1.10535329851384,-0.2605480280823953,2.5962788467132767
83.84306533488775,-4.702127191090186,1.4468294421916237,-0.45052228980366105,2.469642510233274
83.95980206112496,-4.702278207674367,1.2133257467991139,-0.6221995704105283,2.537008016027106
84.09871441793497,-4.604778436924034,1.1541112650374963,0.5617335422136582,2.614375861065947
83.72475902725068,-5.463629147260371,0.8019784499130044,1.1325022512259093,2.338232680865394
83.71985488308498,-5.46471814472878,2.0528729175187013,-2.0551387594209376,2.16785992374498
83.61756475995321,-5.4443567401242765,0.2531229170697136,-1.3849453454562655,2.641446387148922
83.67377550597257,-5.448040619690884,0.28970501243427604,-0.8172350362867696,2.2777335558774117
83.65509624652327,-5.419524949800154,-2.580058377893363,1.996042409862716,2.054281475818235
83.65924159708801,-5.406569068623185,1.2462918746479401,1.23800133562011,2.4722695998190747
84.44394120937417,-5.848833765257075,-2.759098582943989,-3.9136921101967315,2.148738550822771
84.28225955217945,-5.881857548548315,1.1635471433245135,-0.5786288999482427,2.5258595652832145
84.26269754712845,-5.865581627667933,1.0526419718571873,0.4766959797068834,2.608396261826647
84.38859525065303,-5.7516863106105705,-1.2479053037942869,-5.333224476803064,2.048499930248439
84.59434503639717,-5.721853439535089,-0.9812652350728479,0.18095621928743744,2.3521478303440793
84.38034652917861,-5.676022767034997,4.484457932793384,-3.550161616013665,2.4241393683333987
84.50404111497109,-5.57965301022454,6.280683069253031,8.136737739453666,2.0657294420286076
84.20105131345994,-5.712547539553869,0.020840604424558682,-1.2888063122560942,2.5663203326526953
84.20065755165271,-5.681360946474924,1.4754228342769211,-0.3750751641795555,2.6548878025868117
84.1513619596036,-5.609479025183873,1.4157203532671048,-0.5556330150935133,2.617282635798924
84.3329781782454,-5.538913509795494,3.1644549885922775,-3.628084098338413,2.292337695332713
84.24404164807814,-5.5396150267595,1.280925118785959,-0.09716090304781767,2.8921811536221402
84.37225112192824,-5.395627727566451,3.1711324986377694,-2.142778934847991,2.448467787380373
84.7172473594013,-5.5680995332751335,-0.5252932296032707,1.628482756390482,2.9333058119768785
84.8196812857933,-5.5644864198275865,-1.6600782959873426,-6.504766163385609,2.852935995839715
84.62975688477692,-5.516887889669875,37.79502370644917,32.4028157891745,2.232124914143072
85.01362026268076,-5.359309661704398,-1.6597854236434881,1.5340087985765691,2.3650904970532283
84.50964368692809,-5.485136317058297,2.0152463010969837,-0.056922173625538,2.608341568157526
84.54571938976673,-5.442319878122398,4.60325037971717,-11.903124659372342,2.612898607546928
84.77628623218682,-5.231314009481695,-2.998518482921826,2.8830906620488865,2.5845626816629372
84.78257525351542,-5.214738795665263,10.469630297799467,-11.761370649131953,2.181714972011212
83.97538104679812,-5.628635406238237,3.1845404426180366,0.8065653083030658,2.5309033249443464
84.14433968648632,-5.537282487438867,1.770861214954305,0.06260133101324956,2.519924165174919
84.05583859190682,-5.46895452885125,2.2938444551917776,-1.3748454252846674,2.3183197817754517
84.0875160043715,-5.459489944945884,0.45250812974445515,-0.7531354664106402,2.3011963985147132
84.03862842733903,-5.403639751030701,1.1058561047058098,0.22650332142602292,2.693859613978641
84.15839023282182,-5.382771542256323,2.581180631108431,-1.3998715980632814,2.0793645774288296
84.20661010759864,-5.3629880115294215,1.000203718996313,0.8587731318361007,2.4850585154213363
84.19868521221888,-5.347553165965126,-0.7826289384703028,1.4482669997252071,2.1091001272177987
83.89005474049195,-5.480764378949394,0.20362140056088493,-0.3171488995084779,2.4737287757330177
83.87703894101226,-5.475183885906444,0.2516473827016006,-0.10410565026047049,2.4918013541922486
83.80638570260575,-5.457958768465649,1.8185979873243232,0.7032668819965887,2.62572979797272
83.77455708612534,-5.452510280906499,1.6495039919832748,-1.1638810928325845,2.487865537700487
83.78010057524935,-5.444032838257372,-1.3188691766219791,-1.7616509561858578,2.406405239231745
83.83818087828905,-5.432509870109636,2.8525055891534885,-0.03165018202273892,2.411296723959468
83.87326066565748,-5.415809060695754,1.03809596169653,1.2669343578509054,2.4474568269856904
83.75671885145927,-5.40282260965208,3.1143855251269574,0.5562686596053921,2.589106778647766
83.81824448037594,-5.4009302529437315,2.7732564947478506,-0.2523354556951776,2.4697160267802087
83.79070603995082,-5.390802806273371,1.1995351308232325,0.5233197661902335,2.546849278783209
83.82794194334251,-5.38244858229181,1.015517576614403,1.9719358461262828,2.4702426044569368
83.81331613115422,-5.38176207968437,2.1392064008652727,-0.037126320023669106,2.4410755967006037
83.80427775474817,-5.366919232762264,0.8330746046940084,-0.6234443643162872,2.793515205486087
83.80750023691803,-5.368619003158492,0.1414336654651564,-0.3544525090758443,2.4839067837588273
83.70050852746607,-5.377357767898321,1.4810418722131216,1.9493102149144401,2.0574772487365562
83.80433856736188,-5.341724901452801,0.10590570382257723,1.6524050453418702,2.420310875242121
83.88152237286917,-5.276913076158978,2.018833503822606,1.5412509489847022,2.517796580429299
83.8078902543255,-5.314763543949738,-0.8725833617243386,1.1219772094741687,2.5263716384730213
83.82726469978422,-5.305715372767797,1.1686978282379523,0.4560589090697707,2.3482972659871226
83.81531620110817,-5.296442346028213,0.7954527842375277,-0.14923319828620366,2.667978384364496
83.82837019297581,-5.291414745826383,0.4264352670478305,0.43646464462769174,2.358538028978306
83.81436945947222,-5.294165169701619,3.665575742105629,-0.297663771987827,2.388757588019172
83.79196526538941,-5.285208225356277,3.404862174887592,-0.7661799713353585,2.9614399788031007
83.79673824504515,-5.2891272463565455,2.408944836222564,-0.25241945773363705,2.483312008903366
83.88714874847099,-5.268110445377762,0.36297111129540455,0.49151209575869376,2.425742113486177
83.84445878214014,-5.2523709909022385,0.8069310372709906,-2.2232256253121414,2.49727520914038
84.09779329030738,-5.239235040890675,2.839112998746633,-11.69734414737491,2.563488696992875
83.93782159284545,-5.232120849324257,3.1685522112912423,-2.393443568521435,2.6867521811245023
83.88187885865533,-5.25651661672017,1.4406132367699058,1.1896565296244486,2.701570055481054
83.91983706092482,-5.213322783659208,0.5493392342394915,-1.2164564319647353,2.217015174381244
83.9587257793042,-5.174851167882677,1.1504646983797018,-0.4772390441996862,2.5389431223714807
83.93249226991492,-5.166348102943158,1.0763056044896169,-0.40106850770135166,2.4114704956372903
84.3399102070906,-5.333852446675185,-1.6070887519823307,0.28353728853412463,2.8915536969154494
84.25996265535642,-5.246886063058801,1.3203412410999846,-38.385948482797076,2.4141678662970825
84.41295523159513,-5.14443058501155,8.407706846299337,2.5422525731897028,2.5151093269925484
84.1834040331674,-5.1063069127476854,0.656587944129781,0.21692232082443372,2.639754534088157
84.09564255925181,-5.110691388517268,3.1775757762341503,15.20404547555965,2.2796174194019114
84.09069270305325,-5.098010339347193,2.5365615793819116,-0.2463922785930091,2.5108051266597187
84.26417404712853,-5.022004235402298,12.976947141702452,-19.638999148239137,2.2355696580807787
84.41652430222187,-4.972434982393918,42.64907675810074,-26.816894198314237,2.7424823082896164
84.38177621455742,-4.938942964172055,-0.38843033060264315,3.4452307684098797,2.703529941053443
84.40314246049947,-4.93412543557322,-0.25143750553454164,3.1445304428355585,2.667532071945096
85.20833179096371,-5.331927164165428,-5.673399282070129,-18.89772253764326,2.4730309963132124
85.00464614003997,-5.171962164028913,-1.1471643573300907,-0.6225227742692615,2.979002508422294
85.25552092703057,-5.042840152215895,29.894192701462128,-10.039699840846115,2.3729462351771096
84.77136951329689,-5.072217439642154,4.922266279532198,-2.685026339821267,2.3218878099118787
84.66512476706986,-5.023366562057554,0.9924923473958516,5.447617838078108,2.6971010023474316
84.65588654948644,-4.849006969965935,8.548441748383683,5.4857805030026,2.41436986746031
84.91831928296624,-4.793711017446481,-20.907915463349216,23.05719452980664,2.9984268378118224
84.64978037157012,-4.725601030431218,9.417387004637224,-10.831972246294633,2.6177161976396337
84.75454263896543,-4.713600100035151,-12.447697286230255,-17.72303770034119,2.300190823170867
84.8636045061312,-4.613220442879563,12.914157348259875,2.3731066830178715,2.2213270054509464
84.81687964186429,-4.58722907679474,19.497274810763333,15.690903500287174,2.8994851797000147
84.63956994987475,-4.699090240352387,16.630427762034582,9.629510167431913,2.1743278128569363
84.63022204065564,-4.658841310692845,1.0462126841252715,-5.669826101160344,2.578590421599419
84.67032153422346,-4.532619333920335,-1.0314499130513577,0.9519075431913232,2.8139501435990426
82.86256797825152,-6.067898309393941,0.7539269401588843,-3.5434511129458786,2.519869252047857
82.67406673591648,-6.013412685779893,17.118603163396354,9.428425983804814,2.871959817743758
82.43930567531,-5.87491351418349,-9.051472762057891,-2.4357684903218884,2.8815661383243842
82.50197219834956,-5.7881005762185795,3.099723685223765,-0.11085076087235901,2.0074029873306753
82.50745242408097,-5.6354352196863795,4.846272669525629,-23.764748830061283,2.037157378487283
82.33753441724826,-5.697320622202941,-7.100986969607038,-9.357775285721102,2.828920893212267
82.3913262032418,-5.689726564038021,-12.455329642576258,-0.09899055718117432,2.010528453293461
82.8289474950281,-5.757935842187199,1.933218405967192,-3.395162729070444,2.086010615978167
82.82668965994344,-5.703770985527742,-0.49583185591079987,-1.8010232885916768,2.436415255172878
82.84059414117725,-5.572166739462058,-7.481478108081767,-30.970147554934,2.3443203847165455
83.55371949113588,-5.480055728882146,0.4807704493179611,-0.12398176950680533,2.611806227815272
83.59334270994691,-5.374134483879463,0.65178214746779,1.625322480638676,2.533565352210568
83.0489507989274,-5.405091605516671,5.538261717525516,-11.25236858898493,2.9815337130180506
83.34693974317531,-5.331746573222634,5.576352865207381,-0.8439692602429616,2.652043070082742
83.22473967950131,-5.198540693365625,4.016911903066571,-2.4472947692694573,2.9955108621699456
83.23113148715386,-5.176338758050913,0.6384924080695398,-15.20875596490482,2.0626567621771623
83.29509659033266,-5.199739430612315,0.831883838518313,0.15490339376819684,2.907784388208477
82.66140624654294,-5.454739123906186,-1.9416695998545017,0.07895896445492925,2.5025585947582236
82.66002801915292,-5.428799852214009,0.6626410945991444,-1.4032059299328492,2.421896925910202
82.81297841715114,-5.383074190570007,5.5681467245881535,-1.052291652932906,2.108628932106375
82.43553245828825,-5.435359359590711,-2.0124339484350595,1.004051484499067,2.759852137668528
82.42684864312271,-5.391764073203951,8.826969654790641,20.90331426299295,2.0945911247768936
82.451522966768,-5.336782445691371,-0.2845897892825027,-0.633488407613718,2.836331788369143
82.43960449402772,-5.248831597430563,0.23886905858256074,-4.517221733404659,2.061325359276262
82.61711168322411,-5.268330400997091,1.8346563841688548,-6.35597346997104,2.187616337671281
82.59607569761971,-5.265548590670648,-15.501825038993005,-20.933290559235743,2.2864523978472815
82.50798084546302,-5.267057322048866,-9.870889483210012,-41.92414851855724,2.9222817011451796
82.66059576111205,-5.17209596812478,5.699897806690572,-6.759844420088105,2.076532805889218
82.57339225503176,-5.186421339924368,-8.001598322709016,15.94862789170763,2.5057589777904594
82.62045658316988,-5.127686994683784,20.424718600201775,-11.26499348687382,2.545062498011544
83.06557591638258,-5.083110384262436,2.095095470915823,2.5775371145429635,2.7136696726559886
82.89201041998736,-5.079320068073867,11.875803843764205,-15.144781567646904,2.0207162066822772
83.02589238472635,-4.936084403602329,0.6767083913259101,0.2953298219630099,2.587605262258495
83.02333828638652,-4.9356510802627795,0.6373389110336091,0.3197358512658903,2.5044346959396964
83.70890939103613,-5.333311824490468,1.4363444849445413,0.5314946195866238,2.524448702635928
83.74180695338512,-5.293813215799628,0.4432333825205488,-0.056071839266419336,2.6497594232206683
83.82241844534,-5.208199310706507,0.7707463416251322,-0.06583278923799513,2.6499937804127676
83.71776843554977,-5.200888339870347,1.2689371694778886,1.0746384139704672,2.5717340366996075
83.73595712196261,-5.186807873675651,2.5391872438123606,-0.32157952464707185,2.515172849899498
83.71043553763452,-5.186264458257047,0.7568607740178643,1.4445512134231584,2.601747634417103
83.68742809838913,-5.113765267097957,1.740331420218839,-1.0778619847318507,2.58194566795728
83.90302120081604,-5.166785484970177,1.3974735391067423,-0.20189842017855944,2.6259405098386
83.85954125490728,-5.144452501723556,-0.08411423932477972,1.2024512862798233,2.5206695935749104
83.86582039492941,-5.131842866739643,2.1175039562216824,-0.5494392696270762,2.529686517842539
83.70510309138552,-5.077237901545582,0.2025574205569784,-0.017961669203360613,2.5770139654215893
83.69979383733828,-5.081884678926175,1.7132299455254545,-0.8755518322640711,2.4561721792029183
83.90193281459045,-5.02087384459293,0.5906759059289192,1.3865510710623548,2.485782603663842
83.81359964239056,-5.009295415959221,2.02564159320678,-1.8213741440762135,2.5365477028832037
83.45123470320996,-5.1537715981669106,-2.2852017976628582,-12.229111544405605,2.6057361790457905
83.48559747817148,-5.113221137797103,0.9952338916512963,0.04215495782104679,2.5841257668362863
83.73561246555357,-5.018676318304097,2.295545421154443,-0.943736751163555,2.510165893655551
83.76249665602842,-4.951118298153256,0.9949901528443045,1.4387160178122118,2.499021957345695
83.76393611293432,-4.945277622773306,0.9615687123828348,1.4806259978397518,2.535588866134419
83.68467898565879,-4.883536278226768,0.20595661126490233,-0.8861915051885623,2.9994586391307028
83.71758196237877,-4.85075023404332,2.175824768514807,-0.7996232208974927,2.9846514035426233
83.66602448116936,-4.791092168271667,0.8091485007035188,-0.4590058748185522,2.54172136243921
84.01734330657528,-5.069139285934365,0.6333782496570524,0.3679734576172229,2.541553312546574
84.07914243522359,-4.897357520756851,1.34263533063814,0.9956826696074819,2.5804693431224504
83.93757627841693,-4.934159751100903,2.369298767353131,0.5391155459376742,2.3713908363124756
83.40047583911755,-6.787722643584343,1.1715104917799912,0.2872485300659981,2.595614499833239
83.37494347818532,-6.764977034292913,0.6889096370597364,2.840119606589469,2.632329580099955
83.31272047845033,-6.594748598000078,7.921413172192661,17.933506012296156,2.692141770740683
83.49812326338146,-6.631801618616083,-12.029858729565882,-26.924805491739594,2.4121629161994007
83.4932921475582,-6.604636640558895,1.077174069831494,0.47228742267919027,2.6164388480394343
83.21269783723261,-6.646502695207775,1.373425160073765,0.2366351406467066,2.604996911659932
83.20816938290703,-6.589871226192538,2.4983031174054227,-0.36361541367491773,2.7154092728986807
83.19630343190951,-6.5588139478119905,-2.1857520989043953,0.9053897738310757,2.544738705542705
83.07717320178797,-6.567658808432327,0.48661970920691805,-0.4694507223724956,2.6717031767806043
83.42056747804374,-6.4400823769765045,-0.5025053362731015,3.2911328283884895,2.6380491822187913
82.67135569723925,-6.334743619505867,10.63060258421668,1.029839374864609,2.391413475183823
82.88434959444574,-6.483366302107734,-4.724788000226211,-3.5264528031155575,2.244986283601965
82.90796150582352,-6.386368052095742,12.26047812681991,-2.949118544745563,2.0341144256726595
82.75751432889369,-6.370246046710519,-1.666493214382574,-5.022470297446187,2.952177255339464
83.0482887643406,-6.089513641653827,1.5065056088767192,0.4068818664619779,2.647666772814676
84.46182069251006,-6.722089764583184,2.003101124946061,-0.18865690609942506,2.838370633526232
83.95243451360722,-6.816482832509788,-1.4333777834368857,-4.078219975116676,2.023692939135894
84.22193218272116,-6.583419343371445,0.47392450725993457,0.9425297022162846,2.803704679010901
84.1723709303383,-6.566876095419464,-0.06629188892009366,-0.1953615326953607,2.4305475463438166
84.06356383530574,-6.6045841047053795,0.5555966355078893,0.5829360360605434,2.6817900419442324
84.0453027300742,-6.563189364402992,1.019271544213987,0.6722907979139318,2.3826876705857942
84.12702112749324,-6.501899227276216,1.2891176668046904,0.11658338787648313,2.5200521991960403
83.82420583493924,-6.528980118750661,0.39450027114485525,0.5941609970882018,2.386737496304284
84.11620221817292,-6.426643289729479,1.0315715176776965,0.365515944828596,2.6196392136722215
84.35990551915158,-6.446654692866231,0.92642691149208,0.6081673499736308,2.679053246641521
84.51096514235626,-6.3696558310793,1.302270515022747,-19.663856717631756,2.953219745822787
84.52268843331196,-6.365288557331132,-0.22625251571407332,0.7332100044769185,2.194741901294952
84.54861838316488,-6.336385135298798,4.218541600814146,-11.341388323172641,2.6223439179772288
84.58630433029914,-6.166958956853095,0.13872561360481586,-0.2901017320921654,2.5181902115772776
84.10333479819896,-6.291824642281453,1.4935441807303518,1.0614183227677512,2.732477058405299
84.15229678553858,-6.24032225254082,1.3941884339633248,0.5678921225301449,2.625632979042383
84.18229521961823,-6.2577963992095995,1.600060299879223,-0.11587474020186074,2.4979886917830454
84.42462574694547,-6.178608979193187,-3.1022067464152907,5.4620580087365935,2.2745638489119213
84.45790280939117,-6.1720494995476844,1.1783525134291457,0.2561603989030797,2.5856801745556384
84.45150360239687,-6.157397141163589,2.5042981117280108,5.262792338800239,2.761407013193552
84.97361827980536,-6.311816672937619,16.10490933472688,-13.617931234967578,2.322135472628221
84.83918461424905,-6.216907400036768,4.61077514275244,-7.76281792920715,2.275393186038872
84.84724751114604,-6.2054066113272714,14.725226966455955,5.785629034073828,2.0453360298737713
84.96710542845999,-5.983842472223035,-2.0135248454078996,5.617067221468984,2.0917014591009324
84.98319561403773,-5.936039468826644,0.35191274643039144,-2.7668382579697766,2.0726800492106823
84.53339440134594,-6.027553666858265,4.498377643901495,0.3966211326143012,2.9522451729579178
84.6343125971988,-5.931112957242661,-4.508455690599085,-11.494494065793262,2.3329083531744117
84.72565149313323,-5.960538426086783,-0.013335149896511828,7.321459141946935,2.401849445158515
84.65537569708279,-5.798691048145542,14.990246150477452,-21.117091892518438,2.223063526245621
84.68172102627246,-5.739956360602508,3.95819879791964,1.4154313191221024,2.078746534158597
84.9654792691075,-5.827061873216355,-1.7089961094989012,1.4214051835563148,2.274711752795058
84.86090251409912,-5.620305618300165,0.7584357750332352,1.9019014333535975,2.594912809821244
83.70666024825545,-6.549830951625532,1.2729147376821959,0.5709788097922623,2.8586484980503037
83.70315519497119,-6.517619775517243,1.0238281255725539,0.5540263933074158,2.6359312490692397
83.7714341982379,-6.471809708266818,1.3759503001989934,0.02304981871126899,2.7145627302395097
83.70959630431477,-6.44678215279821,1.0219647612307055,0.22345766389744903,2.5868185537724293
83.66201072975663,-6.422500383227287,0.49010641853558806,1.0640605331090807,2.581519440541451
83.61179557149117,-6.440507820505355,1.2668275373504203,0.49317698004978167,2.652106014085381
83.61906417440095,-6.354901726221305,0.8792398535491377,1.1225120676343483,2.5132033095043025
83.8924162104747,-6.382722906106787,1.3837916263703003,-1.425960492562239,2.748589840740505
83.96386244010355,-6.231488172830471,0.6327321201329845,0.06170916731445839,2.5562433057259057
83.71931094100596,-6.279774350264231,1.3037405571536644,0.5520416543466404,2.5351357257624763
83.5410107574262,-6.3894485326368935,1.1552655717867022,-0.4489886710879243,2.944520848291559
83.47749053542441,-6.3552100004903505,1.1721214119148247,0.27614092179719274,2.662903990293398
83.59787931327746,-6.227180159620548,-2.5147382601211588,-3.594454826188017,2.8160310762004728
83.33622964603612,-6.267859561434971,0.9462417620891292,-5.1947948084678774,2.107516047050906
83.68064738331921,-6.212066986362527,1.944278426991008,-2.0397957011751497,2.627517146018516
83.70865624896649,-6.113776117953154,1.8274211353842202,0.17939028550968958,2.4303452069395712
84.1150819719707,-6.083859149500516,1.4239660860314818,-9.569035501840117,2.3608885909573636
83.8932911383289,-6.0952164002772085,0.23832277778590716,0.3390056980962349,2.550261902382515
84.00291048850359,-6.0708574670553705,-1.2536509430309883,-1.2336081346394048,2.9162861321376248
84.13746853127206,-6.041628657070943,1.0881368488914762,0.38132874647958687,2.6958326553455554
84.1856949921363,-6.0358675887685616,1.3282318896239604,0.6048984191074017,2.603555328878881
84.31172797081749,-6.028275797769321,1.328446041037487,-0.33221469986302266,2.5162940580169644
84.32215023312797,-5.9780052870425235,0.20034626751707446,-0.7656275121175043,2.542829788880786
84.28551445974017,-5.957529745467094,7.383791434116992,7.91523145439095,2.746984954520059
84.20513656485439,-5.9368944144547156,-1.8831385730592345,1.2379009306745326,2.4852106220407446
83.83736276185125,-6.066815006631092,1.3051790844271811,0.34316650557865397,2.6227550833893396
83.87570562300638,-6.050750835404371,1.1907868439674165,0.7231152940635838,2.630173207573451
83.8700162932373,-6.049639009634516,1.0601456438827879,0.6219369544297384,2.7659753226703643
83.86802158059055,-5.987032655741157,1.5477996335906026,0.7487365906962472,2.581329659273862
83.93257010712405,-5.94793279340633,1.1812342209573048,-0.3056985324083144,2.8520814724224097
83.94464790220844,-5.90978649807894,-0.6284549225627178,-0.6868926625675296,2.5376498371598126
83.8740928570116,-5.8131163332955715,1.0325829393644081,0.5762190205932401,2.752386215664714
83.4004200493315,-6.181237863971039,1.536078570265006,0.11087610558054464,2.367078302491069
83.36616855230814,-6.15614963108622,43.60369395497277,-11.168390318660357,2.3625515214738266
83.47562932238729,-6.11038739553089,0.22917336077007075,-0.2358335449133471,2.8834756932338554
83.49251956209908,-5.932301244953681,1.5134804442785565,0.29614757242845685,2.6555511328014343
83.23613634218141,-5.937216906109623,16.200783048426,-0.7174796792837282,2.4389729633570143
83.67820308631511,-5.96665003893159,22.37150561628604,-14.03768223432509,2.1480337101274936
83.66213500428279,-5.964876567378133,1.102451470706812,-0.07437418574950574,2.7257236810265577
83.74307844949773,-5.90803461465924,0.2229973840000878,0.9842863508970263,2.5262291079800394
83.6896054999967,-5.905688308635578,1.7317584236303487,-1.189517221239854,2.6813068063341032
83.69566206493818,-5.87237047404542,1.4242886277934037,0.5139359596627979,2.60466562491527
83.78179307190784,-5.86899731539484,-0.34566679690396684,0.5948325616903037,2.633505731207624
83.75066632971786,-5.84100062851806,1.1588835354663594,1.1894470746500165,2.4547050635810397
83.82482134446727,-5.826968679541349,0.9025386130841825,1.0013510881109433,2.5328185751048258
83.63757212802368,-5.744367690446702,0.47103038203113873,-0.42101835698964596,2.2200781452571707
83.67496335289286,-5.750187491830829,1.1695198988655222,-0.7630450344912891,2.493830379511276
83.83456931262644,-5.777766268198487,1.7297215954965532,-0.4616352339195429,2.6000130883357286
83.98321992479418,-5.707288824137936,1.2441792475235465,0.857770975125761,2.6801772483632167
84.0020684131046,-5.6863780579221626,0.32856102656258745,-0.5470115133283412,2.7512636894131663
83.92179563960026,-5.641527741568047,1.0402954035454623,0.12070132634757147,2.456717974382444
83.92209030085945,-5.642494163884822,1.1424770234630273,-0.024832488217675135,2.601517144720981
83.83725866782775,-5.670677668437353,1.8269203446519113,-0.9105215034446502,2.5593969410015682
83.81880354850058,-5.671688063326988,1.3434921951674987,0.394953794535632,2.594750551756497
83.83305782497682,-5.6502974189039366,-0.16678549106571347,-1.3805310310242616,2.675872291794926
83.89104576924805,-5.6390849717092815,1.1488318651055671,0.307759567469789,2.455714832125635
83.87676553086139,-5.577392811071317,1.512958079269916,0.24628806383258195,2.48294806383848
83.54573795212647,-5.754443675423283,2.918643918172055,-5.310276570002192,2.80074841288754
83.61605306347259,-5.693849181715643,-0.17425722998405854,1.122539875344501,2.5236685157089385
83.41755466022465,-5.628697496521544,0.6222786569759627,-0.6568635159134653,2.753149429539663
83.48015459250965,-5.647426406267929,3.0715300505383136,-10.831530926880435,2.565103643703237
83.45098864678785,-5.579783456540148,1.1114878959545544,0.09984710367529014,2.694622335030602
83.65610933853033,-5.581098260338449,1.1203333588451458,-0.198677846421237,2.5515103166627453
83.67399674967626,-5.574940855709863,2.289905483804398,-8.138723444106407,2.394707825927321
83.75673237450471,-5.560576964152263,2.2188270039629265,0.34307557320038373,2.245450736240622
83.79407823515477,-5.553784315074762,2.863972521495902,0.12816984828920325,2.625260888848189
83.788377937459,-5.516267497685504,1.8777592280327373,-2.1712927009755347,2.140963889010865
83.80752569872162,-5.50679934227934,-0.15907869758987792,-0.1123965280444562,2.4972068415239637
83.71774319396165,-5.552340268519077,17.1902014873966,4.416146061251889,2.6197497881462897
83.5654989834389,-5.477568029121972,1.025429285169208,-1.2444060151984553,2.0738842804696356
83.68985401985772,-5.489140509184529,0.5158376048039873,-0.08934606846849022,2.488238675153864
83.63343340845998,-5.461836629766034,0.5787363461657639,0.663026985587822,2.6196105334120996
84.5265670253269,-5.789567442789284,2.4315335034784584,0.0305290772114816,2.9071783737939216
84.08100347068988,-5.659822764154975,-0.2961620079067245,-2.031700470999937,2.520927738234573
84.13175596894027,-5.645625526898286,1.1632604567281757,-5.38842252297164,2.204544093769276
84.20750524657137,-5.6332001730008106,1.8194835814535877,-0.21978680535128642,2.6498311690733476
84.13886361440694,-5.585220187150891,0.3159287191299905,0.6987751076833076,2.2172563975206683
84.36288250059353,-5.469358163907638,-2.362159759789301,1.4578040798574157,2.748720388014243
84.31817884225279,-5.434469056597149,0.5055088248091512,-0.23405238476628376,2.6960491600972256
84.42670273346295,-5.358283974196629,-3.5133531026395746,3.524910330412303,2.9476727650022116
84.83007322114996,-5.239362591863875,-4.109772562942096,-3.778337896035076,2.056847292416708
83.98581689465871,-5.586523166030363,2.9040903005246896,0.1655444164171677,2.1203082333303427
83.884902951764,-5.519791016935327,1.142497359180867,-0.19292771286781898,2.5957456335807945
83.97637646992858,-5.445702391888148,0.999645148563854,-0.27035577979026265,2.5001430174117516
84.23097554181484,-5.433384567871813,1.047598083425808,-0.30408603442140136,2.885557947392767
84.26338397306084,-5.403925987571362,0.39875215913497075,-0.03219754719369437,2.8833970548982535
84.32922899949224,-5.375186547994836,2.112626776978157,-1.5534789008266832,2.5099384045029485
84.31300745026591,-5.356429179856799,2.1872175582707856,14.15147808489159,2.437660850030171
84.13283139706998,-5.3921564582376185,16.52079524250619,-1.4624268548870838,2.8944361503194056
84.21658177182839,-5.35390996944184,-11.504387380635936,-27.0767266521349,2.9331496633388814
84.15396124936119,-5.306060007713138,-4.889804397890247,-2.3427999531918418,2.0773263047442168
83.85511557120091,-5.497691348403124,3.023573841977983,0.6273520891876291,2.4279759938843846
83.8426485710587,-5.476824506156694,1.8177125561301726,0.15329479650300626,2.363162157391334
83.896334086991,-5.465252792469073,2.0640340952684215,-2.22832785464916,2.42231594456134
83.85960678240005,-5.4622259995844,1.9693973781573328,0.5235820692484696,2.4855721044062
83.80394343422758,-5.480534753630884,2.2018962192681757,1.3686909365177689,2.4629744245786656
83.85722700171156,-5.44498376687343,0.6646458932738366,-2.8099130755066586,2.4849918233327455
83.84515354583398,-5.429898733588421,1.9541001571720475,2.3158661144573887,2.5838760369553566
83.87799880757701,-5.408670328512834,1.3046590499877595,2.310290238591539,2.133349189169318
83.83595281976878,-5.4129083996738805,1.8651009862786907,-1.2929300388524325,2.5890351285543494
83.83267348571445,-5.413300281414134,1.0484412763593585,2.6292259854457667,2.715128709054078
83.82373825301954,-5.415022119416684,1.2215599966567785,-0.20176650854249165,2.5734051253839474
83.82423526017698,-5.4113916551509424,1.7463866167314315,-0.340660229831267,2.5478641037055545
84.94010516432223,-5.303935792102303,-0.03535415543779045,-9.600291904014142,2.2214232004038084
84.56044749927281,-5.420366886961142,0.10885373856588554,-1.229655000194571,2.8536079110892194
84.60743748552709,-5.369714336011583,1.1141384290047647,-0.09672219025482205,2.5995454795746054
84.60244944023694,-5.2744353429518105,-1.3413731557732886,-2.0723497323027256,2.561781613546861
84.77995991249497,-5.288993937160487,-3.667950081343777,-0.5086168433916194,2.453349626349085
84.09967196973524,-5.608181883462011,3.0311001754534654,1.0652810488291902,2.215383935642387
84.0117773900132,-5.548451981663941,0.7105580087394902,-0.1693228773419612,2.413229432837084
84.141807024077,-5.568180008001306,1.157006921334379,0.031255864990343885,2.618866058473611
83.99979028509141,-5.5009512720960245,1.2790278677927183,-0.24406254745858558,2.2865542773032845
83.99880935897308,-5.495448581460445,1.3816417671371795,-0.35234959697286505,2.503388940810321
84.01449937744265,-5.410007070862246,0.9556663304066958,-0.09917610189365425,2.28811637193582
83.98914421739053,-5.41908667128829,1.284910795186366,0.8878580599164886,2.5598521054558963
84.01399884087476,-5.406470842835432,1.4246376045971656,-0.043596382645903584,2.5554067262847657
83.85700192503586,-5.505861601466681,1.783538844437558,0.9042356523923542,2.614923756019945
83.88246218907025,-5.492820897020734,1.3005500477196141,0.35050878942059166,2.4068813613309765
83.83532503290743,-5.486421307656252,2.7957494905728635,0.8401666049529842,2.189966687794393
83.89545851942269,-5.4873356514732805,1.0224239623283924,0.02586173073296047,2.67029582593983
83.87902456428226,-5.42889264954561,1.5945887065549469,1.3566489915344893,2.4851089097162
83.81542005453574,-5.47099255865954,3.0527318903296448,-0.13295262858915738,2.5725085958881326
83.78999335529505,-5.4730293775028445,1.5476446202818346,2.040548125012963,2.440048684259968
83.79475701138253,-5.441139528584711,2.6266967710623947,1.1037298471074437,2.583662612947772
83.7902323885813,-5.439835315888002,1.2626336842804822,-1.1681940821681758,2.465395072203073
83.85143388040251,-5.433444922023241,1.5782828588591575,-1.1025311917991898,2.650362536084226
83.8767709173952,-5.427401710995176,2.649501612431477,1.7791880200629033,2.5407629850715927
83.87225996042454,-5.429532191648547,1.5489284986115348,1.1163701289556922,2.2712498553165847
83.87704394522234,-5.406419218976863,3.0704061994765346,1.2589067798108018,2.513950941814201
83.8206338303355,-5.429748099331087,2.3272776822285905,-0.17327278643197416,2.541448715750812
83.8231279150695,-5.428564453387748,1.476376526418289,-0.04953114413582767,2.514664934450744
83.82134077703611,-5.416303067285384,1.1070331532452695,-0.6254278050211556,2.4720758547786112
83.85573827559962,-5.403182676544046,0.6829706999589944,-0.41819925050753076,2.1959310561573147
83.83833951029818,-5.400055078048027,2.043014595166896,-1.2522575405020426,2.6252019808295133
83.84952515759811,-5.3925607035161605,2.0184576733601616,-0.6278866293712352,2.4155595619593524
83.92778878140145,-5.429245160711157,2.181640120622343,-2.150742657179518,2.9060975054966756
83.85443009173221,-5.382922934544825,1.113151433671011,2.0343528469164327,2.1823717806590524
83.75917617241431,-5.4431763402060165,2.020221250628895,-1.3370264122004725,2.7774377285837923
83.81646336476675,-5.397229730069477,0.5169586073499223,-1.8805522398035475,2.21666079919588
83.81908632801694,-5.401676856930045,0.14940972693714535,1.2150847867236372,2.0018925489364974
83.80117083050114,-5.3966742014747995,1.9694766711271776,-8.35666975077491E-4,2.0506792945254446
83.81181175358992,-5.3877769878851645,1.3756948567616876,-2.1203456473172517,2.712267456643581
83.84096290948426,-5.377847906498625,0.23635911693337755,1.549536863991655,2.8350559034543195
83.81792355034082,-5.369518495782591,1.8892512573566305,-2.5104400375708864,2.1864653480779404
83.82656901267579,-5.362228562970656,1.4182930421554654,2.7731732317661395,2.563017091175251
83.77008372288648,-5.377424195590449,1.9480447380022188,0.9366169129312082,2.4857981672129656
83.76542348016878,-5.37937180387753,0.7168643935873412,-0.5994232952205979,2.6888118372328313
83.72548636827204,-5.374050007716099,0.6130378418723653,-1.7803373743289816,2.440266229316001
83.79247757440962,-5.339162845027911,0.035442435486249674,1.0366371532568415,2.495235641028507
83.77826549563889,-5.338609861498194,1.120180552432997,-0.24708770200936098,2.686314675902019
83.82477539767844,-5.3470194834260045,4.014005809798004,-0.3017093214759084,2.5425185677112636
83.83368508032378,-5.345527233779808,1.3544908722626188,1.7256322612181785,2.478750289025212
83.90878495142866,-5.303158552451829,1.6776751537760655,0.807894804786496,2.5102328618884893
83.80676441078924,-5.33190423850806,0.612558459959688,-2.9664881244313466,2.535729017473414
83.82453148744419,-5.298875065365265,0.33991063537424315,1.7938256792700429,2.34461852935541
83.86439334338529,-5.28661901538285,2.5540530000007444,1.3669250195237728,2.3107626105878314
83.82874487135196,-5.270538645190841,1.3177359426296975,-1.2475271620919528,2.8096685511578965
83.82086857795892,-5.262279583885444,1.2540129915428975,0.21099491022297337,2.470345989224531
84.00579288860547,-5.319629382329787,1.9587574639013878,0.8797273734057505,2.3758626670628242
83.94016749424502,-5.303828111857901,13.310997541499267,-3.0486941733108845,2.0730299470755815
83.95243473922619,-5.295241853416217,1.7828279573804582,1.0731830896094334,2.8360333992352094
83.97564131746063,-5.2862413816462865,-0.24602166833026773,-1.370104776087519,2.3229377558120534
83.9615520824136,-5.2747798954452945,-0.677296254211315,-0.27749934368380264,2.522607599897007
83.96778311225017,-5.221864652589049,1.1147107345919525,-0.5820768367355589,2.7670897151800435
83.94011678109642,-5.2267109098617865,0.9716959057702208,-1.0602592380347113,2.2752144502496985
83.88996706214222,-5.256428516192956,0.7363478986504657,2.257399132843147,2.299018637316168
84.46304267619288,-5.214109288256955,5.11361745358653,-2.663413258683319,2.7320589280538643
84.56100820198297,-5.097165490242774,0.5492593370433315,0.07322596451509887,2.722039604333947
84.63415985010752,-5.067687119700358,8.475023814938108,2.680258408364646,2.5403214508831353
84.13970644940932,-5.171750655552997,0.33684884549592237,-2.805084442347508,2.30232611457414
84.29087838148422,-5.1396345367723555,-1.9797084781459284,-21.509976660835832,2.064797930596358
84.23989089658859,-5.073870692925656,0.9851424348723694,0.44049117186213993,2.463497754389348
84.1578951561136,-5.041188079678022,1.1837428304890218,-2.165884265483893,2.2469002800027917
84.3415077354499,-4.942504351558456,-1.829801771421315,1.4601609970267848,2.405465812739873
85.0663816497031,-5.340498845229568,18.366415813316433,-15.78895038353815,2.7340787312568753
85.22920641869771,-5.237564734920597,-3.4231302512345656,-9.24428328277979,2.118306414289375
85.23465013758234,-5.233998211826528,-0.3527695564757309,-0.1232228420333789,2.002257813853166
85.28920417053435,-5.196810924711403,19.732745816823016,-12.995290640562649,2.8417918977555336
85.21478386452472,-4.977566361596903,2.752837408225021,-3.310816154564863,2.6799955179105357
84.85925762942306,-5.181422759229869,1.2278952498303286,-18.62459484489204,2.9852476160786785
84.85916323845751,-5.181655434841501,1.5744747231174314,-18.434488268031078,2.9921496380404067
84.79501754871107,-5.065075517183318,4.236553512798231,2.5659136592181837,2.380160230414042
85.04443734529869,-4.816628380218249,106.3789465471743,-132.83836266223616,2.898662935123644
84.75255765343722,-4.857098389009398,3.8070435165653844,-0.06854910878860941,2.7283728297126397
84.86130187900649,-4.712573802290476,1.4134751963371446,0.6258384316246722,2.5349024008353394
84.49164758429444,-4.847924613175198,12.835294342141802,-16.05013320905123,2.366489587072585
84.48283977428575,-4.78820466245426,-0.5653143038364483,-0.17173961637933272,2.4005403646837844
84.76536682482464,-4.621828862515326,0.514414578275595,-0.40509341630887696,2.004487826142429
85.02735345008273,-4.565008452597932,-1.7967129160840363,6.277516663543795,2.635867369837347
84.8917975250021,-4.563348428203178,-10.177120755123113,12.077029047821274,2.68200225944797
84.87123834259091,-4.471636128967427,1.0573115048242165,1.3976995281287448,2.3725834785148385
84.89493289220349,-4.408561740555202,12.243581372587588,-9.151885164033997,2.4156134773070956
82.74059749968929,-6.104239029332766,9.739066561588741,-23.643741992852245,2.2382836977831815
82.72941928473396,-5.987580768408964,4.619105608528942,3.2170681440115794,2.6127079776576765
82.74642661818486,-5.964779647037581,0.7808356577610446,0.19266219680425134,2.1029526204233626
82.55021038090358,-5.92704800999447,-10.252946400691032,-5.061187395119833,2.5016932818010735
82.42476994863809,-5.906835049233526,-7.305517844189566,-0.465875068073375,2.6365823712375644
82.5949193195875,-5.930529053571008,-2.68713817714551,-0.35233143071822176,2.3531519074637344
82.48900093284536,-5.744559425132289,0.6642924030196833,0.36382987165580843,2.9675420180983636
82.40845122877663,-5.615590819147664,-1.5373792968035909,-19.429353338382,2.3978150542004264
83.07041770140125,-5.816134164010187,-8.059372786121328,-15.264610016962923,2.267257854454169
82.96323297916985,-5.760685313883155,-4.655986391076534,-10.375160457304599,2.055990901494762
83.13467436317015,-5.683184268033271,0.8330939279315834,-0.09429913092821952,2.3910944621489265
83.14094072033994,-5.668742312545624,-0.28937084696132914,2.871601607806113,2.355558609589882
82.80425704145543,-5.673714130165252,33.08210976228307,-34.94782860156386,2.0888234693121985
83.29656722099917,-5.637221718853045,-1.069221546860131,1.503706349069831,2.525175389512667
83.61886503644806,-5.4160797210272476,1.260277798384904,0.6318035401278934,2.461202141065367
83.57197812198854,-5.376864804015301,1.0614746830889785,-0.2399278235962585,2.5251751016846846
83.57668232219213,-5.3819898277875104,24.022558631932203,-30.680798268234813,2.99445266122576
83.1677992046762,-5.471480818694231,0.4988462768252348,-0.11938090189133764,2.4671632210983385
83.1710370724942,-5.2595805890258625,-0.8977863184955286,4.083337370424924,2.0342385147961837
83.33904726416827,-5.359621626460994,1.7134297127659657,-1.23135998946722,2.4698279576137825
83.42756023512746,-5.2401677608471,5.348266824428394,-14.660856336883075,2.6574070104190546
82.56686139361501,-5.523939693102418,0.8819815521607944,3.5136716892433664,2.4031720506247054
82.5254910875208,-5.503135077036335,3.3777673734554394,-13.045510711278851,2.256896301224811
82.92600747840078,-5.367166028511815,4.142072989498836,-1.8480881805919662,2.5729489494084294
82.68395581523872,-5.340372715740151,0.5075038783637948,-0.7938153652364495,2.3751590302176733
82.38688856365403,-5.381364372374636,0.9181631026097,-8.140328106325455,2.1578318778401604
82.96558312344634,-5.193145415908939,-0.20169916653212155,-4.46947487217136,2.5795032745206328
83.17835108398307,-5.184965149676013,7.803340680245722,4.570190104041575,2.0254560854820567
83.12080703482027,-5.066118174490092,1.4155524069843335,-37.77847442136664,2.1026246910511017
83.03312447493899,-5.039676471479484,3.763744416464022,-9.120563025429941,2.559389850740594
83.20971708240995,-4.989154855645473,8.478385549309877,-2.943181698271748,2.2092509558187805
83.17780047811866,-4.992034943306907,1.3207771337676797,0.7287093500928363,2.6429633016464424
82.66669362384344,-5.120491197843154,6.276051497865004,-3.078027284733575,2.2573646668313487
82.638234002426,-5.074243405733129,15.86041070306274,0.9135039594095056,2.2486188200973114
83.11431323434488,-4.950212957898847,-1.6641100857430566,-7.16568860644516,2.362276216237048
83.03139604153375,-4.925833266289652,4.336494491458632,3.528507313515223,2.438929017104373
82.80929357119909,-4.926570890227538,0.20891279911122715,-6.597442859745176,2.280037133187031
83.76387695930093,-5.2730049604003,0.8161870376142534,-2.3394303179317393,2.6744628957674164
83.81648690712211,-5.249704548564391,1.0142992810317848,-0.7759709897107002,2.565532913284307
83.74248406043769,-5.198232510030171,0.3289868221672193,2.126655796349687,2.0169947715321954
83.73659520130114,-5.178840374655295,2.139855515751992,-1.4269379087825638,2.44975088128514
83.75357828465691,-5.160834951559006,1.4852906842627087,0.8540719099898164,2.5852268352243657
83.53483433836807,-5.244088560055357,1.323770644078722,-1.488940785700891,2.7932106439918267
83.85249544852455,-5.191570581541071,0.824094114338718,-1.083240761217997,2.5709159417137952
83.81733912906256,-5.155285515912845,0.4121167716677403,1.094841025660689,2.6012973889962767
83.85035274099415,-5.151878175555278,0.7874803915192512,-1.3825108233382888,2.750050636846254
83.96962822473195,-5.085576466494482,0.40324147719996145,0.599533905358175,2.5873720207137683
83.88125267821327,-5.083784284169679,3.8574294116879213,4.9347560864438735,2.662932874811258
83.84036681327647,-4.94680809563984,1.1841708312603132,0.9033201968272476,2.5719829410830135
83.58206286762216,-5.041570761802014,21.73562073610214,-12.803059901564513,2.3601851470755766
83.54485378513903,-5.039696977333085,2.2215286729905555,-0.12045201652342247,2.584996468843699
83.51854873101358,-5.048954252924577,6.462303346512815,0.030243145622890055,2.6718570395763903
83.5702633653773,-5.002995266289441,5.558624022309056,-4.27350854372099,2.478209417212162
83.46142962520365,-5.010946559053072,0.4534932285496189,0.229311928105626,2.598448957465686
83.58984994329543,-5.003596196206742,2.0742016529284593,-1.1273929285922433,2.691581687311157
83.70382163765676,-4.953988951216457,0.7015234398330846,-1.9752150857092472,2.5535436029338654
83.68752989382683,-4.933131618453976,2.4645551046100094,0.021179632441833213,2.438779576255577
83.5896758