source_id,ra,dec,parallax,pmra,pmdec
63561740706077056,55.67150136326923,21.28167015664145,7.511955700669591,2.940319735957493,3.3044002773160726
63585036608738048,56.22036355889966,21.57101441962209,7.786119609386528,21.318435514140948,-47.12835262252343
63677326867342464,58.10251694951161,21.506109143477744,7.419674106187213,19.852902320182725,-44.94200921290559
63750719268324096,57.610461237050984,21.88350523983648,7.565912502830434,38.21129976411065,-25.5716113318405
63795593086958848,58.60906405416162,21.8923364567423,7.354076784121969,25.159106010057794,-36.87629068332017
63826448131945984,57.9663345193002,21.822564566552924,7.463877991507574,20.386327802554828,-45.64281530094115
63889085934846208,58.472251631731964,22.510271900178736,7.639202700746432,20.753872670227032,-47.266162612764404
64019618579817472,56.77042346306362,22.27560154914052,7.590758110528654,57.72676969950956,-112.47689608417222
64057173773552000,57.59567055273912,22.382974707285413,6.131088578127872,-0.09873711214340442,-6.067555538355159
64057551732842112,57.391574255715206,22.276518707489437,8.917099523165115,19.439553310024262,-47.97434749496031
64061503103122048,57.48171863665813,22.45017973023857,8.842154003495272,135.72994131076572,-47.2277736362302
64311676355580672,54.9156434147338,21.849176951229467,8.17052916192914,51.79282481933243,-12.17411863167659
64399976587933824,55.40404246081047,22.042498826686504,7.659569885211935,8.11084475144607,-10.704929894043499
64597446299465600,54.110888403943605,22.56703976361845,6.082425521025303,3.1416192271808496,-40.81467126034133
64784981751920896,56.769357797252965,22.61855698053571,6.321159637994757,-54.03545469690655,-59.742647277183515
64789341142845952,56.6767099756303,22.683729724100903,7.938028271932162,51.90145008241207,-13.004251162387563
64824800392424832,55.95039317873526,22.705336304520124,6.01229977905467,-15.018083807986894,-7.954572087562062
64835971603517312,55.72502307841837,22.827964169111993,7.814728080607202,90.02668685061448,-41.45867992387527
64873045759681792,56.26328937947244,23.116111613263005,7.188618772515743,19.617114088918502,-45.246723656071524
64898368889386624,56.84551303331775,22.92190886967802,7.862776514007767,20.17605663822472,-44.640592279584034
64912009705490304,56.849467055307045,23.149004829363466,7.346863076857361,19.44531824588345,-45.5403292607655
64933759417767424,57.18418961094356,23.260465412980825,7.471546737251657,17.13655076339148,-42.40674599011606
64933759417769984,57.18299036630866,23.2596150203104,7.318904571155356,19.293731697883047,-44.88499205938077
64982344089813248,56.46988426929079,23.46487435939193,7.216786495064386,20.003641467123558,-46.246385433920125
65010239900405504,56.77834370556732,23.71495241087836,7.3503939491290735,19.425567035566697,-44.40913844613404
65020414679879296,56.96895425474899,23.94102406851244,7.376293478669214,19.684597110725647,-46.393807800230576
65121810267254656,55.272632021130214,23.548960192196425,7.482056266290665,21.72997648444975,-44.81366245108036
65136791113382912,55.70385233585675,23.580003136612984,7.410691983881695,21.679338642754335,-46.49129154083005
65165653294149760,56.30591985851103,23.51671671299534,7.172780984631883,20.675289820301945,-44.85616584762688
65171941126264704,56.435429458101844,23.57713980980712,7.037399454572125,-0.5254896371227353,-75.88276940181446
65200283613608704,56.61546284551448,23.812491723079685,7.3976813023598815,19.371365646455065,-43.87192840251005
65203723882387200,56.592784885931124,23.873915523301573,7.253132457306032,19.516327149760084,-43.35612502686474
65207709613871744,56.849928429173104,23.914271006001808,7.185575669070407,19.60591854512209,-46.32969547460584
65221586651685248,56.49050612273433,24.051232484000153,7.147155067867327,18.21744136298265,-44.80112017638531
65226092073881856,56.724915748846826,24.132370680376567,7.1171559330370835,19.309047531519298,-44.32380590885371
65241863193865856,56.05066499276738,23.876887924642986,7.423976552521405,19.99343255069661,-45.11111429836059
65247704349267584,56.05452292932521,24.030615863047565,7.594803806906587,21.404856037527303,-45.88621865204381
65248151025861120,56.09618368466843,24.068094985032182,7.442648971691504,21.774572647141717,-47.34106561409916
65248460263511552,56.05316220658391,24.031592251729883,7.363469370053254,20.146309227148777,-45.14531743177651
65249250535404928,56.06105910286945,24.101914672074734,7.1375867450273605,20.708631306878623,-43.43679844036549
65257187636977536,55.6716335456923,24.028395789556246,7.165841660739484,21.017719353305196,-44.67677495515933
65277975278721152,56.42257638294714,24.288391329066016,8.71673384653804,13.245793148969648,-46.990916480869856
65283094877491200,56.48651262988783,24.368679378469434,7.309588337637114,20.47253405385219,-44.49840350420613
65290718444385536,55.96994147372375,24.313336030713643,6.8814159629576315,18.989503852792005,-45.30534087165915
65310410872281856,59.026795506346716,22.296428939358293,6.317292921602047,20.4845752307243,0.39555290372630514
65568035893062272,59.576617351175535,23.607954439864486,6.226394568678513,32.195674179151474,-30.500934970917747
65660158649542784,57.90855896594161,23.182920241945293,7.656666795074176,23.660945083527437,-52.53433562750638
65667855230892288,58.125029786744214,23.297472823716625,7.073632353409959,13.906660534160801,-14.655362505608032
65701527774387840,58.59373152659763,23.63651277018731,7.4050316715605184,18.36910938785275,-45.979828036328726
65817663689570176,58.450722342881804,23.969999044025077,6.250135539674906,39.88918411153617,-16.311022144945543
65864427293364864,58.99343210356197,24.54973327420377,7.504791433754841,18.608912286604085,-46.92634401642668
66241319263819136,59.259026112440786,24.661859765703714,8.89478036209787,192.60125158137012,-110.14456930887681
66517468482370176,57.07512164513408,23.891273678457935,7.295109846533388,19.104444028563226,-45.3486188239001
66555573432261376,57.553681045693764,24.3516155481885,7.243086363411307,17.833343166460896,-44.351060633719605
66558249192653952,57.48590927641627,24.348794070150266,7.315576014582632,19.505374073802887,-44.599599471397354
66584332530000512,58.5372425847833,24.333489202385312,7.367492017884601,16.628944777293775,-46.42381782072467
66633668819824128,58.846241303268826,24.817917547837286,6.865423275924452,19.827994753858945,-44.86800622760162
66639720430624640,58.009555879988575,24.36313812012763,6.613685161635862,25.056974463110237,-46.82158724085947
66710845088732160,56.94337881610533,24.050481718343995,7.555830848391911,20.172732693758086,-46.513945005186066
66728265476081408,56.73055847874693,24.187798191519004,7.225399757694413,20.392590515354556,-44.02063830180597
66729261908482048,56.791988143840086,24.276453622807093,7.357064223916837,19.959460137901697,-44.498036812412536
66732423004453376,56.723447112517924,24.287294176897756,7.368695724018906,19.249077626062416,-47.50404014517325
66783928252047744,56.708524167110795,24.4958586342095,7.035263896954224,20.351311257258416,-23.501343563834737
66795640626019200,56.77385984972839,24.667526707017217,7.628355268781066,17.47070524179368,-46.7222962601822
66800592725851776,56.54907922003248,24.622119094596144,7.550076412992421,21.195216191185757,-44.69592411866067
66801623517295104,56.536336992339514,24.675721556933823,7.373604115597466,20.873189844183816,-45.69153438245064
66803616382830592,56.35297311857009,24.646085831329238,7.2974380334372,18.794078206161423,-45.50281705739549
66813065310153472,56.629622754702844,24.820405609547713,8.43763595912417,54.803438463919434,-77.01054329297966
66951466337428480,57.21790500711882,25.375515207081115,6.659725300304907,17.51634670364892,-40.92145648568612
66953940238584192,57.283862275866674,25.481681901787855,6.169736375762654,-11.133039291132325,-60.078084741612855
66969676998824576,57.77650195986893,25.594492433140854,7.309821489243173,20.12835332681689,-45.270036288204764
67001047438765824,59.197714548929504,24.860374320585745,6.5526594899211075,-26.865609590548942,-44.158887737920644
67084301084506752,58.45434096137674,25.276216555169775,7.037998601410803,-11.590227151671495,-28.2348828473227
67088664771417600,58.74707533783821,25.37152242626173,7.379799277980277,-70.24194494854875,-122.87033426337885
67278158729741696,58.24497934067102,25.43848141011749,7.570511532362098,18.051648108880084,-46.658336671843564
67317638066205568,58.862372529514346,25.842181253032702,7.911479114879513,63.321505476685054,-57.04490999143741
67988615037924096,53.64827525953711,23.64528208335387,7.505259297500794,20.42959099455326,-45.12786062673306
68119628720079360,54.91858037993675,23.452150850063198,7.0773321448939255,49.75657218603502,-17.972642614017754
68159241201980288,55.19695030100754,23.876542848553118,6.633179501704393,-10.648884764738952,-35.613998695827
68223017172733056,54.84202762101422,24.044107991649803,8.039909407999385,12.213828517013226,-31.675123622139612
68268303308484224,55.75532685027968,24.24773108224273,7.468803484431587,19.281719350539277,-45.75332459094989
68271773642342272,55.6401561372504,24.29410817457276,7.401987820537227,14.169134264878458,-20.557831207498573
68297268566487296,55.811666409708565,24.391345771937306,7.065109421258374,2.3466124963786488,-83.18933494874634
68310359628169088,56.08555902364135,24.77265650135556,7.239818276902314,20.77951011355984,-46.36606728995916
68319529381881344,55.874637647335454,24.656396620900924,7.578873356565054,20.777348312640164,-48.2465613696604
68323485048225152,55.96738194580432,24.841417159243488,7.374984049012138,21.07795817540528,-44.25781713802527
68356367317952128,55.16567231201829,24.735582879413812,7.6624858858062375,20.52210330743714,-46.58775662675574
68356367317952256,55.166905206554425,24.73568048752452,7.546891212349643,21.054175573782974,-47.18961144353148
68363411064150272,55.58985581891144,24.664471459088475,7.367549758589729,20.382744156700035,-45.1690359507745
68461473757131392,54.41770658159563,24.715973211372,8.277937768136034,28.101418389723396,-46.27236575506635
68471163203400320,53.903431894737,24.41802608067364,6.430921059839935,3.5038075420181265,-17.814455303651872
68475904847290240,53.79354808310715,24.531663645306,7.172670900160543,20.70616102061893,-42.988025987035556
68477004358822784,53.74502340493472,24.582372325507176,6.531241745940345,-9.464307290382209,-3.0159746552909574
68596640672195328,54.92365455303165,25.245524294065213,6.7667296514171085,20.83809508698929,-46.745927805775025
69444677670782080,54.30073454236306,26.043126972980147,8.465317737310702,4.270066566584873,-27.53993253913516
69819198819177216,56.35503775363116,24.911393076487396,6.342442053932584,-10.555482335199489,-42.031029112339496
69858094042908928,56.769877107879125,25.380411951167037,7.182057919317966,20.58033921483641,-45.01120907151647
69859124835119360,56.46653993674255,25.16698929532755,7.368127350969552,18.782484712686713,-45.49913875760345
69918086146123520,56.27224584037732,25.486232262260643,7.307102820399967,20.48440956570171,-46.506191978474355
69985499953396480,57.34233213174778,25.793689824375647,6.94028215287807,19.41255011592517,-43.07535022079901
70044255105867648,56.652021084956715,26.034861909689557,6.267428148388099,46.96581655931425,14.692726582884713
70065042747491712,57.202606989512056,26.311801667107837,7.309695327187823,-23.56333903028111,-21.89097349311392
70072773688658432,56.87751552406311,26.278915634638096,7.392871542707543,20.972828410771882,-46.211325096638944
70305865857368064,55.90657673130956,26.533498560579226,7.1199648969936336,19.00830258833557,-42.11986843272303
70310027681371648,56.198357750372296,26.600591419395265,6.561997163672969,18.184316478525954,-41.76124647619076
63589743893287936,56.56707190515839,21.685964591098188,7.549210863325092,20.55443406688813,-44.10004903775615
63765042982052224,58.53728898159276,21.698363340256332,8.658432865816144,38.01875852365451,-27.497200136638437
63854313879691648,58.08423851518899,22.18681791282579,7.896140788984926,-6.342247148225347,-39.03201923612302
63938048561062784,57.22490038638304,21.946917592434637,7.768171670707598,20.735083109041028,-105.2243421914573
64117848780835328,57.581987577476525,22.678161114729384,7.494888687856219,-16.397348135954303,-16.435851881438754
64334491221144192,55.719314558079724,21.826632597602757,6.781157892764958,-5.441657184609884,-5.633425700618785
64346070453848320,55.648584251294515,21.84143459747364,8.004982704066952,21.508466553453538,-49.78192432501014
64380636350910464,55.879802083014745,22.158174613753417,7.407734326818096,19.658834319467623,-45.71134755190139
64401389632616960,55.34784133301275,22.031509901246583,7.300314696756316,19.504751573171244,-44.142929038949134
64441143849872512,55.411994972363985,22.27773027977489,7.502620664779662,21.008023379143744,-44.60347297604497
64507316409791872,54.53135846175,22.002012854190998,7.742470595926331,0.3241883162288919,19.895632687432233
64567415888235520,54.25477776683744,22.23324378547433,6.6107821900910135,24.27206166221736,-21.21404884605374
64574352259640192,54.42237617359707,22.2884749156679,7.417864263812696,20.242806493693568,-44.97565344431043
64720179284934016,55.09941652410235,23.069039348143807,7.405449545963815,20.74053987817549,-44.93251892351401
64780755504124288,56.48845371198063,22.542506377937077,8.477729671514533,-30.589878308574,-35.02434955779869
64797523056344064,56.28627464077071,22.641631247895923,7.474573378126966,22.01370898255459,-46.66100380920937
64837242912474624,55.872124314048335,22.734611125652357,7.532518558405384,20.07361040924858,-45.96376909847048
64956127609659008,56.45578142319428,23.142873769171167,7.620617578753752,21.004832827248883,-45.229861724922955
64960663095015680,56.73798824228322,23.25047049143303,7.384762820159983,20.41595636540456,-46.05522995907874
64980278208557696,56.667776381106805,23.49753520641864,7.361204841283511,16.022889853821308,-46.94145136941275
64988322684358144,57.09464904982035,23.461746193162426,7.509023760722854,20.586114440560067,-45.14237539307773
65010519075247616,56.84458758907592,23.73506530393574,7.481431550014758,20.220945081172403,-45.791995280139076
65027595864800000,55.519783485203185,22.858358168943482,7.451380363496461,20.956669492460257,-44.68794288703312
65052953351603456,55.38534473978696,23.161519816655723,7.522221748654658,21.489136618115143,-45.99569262566769
65096899456994304,55.053173093257094,23.159776615728504,6.944196831805783,19.53011982032914,-42.00960297662542
65098514364769408,55.21602761544148,23.230535528423577,7.287877913694783,20.825910225757177,-45.02650905828326
65108714911246720,55.04043570167992,23.17554600042617,7.430003206051548,19.684433890715137,-44.69982920331617
65113529568721152,54.94066840724022,23.304802206480367,6.840537477227726,22.230003067664583,-44.61044266656873
65162492198224768,56.285083015982494,23.416768795341113,7.462238224855825,20.62067712169717,-46.40973690595329
65208396808627840,56.92276375783222,23.97172758846156,7.3675798561772385,20.52465570040364,-45.03220218366824
65212691775922048,56.8257781580884,24.036218065276202,7.340276386730736,22.03232056608309,-44.73567467390483
65220143544571520,56.28949749428424,23.97897765656046,7.230073122661357,19.867198714896627,-44.110251944929765
65224889481112832,56.60879577279068,24.085812196319612,7.572114012378392,20.70446351043377,-44.848087910203546
65276772687884544,56.47922254176663,24.223729971086158,6.830993138718319,20.438700248688043,-46.25544176823606
65283232316451328,56.45679586432521,24.36754142471917,7.671309961502887,19.515752191840225,-45.52730972393302
65284469269256704,56.42449682534324,24.431316803451438,7.374518162509229,20.51139814322395,-44.71388534229041
65299965511216384,56.16515315807857,24.52875146114693,7.422471130114677,19.99497293917839,-46.24616712348573
65320546995112576,58.9315089119699,22.2665676468802,7.527696021846339,31.003948043735686,-77.25738546320923
65331198513957376,59.15275002922504,22.47244538130697,7.44535361781846,72.8351469590789,-45.352247119016276
65383012997643520,58.89044042446022,22.603008850312467,6.981441903585064,2.857435404251431,-5.3423023365472
65587487803029504,58.40588597053627,22.859661899635803,6.294539698568291,12.316143315241158,-57.48522391642516
65772789871345024,59.50825675474172,23.898337035153258,7.487762389712789,18.995087333339008,-47.26774623211701
65781345446197504,59.32027138426084,24.00899009889595,7.602595875652743,19.19173234565891,-46.886966066874
65820859145874816,58.553582594362574,24.101883693077333,6.43688800761886,-2.3912658211610696,-1.4853809017945658
66241284904081792,59.24645535510063,24.653693047206815,8.649452971059686,193.0286746042005,-110.4357035773229
66451429065390080,57.37428421162854,23.648515417234574,7.4006288091952,19.230632867310945,-46.265249340902585
66469742806047744,57.91338206199028,23.854915222382793,7.570281067984224,18.862964293747872,-46.428949981441505
66480944080770176,57.82037107284832,23.826399611095386,7.332011141563543,19.840058870006157,-46.76124451832967
66507469798631808,57.491988012399965,23.84848726390722,7.389021187429237,18.377840455207256,-45.870328430863225
66517468482370304,57.07140351416555,23.890150538515897,7.288929036654956,17.88603537123723,-45.49537923971175
66526127137440128,57.29068893293528,24.053211829998986,8.118448445799721,19.07896807307441,-46.193244590476716
66536331978799616,57.739304037058716,24.10836898081129,7.2832093920825285,19.00204493245024,-44.096572621397236
66539252556578816,57.52114270787197,24.12375084194353,7.422949703786111,18.326223989836638,-46.97900933587258
66713044112564864,57.02995559055859,24.14185767971222,7.372210598869264,17.901458738341884,-46.43975714497985
66714418501518848,56.87239647545671,24.114112461279156,7.311236732528621,20.936026699698907,-44.53787427995938
66719194505127168,57.147957099171315,24.200692552456047,7.210367345445619,20.715969900055256,-45.71541499343871
66741833275728768,56.8004756120828,24.47536077556041,8.010790966568264,19.892622793992814,-46.17076891153943
66742765285619584,56.96235820156938,24.505016189025188,7.355850981343791,18.640018588177448,-45.03502657120565
66759773356036992,57.42996817987875,24.66276377252895,6.620640971826486,17.952987661522823,-42.83639152140508
66778907434324992,57.24836983436438,24.842720576150498,6.933064619280176,-43.67999666975806,-51.31270106562853
66779358406877568,57.25420132319898,24.902607776194206,7.629451775111978,20.28361932283305,-47.39279179600212
66782450780736000,56.67917911085989,24.41393308182471,7.442273447870589,17.926734595707977,-45.08857048748852
66799768088857856,56.52886446572594,24.562605127900447,7.375676434135071,19.40326285830028,-46.97160287418177
66832100605159424,57.07381062715844,25.04764063408678,7.499269077311336,19.516684921075115,-47.057326027126166
66846291177113088,56.83687734919407,25.086565724768334,7.256440119595136,18.658646636187495,-45.977086468875946
66898002584817280,58.22613014091119,25.295217515232924,7.248975775349272,18.551292963029198,-45.02180369338154
66960743466922624,57.561546788631134,25.42482323104547,7.443343423871985,19.420070860663902,-45.37822394377018
67317638068994304,58.862105908604924,25.842422171772295,7.453437321118838,64.6592412240903,-56.064274587642245
67351310612487552,58.03544092551432,25.898833987564004,6.109491963650577,13.70028437004952,56.794649906326825
67356941311325440,58.12324947675469,25.940693187655068,7.073809619292984,69.46303161406242,-45.37399850577213
67362821124855936,57.93970684269146,25.884850208080007,6.185921577963055,12.147612777252117,-12.956732734110037
67436381026558848,58.768227161875814,26.263805794198685,7.02974366884091,19.518890850669955,-44.09782499190507
67725419441688704,54.24170598677291,23.210985322888845,6.741934230049007,-14.181976629221822,-18.694838681549506
67756789882795008,54.48519642738677,23.382232166025776,7.531107380234092,21.58557800289394,-46.1474746940989
68097397969441024,53.6370807530808,24.343472117755983,6.21145711784796,45.57401932662911,-22.559977981138275
68120728231661824,54.871767713772435,23.499172809593553,7.4248451511728,21.952550134686536,-45.244621881741246
68141408498321280,54.64378947102655,23.67271376809515,7.228431844899335,20.455009282168664,-45.04122743597192
68145707761492608,54.96121741847009,23.76440270472398,7.109772113525601,20.354035697092193,-43.554027997180306
68167835432980480,55.36208894086606,24.0171827154947,7.331133587575553,20.348207602315583,-45.023526762777635
68222119524026112,54.528930480536545,24.248610300316198,7.963989807949969,23.156539054687464,-47.07124754509906
68254245878512384,54.80623332660652,24.46632471871234,7.118104224750291,19.811126884811692,-44.51509163145818
68261946756899456,55.641609320434284,24.183383816297255,7.486610378982209,21.322857580850933,-43.9430880244945
68279225408437888,55.46464413369849,24.32411786029426,7.161844786532234,19.821034019449485,-43.578078022164796
68314414077327744,55.80453808024451,24.655242876769755,7.217567238529469,20.551216953824404,-43.95459477600215
68367190635351936,55.63011375428247,24.822480219877267,7.376373066555206,20.141859639629043,-45.80907314562114
68390830135333504,55.50015912504816,25.029602171661214,7.25899117883176,19.93211124667289,-45.037566573852786
68395399980532864,55.3905828925233,25.113310467653303,7.290173911930219,19.96269992321523,-44.170530044774594
68505110624876032,54.114113047525905,24.687959548352808,7.573477587320924,21.944407762523845,-46.72745760685539
68559738312482048,54.819826907433885,24.96055005254026,7.305524477865957,20.228106048472128,-42.694747553128735
68575440712940288,55.14870819709824,24.997600422906633,6.572592693577042,-34.85173456282956,-87.99739282097963
68591456647799552,55.35292270473847,25.38482971529277,7.107390645724756,19.446567807724882,-43.1681210053775
68641037750201088,54.478342485280066,25.4419076283764,6.202300990497043,19.941396030974218,-40.55627489609019
69812945346809344,56.2865856843926,24.84194865005806,7.377864703423147,20.86138532272807,-45.364970916611675
69812945346809600,56.29068291043696,24.839057004118633,7.222157170572348,20.218136384021552,-46.12398123648605
69823940463098112,56.113347314337666,24.8449545392848,7.4997128273221305,20.833615795268948,-47.790813365486265
69847610026687104,56.614070394987166,25.13533113169354,7.435385667487052,20.86626267854035,-45.53996049628101
69877163697813248,55.94994861466845,25.05300565392932,7.4822151427087125,20.977326174300586,-46.051783609112135
69880389216567936,55.966119329111166,25.168096891749403,6.487638252776979,113.63335851046301,-35.164698625740655
69887918296009088,56.211777633075144,25.283744330304366,6.179118266408693,-2.9113084322954523,-7.157897177631877
69898294936767488,55.654025634157705,25.23250873853018,7.335305240582374,19.838197493850103,-44.48416981759517
69904101732529408,55.86311858120914,25.387387734138116,7.173660816351542,20.239121616848287,-44.00363001302027
69906571336964608,56.021340450904624,25.483630341529256,7.428714539269931,20.772845832208723,-45.66424166197637
69919116938278144,56.18618661662658,25.50793663845325,8.384514929639645,69.46174690610695,-0.07205747499008078
69982441936691968,57.38304436049142,25.695698842427753,8.049692163588473,-159.59797149976768,-61.90473713280545
70012128750557312,57.42233530141564,26.148002708820265,6.523788848217465,15.162643523874781,-42.04203659387593
70129913933603328,55.92880322489148,25.86012708831353,7.902432717958097,22.29745847961557,-48.86914784636478
70294733301751680,56.56302634719172,26.780100111323527,7.600626869629589,20.310835234414483,-47.131810605893314
70456194010310272,57.48839643207228,26.71339553217158,8.46874868571869,43.44270885717746,-26.749815286672145
70456194010486144,57.49491676853227,26.714087403915446,8.695597909546912,44.063867410242736,-25.995788431643238
70499968316951936,57.419140959645,27.039594979415355,7.917179440499151,33.94750204185905,-2.5159594077758873
70669945941975680,56.768583862019106,26.918082184006067,6.088805240116008,87.30033027580248,11.350865042935794
70670285241742080,56.849317830085404,26.889704281384528,6.325461889460852,18.897072430527455,3.7716052336166674
63553700527386496,56.057581214250376,21.328461515151464,8.142101138263376,-6.065317171069299,-36.43502007725567
63773774653147904,58.19032854954304,21.688685952062063,7.149206756696743,17.87536259125583,-44.37111557160527
63795455648004608,58.64505953991257,21.88371044606809,7.257017840659242,18.870919452909376,-44.55006354269242
63838886357191936,58.07697232889908,22.014709445044918,6.66285797161025,17.86528407768666,-41.44995948015068
63839023796354560,58.02785653537796,22.020523597640402,8.012548161643274,20.26129682172177,-48.83380959440387
63923205154013312,56.9207509878919,21.817916787557156,7.718484158889624,20.973294616989108,-46.9808271632548
64007244778181248,56.93617517454737,22.212093026243476,7.267899589037527,19.744760772191732,-44.90627737374165
64024081049308800,56.669225217102046,22.367526920156397,7.389174547498765,19.235697142782712,-44.28196746663052
64032503481665280,56.843674396417384,22.519560464164275,7.412149673861739,20.57447316080448,-45.52042201939867
64404928685654144,55.36196618041791,22.158841683530838,7.294521463305976,40.05006163430876,-49.88532071416332
64433924008996224,55.77717985381962,22.296885504686884,7.3240443819797765,21.336419854613755,-45.52372247340733
64595247276217984,54.01252149313293,22.490231745083296,7.091449256725753,1.6097637858664449,-87.50498156508847
64597927335800064,54.10151343001715,22.62359532436685,7.137137387219033,21.297883549396452,-44.43439528653132
64600813554014592,54.93418011873759,22.12920112313305,7.1019984947196955,20.74256943499833,-42.9573727202379
64623387902044672,54.735818320326906,22.413958390632935,6.338377772024196,6.6837297296071565,-70.9356808737318
64717980261691904,55.00763247494664,22.988783690863094,8.818765717328176,20.59809290566941,-67.28394201780743
64753405152408320,56.38584568888629,22.356001805077884,6.125859846917673,22.40389562306502,-14.91713582117402
64796801501837568,56.31630386509074,22.637643742595113,7.524860270853136,64.46648070941096,-76.14307126969742
64805597594938752,56.489976691202514,22.799142288455386,7.5792685575766,53.68224433770259,5.382806493136262
64827416028771456,55.73350640781742,22.542479928914418,8.212059712921317,-25.13293905759909,-78.40067882862338
64842362514916992,55.797503921963724,22.86878550883285,6.905235984429305,3.992719411737089,-48.96402304274146
64845484954968576,56.31517276326032,22.7432194285093,6.649258171529391,59.386215670304125,-53.1977043487077
64871740091177600,56.2951245214628,23.049309323098104,7.3307637033988735,19.70437457927786,-45.59557687910834
64915754917051520,57.35676779986823,23.047107208330427,7.539613373579104,21.638262819005256,-46.67035897159861
64951111087777536,56.650363065254425,23.071293292300773,7.834199597535483,20.97089199836786,-46.8799865625298
64952829074688896,56.66674719150831,23.110124081170717,7.391158486799486,19.26270138389062,-46.76202027354881
65011962184337664,56.96658486416223,23.66317575454774,7.8091896514290235,20.613921327030738,-47.069554481239216
65014985841292032,57.07240387537332,23.806397361704857,7.160999926269235,19.836314489992358,-43.429277219843186
65017627244152064,56.837462886443596,23.803141100251725,7.312944753255134,19.09568001950756,-45.519794998351045
65017906418989312,56.80702207600254,23.83129346815246,7.390669390750133,20.66186880960353,-45.95186620571028
65053915424355584,55.564114916711006,23.191815889549062,7.248243663666067,19.927100246483942,-45.17265679717415
65062917675789184,55.90246275018929,23.209320604597163,8.026309032888227,24.935121720088013,-46.60350583759989
65131121756446592,55.47365462561668,23.457797252389764,7.48613184109967,21.753054575387118,-45.20610303839722
65161976802151680,56.245746416315335,23.38872896889856,7.5470189892983015,19.889033018800962,-46.94423051275082
65170016980919808,56.23629783447908,23.60638236898229,7.500034623921711,21.21935363059592,-46.27851751485042
65171009118683264,56.479065146377025,23.565945771454587,7.089674992446657,18.009218748319984,-46.417011767107894
65204342359530112,56.55978465218358,23.850613032682478,7.265131798859592,18.41856868541688,-44.310766206901164
65213172812266240,56.74722551551796,24.02839263224941,7.1077553498191515,19.231314049232395,-43.90906851628049
65219078390661504,56.35423170074816,23.949827264354493,7.701295884441906,-51.22871795603078,18.591498483342935
65228772133391488,56.491372159992444,24.14454409490353,7.56224918935397,20.64192353731954,-47.49822521472331
65239522434899840,55.854187500099634,23.86689549669417,7.353450280694627,19.594802695246173,-44.380437752826765
65280552259109760,56.30484671502358,24.256408737061175,7.830308376105879,22.395162862478262,-46.54478166747177
65281239453865856,56.37602962223804,24.312444915657963,7.338781422028091,18.946319933632715,-47.250448256608685
65419434321982464,59.39702269491067,22.985421583355603,7.430986194789563,18.61231286206045,-45.5792368331218
65420499473872000,59.327103623560845,23.02402852797855,6.161164081707417,26.821097019898563,-41.823435395755986
65649850728088192,58.62878229873493,23.437445356504842,6.170879533502592,43.55826864250093,4.833689816495163
65673593307063552,57.81600521946067,23.282072324477088,7.39121408595741,20.266120356445313,-45.198913858633816
65720734868130816,58.35055879613578,23.799400414244115,7.3122275822989975,20.125369913789854,-44.914801582099315
65775195052996608,59.604827774425196,24.016123941933326,7.477131647479549,19.664738605534893,-45.62571034716192
65851920348620160,58.97909153230513,24.37066461210444,6.55956215453376,73.6251691327184,-52.28827135863833
66453181412027392,57.49021652557216,23.724321434845983,7.226296204120492,19.09542860220549,-45.252255916425355
66522107047046656,57.038448290869866,23.97778621777134,7.268901985724207,18.50190436130725,-46.78460799602044
66522137109124096,57.042454617718754,23.9887810553353,7.155010040680028,20.40412533095061,-46.03483853838782
66531178017967872,57.19179572682798,24.169978738090546,7.266633947167958,19.04569974764892,-45.24692745584717
66531418536135552,57.2148810045494,24.20468553509519,8.842858306837066,19.992964095576234,-27.83030541131149
66532621126978304,57.256307043180996,24.193801656627617,7.2574319959588145,17.890950946641645,-46.603874445360866
66640712564777856,57.972539587398884,24.386761624747308,7.348432689535009,20.07659425306009,-46.265278945627536
66665902550940800,57.99722936044795,24.666178384513103,7.254904557109769,17.577519038694266,-44.62503895358003
66714177981308800,56.87471148663865,24.096925873956415,7.3060498316672735,19.549174656906196,-44.04487051734967
66733556873061120,56.65527358642529,24.343309000534717,7.289904593804694,16.380963499412466,-44.761625703547836
66734725106867968,56.81444649566894,24.39176364290305,6.954858021476296,20.305497758988878,-45.215230361288285
66738328582414720,57.07927098071365,24.420081101337,7.707961736747638,17.881019737623838,-43.090885913284964
66753038847347456,57.3142034745513,24.567072171009944,7.336933606142371,18.09458655232295,-46.939704794637734
66759356741758848,57.340953470015016,24.6254106146726,7.255275658920675,55.31296157432984,-26.665120239708592
66804406656115328,56.40309754227572,24.651676322824763,7.201061397315414,21.417715899391748,-46.242681287895564
66847321969262464,56.81376169308086,25.11524026769955,7.708863493880983,20.30469882342558,-41.129035597459726
66878932929927936,57.75971818177649,25.055291200514677,6.276176566753496,16.34409640990836,-38.26526200990468
66887660303617408,58.01103965973418,25.10400177716007,7.409750575654702,18.401739366429393,-45.28473751782227
66933118237319168,57.49246796172587,25.284893766193527,6.40800870749239,-9.389458316837237,27.92248524914517
66945174207083648,57.12181557166545,25.328998334832043,6.90782309590443,68.39471565500202,-34.69653421608389
66950435545271680,57.3346673052609,25.428301732688972,6.971480338793958,18.90808551277509,-43.69680503977185
67071171367623424,58.92938589036421,25.20984167905431,7.501399873335874,323.10106145351665,-36.54649505266121
67098319857861504,59.04862368984066,25.389421559288916,6.646127242968684,14.283060482256595,-107.04931775581161
67381787700522240,58.398054567533606,26.118798687539105,7.156593213590406,17.58749587725939,-45.23920402507784
67818912289059712,53.999938956529014,23.583519728416842,6.605023177741731,14.382214385863183,-14.84296210029491
68097020012324352,53.53056707846046,24.344244949131976,7.368017028297914,21.590979151615052,-45.057868171096345
68110828330567424,53.52024803559803,24.443739058436677,6.012061988552185,27.752423139345428,-69.69688358840624
68266787183070976,55.704707982598336,24.170868145420158,6.9290099064123885,20.258479277082422,-43.75877144636193
68317609532996480,55.76236248275604,24.6695581256056,7.42177512010508,19.448560594792347,-46.251957092365615
68368629448159616,55.51776601527716,24.803271946122244,7.374958027618437,16.382272793001718,-12.52509194765002
68409590552589184,54.43118456203327,24.258908552796214,7.062857094080872,20.906155075792963,-52.42474615645315
68448142178730752,54.55441333229951,24.637856403038533,7.334908451148601,21.09136160678619,-45.7117627807807
68464909730964096,54.409371595885865,24.77529652372174,6.201128622798659,-18.931800981756584,-4.942069143058502
68521053543432064,54.32443975964682,25.06245414627673,6.675772798265019,23.318014638582362,-57.5267606128068
68581694185489920,55.24698532160135,25.198561920518507,7.306643159453647,21.12464976090914,-45.97008590278055
68642515218949760,54.490155750288466,25.455275246667924,8.306018074515904,25.47598245321596,-68.24457457322649
68660554081641472,55.0249543783144,25.672340069931327,7.346215279595457,20.99054493754399,-45.58165874546525
69280163243483520,53.7868432779949,25.09813173496456,8.14543593595765,34.39672469377278,-42.62647556708155
69819404977607168,56.33701983849263,24.921874441485695,7.31021390474316,20.356301638083206,-44.16034359248281
69899978563939712,55.65858655426753,25.32275688633548,7.123883589657456,-23.354952324722856,-9.062623342932568
69917635172718720,56.1832111805621,25.4990904084966,7.186533778949462,20.32485977606972,-43.83160913236325
69933852969722240,55.983428115250284,25.60688604171066,7.613178900532218,22.034143330585575,-46.5573984528724
69935162935991168,56.01189022138177,25.656149201293164,7.323156582407243,19.773088992553234,-46.019073391669544
70010303387697024,57.401390021101875,26.037727888727037,7.402525727526368,20.3860061379901,-44.998275638273896
70040166296896000,56.323706037645465,25.938752199472688,6.062537413544444,48.96660969943607,-4.026441659394326
70127955428529536,55.77098887380925,25.742928469245964,7.525572168680947,20.486585613944392,-47.0037030119274
70134346339838080,56.17390102986723,25.935026727243905,6.018836352301816,162.78609974267735,-128.8223298070146
70231240801459328,56.3714531184191,26.129535880400127,7.159905611446794,-61.41645801164188,-39.65978442180254
70303946007737344,55.76406842644793,26.422987067740806,6.815517196480875,-48.38698352057135,-18.882131015416846
70409292965679616,57.961931766643374,26.456850260260886,6.8073960079488165,0.6086337614319017,-3.177259788025626
70493783564055552,57.49632819408239,26.914765274079862,8.106754027908211,19.39287714273521,-20.025836773177552
63692475216749312,57.30516353501407,21.366755700980974,7.199059052577814,19.926586571098582,-45.531694126162954
63744397073736576,57.4497578462429,21.778947413635745,7.6565954856498815,-4.30352380321731,8.609392531812746
64021920682268416,56.870068859948404,22.376423105686136,6.893616078653016,20.494595877884198,-48.931404684824116
64092907903452800,57.77559689630136,22.633376347393465,7.500111920385244,20.882520277954452,-45.90535315467692
64094041774819328,57.714511443641314,22.665930023557202,7.3085612644205,18.173101359371273,-45.33611629800369
64117853073517440,57.58174407485443,22.678164625813025,6.511338539547188,-13.478531517692376,-16.606389660793052
64387439578878208,55.19923341453408,21.722581796415753,7.241694888294129,20.915883949744778,-45.34195683688281
64449321467581056,55.50707154580541,22.39060459879524,7.5227639640978365,21.50447046062442,-46.90881537959989
64456262134709376,55.61385651221187,22.573392259376448,7.177752139311311,19.000000967207146,-43.149520528650314
64504636350202624,54.824190958320415,22.009103396326992,7.150068701996073,-1.093308243422664,-4.8360857803370765
64656201452146304,54.93671006565371,22.654103017730275,7.604703051583063,20.751404188856693,-46.504809433409434
64713101178855680,55.03829910195958,22.8756816506162,6.0299965666037245,101.39687716513777,-101.82144029804172
64753405152407424,56.386144948111124,22.35884695206872,6.252739410085043,22.086375291867242,-14.957733041629199
64884899871954176,56.865181439470696,22.83130837805527,6.401527889758189,17.084236998948516,-39.394881879189725
64888129687348736,56.920871790372274,22.929789076943766,7.488665427480883,21.143217715462345,-41.257636685383524
64922283267331968,57.3013765497648,23.228140474524007,7.450991731973961,19.729432027709375,-46.0451440559743
64951626483855744,56.5901773964615,23.066764839341367,7.375879588149474,19.396831408851817,-45.68282875975354
64988803720689408,57.085813664095504,23.51687667697139,7.206584546538967,19.379611669304243,-44.93597341377126
64998905483757568,57.082701624279416,23.603137970026417,7.327464562394925,20.807873955640147,-44.44900236993458
65000623471297024,57.06368705742659,23.700793437213964,6.988906661520379,20.001070493605926,-45.0483011094945
65010175477867776,56.78562001620896,23.71055110418439,8.119985067761405,19.541003783275116,-47.273181265555124
65011412428446592,56.789425681111695,23.74197963632735,7.329093106510834,21.21594470792443,-45.57679495157199
65113873167733248,54.98907073327186,23.32825147918977,8.412299271002707,22.543539423263205,-50.368059070020365
65120470237460480,55.345801507755894,23.48673483571187,7.4801116586688075,21.626674943484065,-45.324354884444176
65125452399528320,55.13134552101876,23.550448733258403,7.488421887730397,22.035110846247882,-46.2842418446027
65125516823040256,55.11912329769928,23.56162881899148,7.1446223008545475,20.963269733646356,-43.694402921883096
65173620458875008,56.462718551320094,23.621278347196252,7.224087278284057,20.374159257125207,-44.819773567344086
65188090203295744,56.27211037045957,23.70246592516979,7.47060055813846,19.74960133387602,-46.401071174135026
65200833369154560,56.655567734715525,23.848284005620652,8.310384344994052,-21.069213809072057,-40.60773183729966
65201039527567232,56.51159600199895,23.73718212047578,7.4257959863862055,19.495712257918264,-44.25712868823951
65217326044027392,56.52529124318867,23.97184934749192,7.797066786893609,19.115988612794247,-45.664066536947
65226401312036864,56.630027443508745,24.11714094376496,7.393074300074635,18.379558739104738,-45.251955853836385
65230764998207232,56.566787224157245,24.189434810498856,7.39543822777499,20.755873830415954,-50.03176368981576
65232066371441792,55.9155727826314,23.69221985705829,7.244614096975412,19.969143551789713,-45.53035596799632
65240690665952768,56.061097759171446,23.827679877436633,6.499034891207707,17.337962605327522,-39.549016572130725
65242412949567488,56.096537599744195,23.91526374690141,7.386750550093463,-52.36850374353201,-54.43547185662291
65270450496044416,56.31729783783005,24.12099472373946,7.52998049381524,19.870546455968466,-44.98035671662727
65280071222749824,56.51448084262988,24.349022127316783,6.737441502552408,18.420127567135655,-41.82671249431167
65287458566524928,56.20099235353907,24.28926774500748,7.385246890845397,19.84914439143686,-44.96559622643841
65303435845499392,59.042960068709895,22.09828616367548,6.382321792278161,-22.422780005421743,-16.52385841973262
65360232492848640,59.18685709685687,22.664730156957308,6.297288135646821,-22.088382915872984,-59.92070547680805
65386792570631040,58.83139502713038,22.685314322539384,6.185783807330009,0.33490350931523416,-16.299518812374266
65698950794736384,58.55760712308558,23.57924654001935,6.082591574333371,19.541452554692118,-13.75881098482846
65799246870046976,58.60712724142379,23.749874946731186,6.808411743039332,0.36127690286169245,-5.594989958762056
65807218329068544,58.89344311764004,23.974417285254003,7.097516531348718,18.506625483909637,-43.286668333746405
65819965792011904,58.590039916938494,24.075488278861247,7.38953573788731,19.32826700251732,-45.65249948875221
66471220274934272,57.9870267667612,23.90175276491097,7.5653725973483175,20.569032402298205,-45.934426876990045
66490977124308480,57.97516818467287,24.047351087783664,6.887879632289195,19.47797759662927,-43.62855553230289
66498158310444288,58.02805274094849,24.266637318030433,8.12704082944294,20.69844966785594,-46.83322963928644
66501181966524800,57.38809269499062,23.795195713242105,7.263685576556919,19.92369547226627,-43.75212075508752
66503449709270400,57.27555029668442,23.781037380088584,7.236496414377099,20.359244980198163,-45.959639382388794
66511970924353792,57.385640805744764,23.928295867174427,7.528337727096914,18.378447709251535,-45.352257911091556
66529975427235712,57.296830774548276,24.136498420483132,7.241378315608465,19.49605376673818,-47.64989929604236
66541142342159232,57.6768887678008,24.21524450768627,7.334389583114657,19.76106528764419,-44.78950070037432
66567427541958784,57.729165547344984,24.550845313923535,6.968903348659405,17.490161314711415,-42.371268198107416
66587459268570752,58.22409662358323,24.235734424825882,8.42958348482707,-35.90352224630938,-89.14939601655604
66642641008348544,58.073576036684145,24.454939903620193,7.748776837538154,20.17101363408414,-45.23815529065795
66644462071565440,57.955996367868046,24.46745042628587,7.253626250681656,44.05809701263356,-23.630715409097576
66649409876772096,58.12888489916184,24.544178292973037,7.188074287174772,18.927016013512805,-44.09308609092023
66658996243552000,57.913750384057074,24.548696125636305,7.479410227862506,21.2311257075505,-46.05927353044224
66694455493470464,58.24652162702127,24.9013424551909,7.295031761348758,20.668957748588877,-45.24839513108357
66712872313288704,56.99745261958569,24.098812647903436,6.31690458099838,-7.87427793536661,-19.01735997136127
66745617143891968,57.340716620829006,24.380752387790455,7.189385624305486,18.566769795996994,-45.34756663616908
66753446866736896,57.31309987359612,24.606090987046557,8.042853870300565,20.88739337621416,-44.46332274703742
66774513683782912,57.33590317007083,24.776462360298346,7.349364198624109,19.201379543302817,-44.489666559611294
66782897460055424,56.74397999975443,24.46092173710442,7.467139144883223,19.301604877866893,-46.139399761153214
66788253282520192,56.589064965453765,24.56438443480984,7.178588553994465,19.246538812863587,-44.22326675288659
66788291938818304,56.59455349459927,24.569949769064657,7.393670835522528,19.683164514250493,-44.9936072177932
66940299422471296,57.108594247341806,25.244490489581228,7.51025816775081,19.747984466432346,-48.32004863058663
66969535261875072,57.73598403343149,25.58491725369119,7.439765319902158,18.703640753131836,-46.63227427757368
66999913567402112,59.23789633925939,24.809424005704027,6.808899335071992,16.451870035837334,-42.30284538477126
67227164580062080,59.25707298893196,26.010485258002987,6.099081947399147,23.21928828826197,-95.31153256797101
67331381964358656,58.459514586095786,25.96445261928499,6.297113655022864,17.061863279019384,-39.10305214608845
67369658709673344,57.98934328927283,25.998665776464502,7.337022096802651,19.174378854485525,-46.704154454545126
67391923823101568,58.484980529181705,26.263137606315286,6.261411071948886,59.00479549334294,-26.467297174868598
67700165034015488,54.08113239564187,22.84597986909946,6.018538779126242,-6.0020214774918,-18.75015227210432
67791733736658432,53.80517250594945,23.364053934416194,8.706652760515077,-17.002311294238964,-50.007273598623144
68117635855255168,54.911295650757275,23.38883701888097,7.377559616270141,20.477999618780313,-44.508144396680514
68127050423764224,54.99364775062503,23.559575651645737,6.086959888297384,-2.7347808310120048,-38.404501285762045
68145776480904064,54.952174940142214,23.76759558130002,7.635748886055412,20.92556520785738,-46.90572433483162
68162028637205888,55.33071458119611,23.86146815087619,7.411967132291862,20.085951759718974,-43.36242692609376
68171340126507648,54.97867387321274,23.92271674169819,6.767302790900628,-25.846913507085624,-3.6454119462964325
68192093408157568,54.379519768679884,23.768517685003715,7.084015627498157,20.392608814317313,-42.6436550971227
68296650092601088,55.93219893605275,24.487532595140085,7.324938514001506,19.112839839652107,-46.1780430803015
68297921403225984,55.862444674942175,24.45257885141954,8.186511781004615,21.041824571381415,-49.689680167106786
68353171860245760,55.04563629873283,24.719211894378503,8.857856883033715,18.82657187423085,-22.877745313157554
68556508497159936,55.00773179679338,25.071963316981677,7.259310844987262,20.46257909856886,-46.086659537376036
68567507910236288,54.836808738548804,25.08051633646406,7.5933738711833225,-15.761397578980148,-23.06336929254813
68653201097557888,54.870807836314235,25.58202091995025,8.148473135242364,23.341685276435093,-50.01843932868205
69253392710604928,53.61352438551813,24.904110656150316,7.79625271285543,54.688607598661385,-123.01766594844065
69280163242172672,53.78673788605225,25.09836893623156,8.111904427537747,33.781358641716494,-39.98391523609156
69383753558066560,54.17698211819283,25.323941310884123,6.482580884116936,17.700645828489485,-39.131770872071044
69405782446704128,53.883673575996006,25.568691903712335,6.147471960184837,18.06838925133318,-37.4131784334831
69806962455352960,56.1978078001474,24.68276085875139,6.528116841521189,31.237998484070065,51.45703022524815
69810093488518784,56.34798254632309,24.850604376158834,7.161952455113753,20.86347881991913,-44.53971579856422
69877988331531904,55.930098933897625,25.08049424832434,8.126112789370953,22.197434403671693,-52.654042306816265
69896473870624640,55.80678409298201,25.2699292605034,7.479777791823296,20.009558000383134,-46.01546639608174
69904617128601984,55.89680277271759,25.408460504484726,7.602327314027255,20.19817904330972,-47.36809058359031
69905854079181568,55.94448192878049,25.41324785839158,7.307026176510221,1.4893402382111574,-23.050848549750814
69906472554465792,55.97455348593456,25.47487895307199,7.26266420477807,19.00230019109934,-45.790530423392774
69906713072633856,55.970030289721734,25.491626639175383,7.232947154619978,20.38386716875307,-45.44393680977453
69930764889482752,56.10458705678782,25.56760995826113,7.320168724172881,20.873708971453578,-46.7635571412532
69990001079112320,57.31200331145015,25.88273495975086,6.048395671932161,14.559726920594912,-38.02662340711617
70035940049650048,56.34155540389448,25.862765053016336,7.559590517415991,47.66704972369576,-14.698308492215434
70085929172184704,56.98619759614278,26.53078066941317,6.817379102918073,18.765887990111434,-42.097927421868576
70123248144369152,55.95833343196762,25.702721725878234,6.1921126360986145,35.395782049002705,14.125524063132115
70158977974956672,55.17747786165172,25.70526832583363,7.396323568957691,20.785015570847214,-45.87098952659123
70165476262750976,55.168079441605656,25.846594275332414,7.256145998522227,20.865652578504715,-45.70745967540279
70282986567389440,56.51365730301843,26.545330283066285,7.269836655949673,42.6411017717662,-4.573272973748811
70298895126197504,55.905978959548854,26.35162040109698,6.880815035007037,-4.395621141154014,-5.560668099903426
70356580830628864,56.02056349331565,26.96946450921715,7.474264263220654,20.58947399635434,-45.55254574314508
70388848923371008,57.559059418654485,26.23888181823845,6.792677223070671,-3.8113461127068606,-19.956184156877608
70453303494018432,57.450722590994545,26.62974817689401,7.62911058479409,19.28776461180914,-46.372723485571356
70484987471166720,57.85301448376705,26.905824416463453,6.941780619931222,11.500373602699778,-16.48831887968775
70493268167993984,57.409403943429396,26.851435079305364,7.310328046118832,19.59946001609844,-45.50857523991807
63502745034164736,56.29806820079618,21.241338325221804,7.30186058491228,20.36638703270864,-46.219003660420974
63781329497669504,58.3975193870602,21.78479398088961,7.913275856614338,19.90394572142425,-45.48629173330715
63876402894075904,58.470183837285894,22.41833148614529,7.449216493422733,19.46628363123858,-45.26295888165422
63917535797205888,56.770191630857816,21.7070583204134,6.541119977820732,100.8473328115449,-33.715916603993186
63958561324922240,57.296939137029845,22.17655024292767,7.425806148675288,21.595947688992624,-49.77010613742128
63989691247627776,56.413086086113154,22.072941790439312,7.595165178454831,20.3006957339678,-45.655047436779554
64006905476619776,56.84689444035548,22.244354276021415,7.121282586312011,19.56523367259846,-44.07548166486084
64037004609680128,57.572346021470054,22.105650566405455,6.293756011995965,41.34719777544782,10.528984959870499
64040818540162304,57.595542606765434,22.188131148359005,7.282447165460064,17.154258288519657,-46.26654876678263
64050645425297024,57.763104933967256,22.3977089529645,6.4503479505096655,-3.586239173684159,-2.0138926873843075
64053566003097984,57.47955819207775,22.24395883052281,7.4144394339727135,21.21758879602769,-42.76726738915421
64104933811828480,57.96086681799793,22.89551471851388,7.315539042944565,18.2409132166166,-44.87318051720924
64317998547641344,55.60007912242965,21.473277522535195,7.844363525705177,21.141174189557397,-47.93625579468652
64438184617001472,55.73439850136928,22.37724568518697,7.094847771842623,20.677419395891977,-45.90058591801566
64453685154291968,55.43784879484009,22.46704884658764,7.48747040106267,20.484618144590446,-45.33844201798303
64637612833779968,55.26840886303688,22.53171479730252,7.513458598337847,11.24660617259441,-22.16604856250546
64661595929844736,55.15668490053428,22.763748713626825,6.821101553041274,-4.277359211530785,-5.572097737781058
64807414365546880,56.598928093686354,22.83776555026826,8.671378612244336,20.661538987728317,-45.37377577677705
64808483812941440,56.645075788192386,22.935281042623288,7.2607543201303235,19.45079799157423,-45.27898452661234
64818203322590208,55.864443508802935,22.627943816680016,7.738056145401186,21.28863642801427,-48.15756599688649
64841503521468544,55.76757280534597,22.800769543491423,7.642530346462955,21.911937015344915,-43.99242939123414
64857721317916032,56.48745217516747,23.024581569648877,7.389054111887702,20.838575638732898,-46.31017377392607
64894623677888640,56.970373065713645,22.99259933079853,7.171703349203403,17.45843291565993,-44.84198072234931
64917094946846848,57.274755692608174,23.105917656349703,7.430479853340606,18.89321440089389,-46.58328631284021
64924413571101952,57.485491827507374,23.21843142395095,6.921465300774905,18.921303017911203,-43.200525582216834
64927368508592512,57.52090986726331,23.304637841703407,7.370344183553121,19.019871912126003,-46.8526775047032
64971177174850304,56.54194518314664,23.339791180056473,8.18592379280657,21.08201982986673,-49.85086216733037
65008698009126528,56.642591450519646,23.623821625731356,7.334491533845194,25.558090648021306,-46.070946080845324
65010244195009024,56.778688940104594,23.715008173231865,6.808915098743059,19.59850247370788,-45.36308568784612
65074084589916160,55.76843761353365,23.21763795716449,6.588779792797593,-4.902972466953174,-5.842384537268834
65119469509073152,55.16450502269008,23.442866615958764,7.561025966869867,21.117881060970202,-44.361757421866216
65129506848731136,55.67669619215472,23.502637215949306,8.309649468736074,22.295339381875124,-50.837766852324926
65179946945247488,56.087034239879095,23.56092855087351,7.372910720374971,19.28602141734942,-46.30352599636022
65184894747573376,55.90468213861298,23.642095008724848,7.380512084447238,19.871268352271496,-44.6156897748046
65184929107310592,55.92315056799927,23.648957620762896,7.806210964547051,20.23368750385818,-45.617876962371234
65221487868870784,56.46524526083272,24.03867637774549,7.295877939593721,19.8061014454413,-45.00296374339572
65233788655261568,55.89349233390916,23.761713579644525,7.27281753089127,22.96594039164058,-47.11639672043164
65254885534508672,55.674440494307696,24.004169380506745,7.361057342556959,19.45472846866403,-46.510573037379245
65282716922610944,56.407554166556594,24.33546030372484,8.784935218338338,21.074604762826485,-40.3750347976836
65292268929825408,56.112090967849646,24.408645421392894,7.176701000098328,20.199761658090104,-43.419547832495866
65437644983223936,59.119359567338776,23.150822860501343,7.293223370439239,18.388670560532795,-46.78689957669854
65461280186888832,59.64628409269093,22.907093931911263,6.596383958816565,3.6544055039012227,-40.73206338533584
65544538129847936,59.330591983935534,23.460322675022162,7.140164284709472,18.178372451726833,-43.71991150931614
65553471661907328,59.73398455446409,23.46476086930674,7.148890059300609,17.90520488952166,-44.77764235400888
65585013899897472,58.33275108295288,22.756423623634433,7.525572398366162,12.098862681976115,0.39862171284628384
65585357499261056,58.371321822827824,22.763401330819292,6.393327119539521,73.78330592842732,16.157061900732316
65604770751295872,58.245362462935866,22.992379180987392,6.082085913838648,6.714856132752154,-44.93027550120406
65611745778297216,58.37929779915594,23.09424285540534,6.916615843463618,10.56947871725746,-25.266232809917597
65674074343392768,57.95098226052053,23.285823222320644,8.24774906709084,223.34853634352362,-90.3828009383956
65718016151414912,58.45298861309619,23.76839553624431,6.0748117220829725,21.135391326530858,-90.45316950668122
65750627840192256,58.870949393255714,23.772242308625067,7.250917408676775,17.75908308968357,-44.95246810382396
65805289886772480,58.875234933690365,23.91483527222495,6.316951694996547,-12.722330517970175,-6.40329024261191
66281039121406976,59.828034674886496,25.065874356398062,8.619667506104115,83.63873931604346,-60.21237884941641
66490977124308352,57.974663294577155,24.047512226294764,6.85068366756881,19.41812457955218,-44.35715675774506
66522381924952704,57.02772402473882,24.001720385327307,7.189384900282409,19.080368487026863,-44.48204907370185
66523893753437824,57.1091158768964,24.048182417276898,7.419126279193348,19.673447078688287,-46.25819665857012
66546742979468416,57.92638266259304,24.361311807427377,7.336717461362355,19.79467123420374,-44.488169793929515
66648001127514368,58.18023060080065,24.466110780522413,7.329962061772594,18.086389860928335,-44.6909379196907
66671468828544384,57.85786918508059,24.793952579097773,7.613926319617798,19.724971734678192,-46.49564297101219
66691809793716096,58.520522531106046,25.08487841936487,6.160316314680345,37.99636585339967,-58.645126100041814
66722355601033600,57.2390534091659,24.328640616351645,7.401792152784153,19.008718152075197,-45.445622804738115
66727234683931520,56.76502117317897,24.159487376870935,7.276889102352219,19.333333440782077,-44.72484181110621
66740497542906368,56.883975666463144,24.40493750874421,7.580216981202935,19.454855978660017,-46.58009288982839
66771146429454592,57.29898892437124,24.636381429891678,7.122279602702367,20.68263911903849,-44.73938013188233
66779564565300224,57.34143853206736,24.911869279534624,7.397308082411872,20.535736201611773,-45.84534167733388
66783099321711360,56.728728157065994,24.466451174674035,7.100903113019547,20.77915960875575,-45.94510626335568
66786505232432512,56.51218035590119,24.527697326214305,7.423127367767808,19.582296508324045,-44.877584847283686
66786951909028736,56.60060394169888,24.503410953744226,7.517992731860465,21.752897216758257,-44.9391300037184
66791246876452736,56.850358636288625,24.588227280103567,7.829002680212958,6.910699969590855,-55.738801587360754
66791521754962560,56.91264277154859,24.60601327555753,8.043128803711536,20.831207310046967,-46.753624716355816
66798526845337344,56.47976397387461,24.554604059172803,7.3551891416930175,19.533204676406434,-45.55090168896121
66802654309459712,56.41749644530271,24.627032659213327,7.771671045232611,17.796128684531855,-43.097689439060325
66942910762588928,57.06457646223445,25.243313086602914,6.855480925324777,19.155874667958145,-42.056806547832466
66960262430594816,57.573731542368556,25.379363743861116,7.23941620088313,19.347753197883975,-45.86003924563756
67085641114472320,58.547946463112645,25.31173412692351,7.44152801463991,19.45661899469809,-45.611562941253766
67368353043627648,57.824864278483496,26.022656116606907,7.311513112665016,19.310613657171864,-43.88758080502819
68170721650939264,55.07859767517824,23.90637216703363,7.508409802864794,20.96857757122531,-46.637626167120075
68186114813689344,55.251691989287046,24.22626696033306,7.2492674091900104,20.668062497077784,-44.92118727245915
68206520202661248,54.28027875067114,23.91664769948179,8.270753369577466,40.60259952508953,-23.895778849448345
68310561489710336,55.729745748660456,24.492868817275667,7.270583160634106,21.20960169235345,-45.11720953111689
68322145018429952,56.05809868574246,24.779195241070113,7.33309960496548,20.641313656639063,-45.23559883830963
68327402058399232,55.86760937923613,24.891795944870776,7.397119658177524,20.93307748939296,-45.634432777707325
68348120979420032,55.08936909685469,24.57446016026628,6.823902196276457,19.47427690669153,-8.256064767379213
68383404135923072,55.44356919100582,24.92571292515075,7.425930264335447,14.165186094137438,-46.2864638036842
68550499839750656,55.06923236610671,24.912749609182544,7.001705849380171,102.11694897722018,-58.037843257506694
68594823902190720,55.16768315048272,25.276428505976188,6.191708160149142,56.95114015469974,-47.02373919057649
68663470363446144,54.61470925022724,25.5048954197531,6.565046421948857,18.455464713182764,-40.22918636482605
69834866859848192,56.325703284283655,25.099341098152607,7.4380772139423605,20.86351880164022,-46.2940528962849
69837134602589952,56.21473010374198,25.08777464661099,7.1556032681894095,19.550841497341686,-45.85813750178682
69858192826309376,56.81340193016284,25.40518863726138,6.851398807014841,24.689314585001515,-19.025289235788403
69918979499308288,56.286047895907856,25.557284619295455,8.452786978223317,69.81945565625588,-0.35046477289438094
69948253997063424,56.94524283764543,25.38549346832899,7.2009784966893235,19.422889821125843,-45.7770402267978
70049855742182656,56.51207962985565,26.177677486047166,7.6831105869106135,5.543887149612004,-5.018289508318846
70077270518065920,56.84147827794629,26.379668527819774,7.535994762888507,20.679228201590327,-46.724756753276054
70088819686490496,55.514307769936835,25.377406685532065,7.205722816295625,20.091908702629333,-43.879916969071864
70098302974328448,55.81974956644715,25.54615905742947,6.167383718677266,55.46638880760828,-22.30816697073601
70123003329050880,55.93374708446591,25.66362571551907,7.663925692212121,20.666605995135242,-45.993050326798866
70138499571946752,56.11254696484386,26.01214432697683,6.558566743806491,17.00924219398475,-39.06166300600912
70189837317110016,55.04559055682499,26.11121030197882,7.124132246599021,20.132120655612773,-43.72299645323373
70241033326866944,56.49510380195464,26.33369184449632,7.273518281737768,19.996582200164305,-44.52598918784556
70400221996724736,57.634628850519086,26.439737169479123,7.792594542612193,74.0569123070876,-55.79477219487089
70723164879244544,56.66680091787576,27.07897205333123,8.32991724802539,-28.084189834133664,-16.0786850373173
71078483230315520,55.45026051976445,26.78898039284342,7.0688004637267365,19.9940766390579,-42.88747302013654
63589159777315072,56.50970319131981,21.6336588683975,7.188346168321684,8.288472259490407,-0.5627309832707452
63592630110894208,56.33006791675075,21.702064098316974,7.596331635924142,57.254306968483796,-3.005734759312882
63834282152243840,58.2184299796015,21.972159116809948,7.462312932416074,94.68435843500569,-102.1673912717004
63891216238633728,58.33290267925422,22.5172182441319,7.267721273073146,-15.83796691167904,-7.206202178671235
63997697066663040,56.503952006798364,22.208012264640587,7.883120991931724,21.976459523078464,-50.43296974142709
64127881818726400,57.210238158652054,22.741499471337367,6.987704998321721,20.63035008723161,-40.82419998203805
64150632263858560,57.91511165161392,22.91576797767393,6.210405427031362,-27.635306480916242,-7.4234088938723435
64162417653982976,57.524617028874474,23.0043189792835,7.260930955449633,48.611686960952134,-10.006938127545384
64297485783636352,55.043801669227854,21.745856487656866,8.251142471611866,22.473508562999726,-50.14726708887869
64377505318381952,55.67050569488646,22.076509289673005,7.9279232532684905,2.7654413011290293,-2.374664196456649
64432828793171328,55.643746873778355,22.26565471648027,6.309532920016657,-11.188440557354994,-40.62824495975825
64450283540250240,55.51651081923177,22.426713907610658,7.02338554254298,19.35139522291347,-43.95137856363437
64453887017111808,55.45675204081487,22.49340284922183,7.375999275620265,21.207757057570976,-46.047218658806685
64509416649857408,54.71175669198333,22.136374108151717,8.027487010685835,3.717579732500411,-60.97048194077422
64640155454422912,55.108526765501566,22.55171893055555,7.642998407135674,-35.6545388288457,-1.5120331979622224
64667535869958784,55.2270611799686,22.9069549713295,7.198159429661968,19.80067674453128,-44.30913428211956
64754367224194176,56.31444634634663,22.373550116767884,7.01155969123129,105.23460335608058,-15.587590021911593
64795289673433728,56.557800866024586,22.70530804048819,7.446592878019465,19.323375340959032,-46.23261997050603
64798691287540224,56.41633572294943,22.694265149860293,7.291631614082201,19.830372611939126,-44.158154915313965
64874866827592832,56.27878327455477,23.168167666224132,6.795946891278926,13.712870638269788,-66.8355388160666
64943758103791104,57.38580185574098,23.41124239957272,7.488137995795465,20.361216760707396,-45.12416162836422
64971933089093760,56.534933945361814,23.3473212122962,7.388568334356815,19.54291585018702,-45.246857647763434
64987631192936320,56.958418318322856,23.46454192808911,6.416532418437938,15.711907760223816,-33.912130542602824
64987876007763968,57.06355849715922,23.434685520365303,7.353462097116693,18.67680196333135,-45.76653225878188
64997187496822912,57.254848933906466,23.637477098863307,7.406563177256344,19.64784256494785,-45.61113132238155
64999558318784768,57.057450573687056,23.632990088333862,7.437404133116667,20.121801104173304,-45.97765650888577
65014195567317504,57.03323531524461,23.739708845865792,7.607866490051984,19.479681726603236,-46.647898608854916
65021720349544192,55.60344137022338,22.7657193254715,7.680121346412179,84.59622689493008,-33.448612629766174
65042439271761280,55.44449969060987,23.02199835550043,7.382324950580081,21.821171152495207,-45.57155864966063
65056526764528128,55.93744520454143,23.055694268704652,7.183729162793427,20.21799379712614,-44.39095671123844
65072435323295872,56.04683380132059,23.379119346046334,7.58020870179761,22.039851021011096,-46.63903879701039
65079788307324672,55.651179029374646,23.36783880666926,7.456015960593475,19.555682528777616,-43.92896916132491
65098823602690688,55.1612511801263,23.210076310109372,8.391118531506532,10.474537607912303,17.532842781451045
65134592089910656,55.536924227074216,23.587895919357532,7.259168619515059,19.04030741626996,-44.249658033810164
65151531440914560,55.41503159545681,23.762883513854284,7.582046291334272,22.103628080665608,-46.89623639600777
65156891560085504,55.609551265925255,23.86060771230318,7.238355792828112,21.479147948029535,-44.34702859826589
65161560188203776,56.24788981635665,23.354879829583545,8.093948459864036,22.547410052943484,-51.039598451214836
65163110673516928,56.24181931752337,23.408471301585465,7.4255680209980675,18.802964800017666,-44.67446134102455
65224511525936896,56.53194261457591,24.061713055059023,7.816880392675724,-30.475504550932648,21.711875584021445
65264506261240448,55.83802446730886,24.18570143772121,7.5405934166305375,19.330017856024007,-45.375585014003214
65285633203088768,56.11465917614148,24.237911081509317,8.021474196031225,22.494818782197953,-49.180230958874226
65307112337418624,58.96900262155231,22.179734906609404,8.957829140693969,45.53787149354919,-46.752427024480305
65366829562708480,59.53342678141494,22.82646227360098,6.561229322690845,24.584817254620667,-26.17330149532252
65467778474649856,59.62918552417765,23.070053029348177,7.4917930357404465,17.929924888051566,-45.93978898461717
65588484235454592,58.26896651993362,22.801152586524747,7.293432572419531,19.036700125001953,-45.56094834136595
65677506019076224,57.679511495208054,23.332013611472313,7.273865469453809,19.147023737008404,-45.51685953734932
65806050098142720,58.95296726755318,23.926521357212412,8.037271765856893,26.00830768520443,-50.834812495072704
65814979333012352,58.61721631631697,23.943195602541135,7.347398824127069,19.161216207733634,-45.28122285091688
66161020555461120,59.80387587470013,24.288307388285293,6.800568184143455,16.741579511783428,-42.13618446141797
66161604670993024,59.87540390798159,24.335996791622712,7.110892782762682,23.59686268737382,-34.35532728351697
66175722225726464,59.85560881289667,24.450847373324113,6.327275881347404,-2.5202018607654324,40.10563693845531
66238261247107712,59.25918572934652,24.629925138413025,6.429300789291742,9.401512344993442,2.701748305818093
66445038154189952,57.79958344537178,23.74521180500478,7.360262849437637,18.659365680315418,-45.624193765025254
66452769091505024,57.459924115814104,23.705388529695107,7.208992297855638,19.586708265427433,-44.02362241603657
66460225158376192,57.552561036719965,23.8134127071611,7.440036984242798,19.48863478188771,-46.437842518425406
66474450090138496,58.30551209283792,23.92885737299431,8.426296285987577,10.31715161187234,-47.004427273004815
66497196236905216,58.03476201025947,24.230108797900478,6.303752604462208,8.060194602080347,-7.831351372051104
66502281478384000,57.35031052451207,23.83904217176717,7.299907366106098,18.987960750078393,-46.81658330836266
66566946505629440,57.644175638875446,24.507572021342792,7.217253321624427,19.843612051501747,-45.04069139111231
66570176320196352,58.34039474592362,24.057257605370502,6.050636202026878,11.96721864065626,-39.29834789260634
66570554277316992,58.348871614505505,24.064836614014734,7.264549191017467,19.43292773085072,-45.30034146560551
66589550914975232,58.295273119374755,24.313484105697633,6.4355669694749915,3.5978194261156755,-3.9995497525099943
66609793098388864,58.55055645198166,24.450243440532233,7.1734415976428485,23.998927435632016,22.068272049516636
66612473157921024,58.71911266637741,24.57605411468916,7.208138391902515,18.67246102022614,-43.91358350807733
66692119031275520,58.202052657715775,24.81429421357421,8.934696551353325,-19.299902976401338,-10.273464566239994
66709333257230720,58.35107468332698,25.243654714931846,7.848809801859378,18.77384981418775,-47.55450965350966
66729021390315904,56.789309152832566,24.259489450443994,7.833640432074027,18.7083680264338,-44.982383170557924
66733763034205696,56.78401518543688,24.306630324930296,7.383106353077731,21.055021775947182,-47.460814017984816
66745170467302656,57.296064164609405,24.347399016105328,7.333918726452952,20.412294770494363,-45.02321719830596
66754241438299520,57.551775384114954,24.532726387836213,7.223150189887358,19.107476326659604,-45.534887888264535
66785504503382528,56.46297350545709,24.436236707935745,7.209794353551507,18.427704529113974,-46.40663934106374
66800244832257280,56.523814101890245,24.613683357394308,7.347148990756307,21.355364281628134,-45.16090854605797
66801623514684416,56.54130256139035,24.673394039869994,7.375605230542337,20.49684982104614,-47.161336891120584
66801623517294848,56.54154704207585,24.67370493539722,7.534029917537035,16.744196797046282,-43.54263554160482
66808869124393600,56.65748307121974,24.747477728499646,7.632741644567266,20.422639395318274,-47.62659983841286
66908551020846208,57.79045247615628,25.31445939594277,7.134625816875711,-13.827098721758178,-30.197288783034413
66922088761382784,57.24753589995385,25.033553369136268,6.943053929927199,89.06361877306728,-32.905036492498375
66990773878094464,57.6378591657422,25.896749374005644,6.012739164180107,26.622602490050532,-45.32394985745246
67011114840001024,58.955303837798255,24.896283875928177,7.008635283745842,-19.30378568732203,-55.262342147678005
67072751916039040,58.94648110754512,25.2442113184995,6.026413438614505,16.188502370899915,-37.52435360652039
67100484521346944,59.15858735293558,25.474357285874298,6.943839238617745,87.79618394050298,-35.72015832195823
67154223152711936,59.51553509218983,25.59291264911125,6.608732057510921,121.78858190673499,-40.027102790057505
67349764424286848,57.989753122470326,25.808514833665072,7.9065653876327495,20.468619714294732,-48.884779704390716
67411989910269696,58.38073335039643,26.527878507511392,7.630436560311867,19.15050434315496,-38.05609908255969
67721704294101760,54.200416717658996,23.04886673044979,7.005904063947537,8.731124308352912,-26.163133817146182
67753147750455808,54.21203407639802,23.303851919533976,7.166308248202282,9.041531643539528,-42.63580295569739
68122240060155904,54.77145483855013,23.4857305055006,6.383434952343055,-83.05498666096896,-165.25966273441264
68192776307263104,54.4425100298922,23.834245154672445,6.9912440083613365,44.43056031155658,-18.255291374451573
68217519614071296,54.536269613488095,24.158409810964475,6.357350671139222,3.438407301747993,-11.426911119703103
68263145050803840,55.501624542599785,24.170060282479188,7.054724665871137,21.136895741063924,-45.905267175290305
68303728198686080,56.079500230471574,24.5882578307589,7.293191575999419,19.376287909920762,-45.97903948741636
68323966084583680,55.800589547384604,24.745746758247314,7.278881418037203,19.59711686499867,-46.91534249809131
68348155340347776,55.10089179724542,24.584305576488273,7.297294496883986,20.815545173730907,-44.23701968914629
68395606138958592,55.405307633174154,25.14226701996682,7.523789987380409,20.633050296957002,-46.288960282882016
68468203969427200,54.4480325877061,24.89598496190662,7.0344918820298545,19.984505583113126,-43.851144321919904
68508649677926784,54.0318607239322,24.744647625411,7.950334638343317,6.706217116959988,-17.039360450483557
68536549785807232,54.06800863406619,25.146757909606574,8.311367564403337,23.57515680736819,-50.179377570212395
68576372722713344,55.16944833734301,25.08351522479845,6.169360566952928,24.381343701377205,-16.252284243527754
68583966224862208,55.392478469106514,25.189678660642002,7.782503201504215,95.72563318780865,-126.02101705798404
69291055280511488,54.03498316217396,25.334297298105426,6.293226136405988,58.76571424461288,-1.4620323021756187
69409424578948608,53.959615743325756,25.705589938566387,7.363656223642926,21.81493534990031,-46.01428877911761
69823940463098752,56.11385520616843,24.84375697029257,7.503301131440386,20.676889317311133,-48.98876814771033
69834282744302208,56.262098904649356,25.088651762657655,7.392752847218599,20.68709891680141,-45.78757340549822
69872044096705664,56.496515250865976,25.39839015777669,7.412431557949202,20.318909900230626,-45.41323411860892
69878503727603072,56.009591673177034,25.064755191892758,7.472112695373374,20.525841511035054,-44.50217440357429
69925297395123456,56.38630430300657,25.61092540526665,6.424566009988169,-8.143315293171511,-22.76064280563444
69960486063896832,57.096379060104766,25.60496295624271,8.388508137607438,-34.0963749907221,-23.095776904405774
70114039734416128,55.52034957514179,25.66308487679759,7.183251797456246,19.61186381623379,-44.44273913200854
70124794332591488,56.00456951377996,25.726775843431906,6.094936633041423,68.73707352449543,-45.11109938303766
70143314231433600,55.85826185410837,25.97826480224164,6.274822370108825,17.26666190077103,-38.78394574217744
70180216590377600,54.991109086565196,25.924761014624796,7.670244565641674,21.07126951839483,-47.354060674171215
70328203982301184,55.9629287382526,26.764234072135825,7.33622809770576,12.594057050112937,-13.019169945249727
70394999314531456,57.482984799194135,26.41606548878585,8.133678786748904,17.801069594757124,-9.883089071193597
70461554129560448,57.051972156311926,26.58360374254647,7.582671190496229,20.9839848688399,-46.5651161931697
70495707709395584,57.526829832795514,26.97174736066095,7.469647336402018,19.551514295073243,-45.636413127877326
63501916105582592,56.4117284758614,21.218671115732903,6.564260123932863,27.243292774914096,-27.54509437711629
63519787465099264,56.91977609162631,21.407934799490874,8.094551777143018,-1.236649457587323,2.998946273931379
63717665199974016,57.343901720159984,21.632098141735444,7.557019272421872,20.408068946671825,-46.356015875885454
63907880710793088,57.219668639015545,21.751206807265493,6.705557403784854,16.00941240871289,-96.38027932870511
64000858161160192,56.937279217563024,22.084400500903598,6.022803229056837,46.114510070697165,-12.554763723929902
64009276298551424,57.13098501190844,22.210939704068146,8.90462167148005,70.19817892741402,-69.81804330164118
64124136607381888,57.15994091919682,22.564254601327335,7.391322129924882,21.800771220962503,-46.31758698046053
64129294866302336,56.97574688018189,22.656941491685657,7.334420448765222,21.156998323062908,-46.783284011777134
64603661115894144,54.81084906920186,22.182127179059005,6.283393551095452,-17.164422106805468,-20.572910648430746
64630843964123904,54.7288616440743,22.531124138204518,6.617875056626793,-0.6872487976157049,-17.15632857584471
64671903852618624,54.59418238508955,22.499479201832393,7.388471608091407,21.468512882706108,-44.80755231263008
64793051994920064,56.46014763230651,22.601424288251373,6.561916579801807,17.71887757442692,-40.24545451626351
64796045587678208,56.540045869260496,22.710208696532792,6.9037600052107395,18.734831812674877,-42.97917377907939
64808204638390912,56.66006365313638,22.919584206915975,7.1525685788631295,19.92415292387568,-43.54934665259477
64840541448791424,55.829295125583606,22.78609278822735,7.563829913298237,20.644452369350773,-46.401402692649455
64873114480188672,56.226007251847804,23.11156466165079,7.770388568579236,-3.3175886179449683,-3.2729840326465243
64899017426872960,56.696182198354265,22.91437971648443,7.188082380653626,18.758200870264197,-45.00169638409588
64933621980897536,57.17084540801888,23.23797186912308,8.51124405941673,20.667921284111728,-52.16286906978018
64952068862923520,56.58921758662981,23.08569959940112,7.082300122602656,18.171048121636094,-45.3603468650091
64964717544035200,56.63706230536038,23.305130986179122,7.4331628168469965,20.539250037585216,-45.044832979748406
64967603762044928,56.78974161914069,23.43215484093026,7.306142286619532,20.74313458821348,-43.89561580660229
64971722633920768,56.45816034438137,23.328967040281526,7.239831982148124,19.137058011285028,-45.60656363223237
64977705525131904,56.64730542253092,23.41153106180494,7.223361814603207,20.296996397713922,-44.83110777745387
64985127228608128,56.61581566561294,23.592514924329777,7.350579885028082,18.427570634978657,-44.855479132862804
64990349908937984,56.86723342159842,23.44802253199141,7.190891560508792,20.033422449529546,-44.36039825874826
64990792288875264,56.900223814089344,23.47393838707442,7.548538567542814,19.302490159035983,-46.086822658837626
65003612767943040,56.759854923492746,23.543160259903228,7.582012654647615,20.174479794914443,-47.09982488667018
65010549138050944,56.80648230098543,23.714085620776036,7.417636325472424,19.730513631399994,-45.608867809732224
65019963707009024,56.87336883957524,23.88023184346377,7.581643669811054,20.56262156862604,-45.809237278410066
65027595864799104,55.52268524051336,22.864043450550472,8.457055533185152,-8.89922925446236,-12.542693868242601
65030069765947264,55.76119078628375,22.879054337064254,6.247738760964092,27.825880946809974,-32.69741859388335
65030344643851776,55.74682843323108,22.90070615626523,7.734497657711125,20.034495687043652,-44.54995557137322
65064837524605312,56.09235889438332,23.18174556471273,7.164801526717114,19.2861726644442,-43.28286236857809
65113078598040064,54.93071935625654,23.240755344830056,6.954611573991726,-12.626458970425817,-42.3914028110986
65181527493208192,56.1322400085094,23.59042529757861,7.24946466059114,20.500960783305388,-45.03641678694634
65211038213901952,56.64739459677087,23.951909416181877,7.845355585645592,19.205929018369396,-44.701289097942905
65244646332548352,56.19731354525086,24.01033845340132,7.65386834667479,21.900339063891042,-46.777033740533184
65254851174771584,55.667685545091004,23.98916056381108,7.3539402591229175,18.058163125459576,-45.4803497493351
65307348557949952,59.03291211876825,22.179897139647387,7.860150973329001,-3.361899039836823,-82.21787580498011
65309100904545280,59.04641371219317,22.22098311857347,7.608196881475199,21.68047865362612,-46.55359218256474
65314637118465536,59.25098771329557,22.35124842002943,7.334247820143885,-3.5504183687525215,-3.081123444090886
65330099002345216,59.024307561150344,22.439264785850384,7.750298936212662,20.369792737524676,-47.36402848117112
65398681039973760,58.508975108142444,22.776947937083193,6.537238974045751,-15.110498715824356,-3.2874865055659037
65501004341589760,59.86368840236689,23.320158021944323,6.465036203774049,51.14234664622263,33.49157223921264
65593294596412672,58.54892657401531,22.900008859598206,8.912463954090468,15.111233951930531,-36.402640866337244
65681702205297280,57.995680385465896,23.403653081931505,6.5741662127771185,42.89133746486049,0.13801168862083013
65800930496992512,58.61658885428691,23.835174746032443,7.622049546859551,19.62306986735035,-47.43860470284522
65842329684369152,59.25690537827935,24.285264814836715,6.153182395578286,33.173591402122376,-26.862800225462628
66481837433947392,57.87484201908012,23.899035571281136,7.49850135876853,18.763216353022994,-45.89026741192703
66499154741977216,57.369857594799285,23.71197964151732,7.588656285513702,19.93578510797832,-47.44869758218731
66509595804577920,57.591751260612355,23.924925788022815,7.994546462314768,19.182206080286008,-46.135904417080845
66542551091588352,57.82952312547876,24.170125158790004,7.705673625166558,20.71478716149459,-48.224630468574475
66564674465201408,57.598804760394756,24.428644374104348,6.101318520041768,15.903806879204524,-46.1593769866926
66624357329718400,58.66312909035236,24.59833239982543,7.510723470118595,19.71072528492776,-45.13944888373919
66628995894842624,58.604404980877206,24.711958327592807,7.596736014569263,20.33453036926534,-46.1169482386507
66648409148497152,58.18383452593348,24.516170966328495,6.281402251122866,25.871276417081607,-40.41461258751184
66702048996405632,58.35214695354688,25.03513354258102,7.458047576791752,19.219973089193786,-46.07461645091544
66711532283494656,56.94067213271087,24.093478715572004,7.361301794834977,20.163471457940336,-43.67557168646647
66722660540945408,57.23194867596918,24.361013705805277,7.320987918447825,19.27202713332321,-44.91266894992003
66730120901930240,56.91832612972476,24.3017365454314,7.389580808289402,19.474561447511093,-47.06906627807897
66771764904729984,57.3386267284366,24.694528039922922,7.370698641712576,19.561189732691787,-44.659659199542276
66837495084120320,56.667830209153784,24.930864388149658,7.255883536269022,22.21019170396207,-45.204944073794664
66867800374681344,57.849636200471934,25.097804937613382,7.28649632525377,19.06011331005313,-44.90507734289051
67046775953855360,59.38348173373031,25.282473284189635,8.276361290456203,20.795384264833444,-50.82394759487278
67063788320888832,58.83588830783403,25.07092770038857,6.440973617963081,25.746639742498836,-71.58389398165765
67095674158497664,58.69397721981433,25.52626156135098,7.231872884324669,14.794060719373595,-41.90337222450591
67285614792891264,58.64012247869492,25.67861929273926,6.806180924415818,17.655166189626,-41.929788411893725
67305509078731520,58.359359782501286,25.796859954491985,6.043794258943975,-2.23309298470707,-13.849469514467188
67376633739588352,58.055037824314425,26.19580073198191,7.886466684738685,20.903516055779033,-48.4933467844087
67386323182473344,58.361791055687526,26.19763513786659,6.798174208158789,4.02615363548271,-55.1099683899624
67403193817296384,58.20123726451247,26.36604763323899,6.028803210678768,24.75012772725767,-32.21327015032122
67698412687357184,54.16187396105645,22.850109081489844,6.125990545867488,-22.47645709201454,-15.14726250550744
67815987415616896,54.301580749262065,23.68669067012277,6.168968727546264,39.052531936220895,-20.53895043089804
68045583484082048,53.747213282087124,24.204450225543543,7.68455152950898,21.451778956632786,-47.10639467240646
68126053991152000,55.01120309356479,23.528485402979307,6.40470003262363,15.76224214355955,-4.861621603399854
68200614623252992,54.572929853034736,23.91970868257004,7.1672238226702705,-20.78596418815293,-10.804430315459076
68232603539842944,54.98011655879406,24.21489595030865,7.800367963978908,21.617133392963602,-47.11979003030982
68310531426918272,55.70377773525849,24.48292413737482,6.219149658084366,-8.885606840818674,-1.415311199505584
68317746971945600,55.790706645435954,24.692313965602015,7.679550128235233,23.19264487837735,-48.13535947272742
68320422734610816,55.838733968092455,24.687534474483574,6.1157647657594785,-37.280922110818416,-46.2600361207823
68334617603435648,55.108750574368074,24.536815987967344,7.032958583674125,19.971630261050457,-43.825132036868666
68364132618830848,55.55130843397121,24.70537111938963,6.48166574464575,14.974125394676276,-27.313240572233013
68385603159177344,55.25834051213235,24.92245417994135,6.423569055866071,18.602132515012876,-40.047981795172376
68484907097820544,54.04456056456748,24.70589070683912,6.905881859708253,9.608495502208768,-16.860002741265887
68651105153529600,54.72241349619951,25.497053844059266,6.871179882503287,67.73116149098726,-54.625846995784855
69394851753622784,54.37735576310918,25.55840934415846,6.068797140183317,2.3287552663720117,-3.1194098658291316
69400010010608768,54.35069069014938,25.72212307884839,7.520010336377549,21.76066343425471,-46.73333001453739
69877434278985088,55.89252606197271,25.037816190312395,6.204513147295383,17.497412475153645,-41.49601006521725
69887432964003584,56.146609370745175,25.22840182323876,6.99282796332865,20.066101393735686,-47.251057939292906
69942515919994368,56.13788197135758,25.752519740211472,7.149068071202813,19.71595980126822,-44.83680822050025
70092186940849280,55.454199764848774,25.43598847759905,6.179594578454974,-18.523239531951567,-6.243742714742036
70096791144155008,55.79908870344418,25.525401749326207,8.493388960570057,22.03851196415712,-49.8184457311581
70097581419826944,55.68259731255876,25.534924792183052,7.281823665960581,20.132943253920264,-45.387221011575406
70132800151620992,56.03896918408933,25.887173637255426,7.551490392824623,20.79255568569461,12.046848162274646
70176540098376064,54.98395683804665,25.855484368470584,6.960570159667473,65.6432545706736,-90.08786587385748
70202894016674816,55.717082882341664,26.198434344293876,7.090594822004452,2.32142574316242,-6.611030396702979
70307931736643584,56.12656190687914,26.534561178043678,6.514464674980931,7.213189611908852,-13.013567565980585
70333770260574208,56.257591159373646,26.645907361221735,7.826563048542095,46.37564972609714,-31.73535426093236
70462928519077632,57.08124849197461,26.64967318022078,6.831768127963201,18.703766705401126,-43.84999550886402
70959113202524160,54.8850069328369,26.377901506008072,7.149229350251393,40.908397105908115,-70.97149172800351
63609741260510464,56.22602609390791,21.879142496504816,6.816868225585127,26.706218928968237,-64.30916173053484
63755667071041408,58.309194057022076,21.481907437095522,6.209287459860918,2.656995141938881,-33.12849745107082
63786625195137664,58.26761880948107,21.88980803819835,7.640420083089255,19.877369404068872,-47.95772125159041
63959351598814336,57.451898858678085,22.17997112385835,6.972454206976809,18.393526520062615,-42.295589729804554
64032606560885504,56.78825001456243,22.508861419530483,7.506748124232915,-16.355306202834765,3.8107367529911533
64091774032073088,57.898409047556996,22.660769018602547,6.613390625274535,33.526085906335965,-67.56302120697399
64109915973846528,57.409171523077866,22.53328562479943,7.295865291844413,18.218374885497603,-44.56881799548171
64128298433888896,57.01816218185318,22.64030073060007,6.715356921848541,1.4855886410158905,2.235493539400203
64157023175179776,57.83246207983878,23.067645295503368,7.370749551185829,19.23268388146952,-43.413694043478245
64224093382567168,55.41884477269534,21.418093888372773,6.190683897931337,12.641572351099622,14.60772373363185
64313222543810560,54.80510435415978,21.84305262972688,7.194558583353505,19.987890673150705,-43.696853082697345
64407540025696512,55.06740198332578,21.986620931590114,6.170040521166961,-14.955949523634297,-11.60929787676863
64445988572906752,55.22943355100129,22.349516222822036,7.315890465343226,20.13982097120118,-44.13541902105238
64597927334523904,54.100839213844964,22.6233133101884,6.914661542264928,21.14866861879432,-44.06381224862981
64697914174652160,54.596761083639855,22.813910179928833,8.373341314904764,88.85033023045773,-71.12450596920338
64836349560719232,55.86026602797908,22.711672189146565,6.610957727992528,18.264214130890196,-40.39133802245185
64874454510493440,56.391676137260475,23.18501072439178,7.391450378010349,19.867425915830438,-45.280806446540474
64922248905753088,57.3006816690766,23.21547670886584,6.949869140038932,59.24875274686832,-8.115113840835004
64953481907702016,56.70238253867374,23.165858638751683,7.32274074739589,17.839279852092304,-48.73641369043296
64993579724240896,56.87476663930159,23.554023397560623,7.072160110962179,18.650779454047864,-45.24529951599756
64999588381514496,57.07052147815302,23.63658449525568,7.19439797679517,18.291523231258868,-44.75731337240399
65005846150835200,56.86159637689897,23.633878170833444,7.203188984556041,19.562190919181592,-43.405458911462645
65037731987586304,55.68490896589497,23.10432423094935,7.645945267923222,20.177869277037477,-46.43088378877516
65089336018173440,55.90730074032356,23.535787848747553,7.524981265385147,19.527245020995085,-45.2924067830061
65090680344356992,55.9287518176777,23.594570255931796,7.392698468900249,19.83314154714896,-47.22600715703526
65112739296356608,55.10957950826757,23.35793606987987,7.106110705709444,21.185362190355754,-44.55818284056245
65130670782963456,55.45386415331162,23.41254601713532,6.103753405878511,75.51855361693795,-75.61245803589715
65150947325369600,55.36604390474277,23.70813709776343,7.45004084678047,20.259840824477635,-45.71660093350053
65155856471318912,55.690274609902666,23.82282265577828,7.091215455128368,21.155712229695492,-45.69060347606563
65178190301724544,56.407390571914675,23.730431205960933,7.788025357251645,20.5359427551615,-46.69823385785528
65189739470654464,56.27089546399231,23.768291787187913,7.502788343313917,20.57710525757045,-46.42513221012004
65199222758514048,56.66684126540061,23.78274102188195,7.423995688819728,18.573060512208645,-43.7319165447048
65199978672758272,56.65709673682824,23.78750955142278,7.471863203927212,20.01127262219112,-47.26742342923304
65207709611941376,56.85182143112869,23.9144778917631,7.220987406121659,20.049108040161617,-44.13258985442616
65212206443054464,56.80496181318934,24.01239279682747,7.212780258086302,19.83439266826357,-44.44416377495759
65215058301202816,56.4454986711973,23.883287579238786,7.4592316407997465,20.74256010277341,-46.273210967016354
65216643145862144,56.51799855172368,23.927842380057047,7.012785824941394,18.57884758828444,-43.37462125979527
65237911823760640,55.81925319484357,23.83358475980971,7.267268144617627,20.109771966703775,-45.41689926668445
65269935099961600,56.41378202777228,24.138865613858307,7.258451579517981,19.60135679255054,-45.7889373460749
65271996684817280,56.2190045645284,24.11313304360812,8.345685150896063,20.541505263518896,-46.081450017195756
65275089060719104,56.1833687967795,24.231003278419283,7.465089779730926,21.46729347046291,-46.4541970849661
65276703968959488,56.435155513167,24.22010548147908,7.563215718435812,20.574860698295357,-47.20036506838736
65282098447322752,56.353359973199396,24.345769619048642,6.975272360665578,19.667398564243655,-43.51382742212487
65344908049661440,59.4287720318462,22.597945772083584,8.820501033961332,-9.409602223441972,-112.17880397088477
65435102362687616,59.10418014852836,23.090594019048243,7.422215701590819,19.733607949420545,-46.26980424605291
65599238833527168,58.57263978472343,23.033746099692937,7.671703217182357,41.603610999536414,-74.37583386648421
65626623544976768,58.65574608992024,23.225564592105965,7.137677265702494,19.005755722632816,-43.62218914476007
65643803414142592,58.58850805191478,23.396852238787165,6.671935339327122,15.911317482984572,-18.204149715635168
65685065162835840,57.93734239461783,23.44411545410952,7.603670503752664,20.469901040502645,-46.67115264615442
65697267166874240,58.29021865632223,23.56311313950644,7.784782543947762,19.812853163374655,-47.12040483479255
65830548591559936,59.12049699590219,24.03155863771737,7.345629821126317,20.13964775638265,-46.42745767715649
65832335297935360,59.18330743969602,24.08566506737008,6.391370381065681,83.20119060666619,-48.29414375548193
66174764450783872,59.76506352189778,24.41550457724154,6.16218045900885,0.6379153199007863,-22.65766857141873
66431775295228288,57.67568656986667,23.49238902121514,7.616449684837002,21.06591688176668,-45.9521760437176
66507469798631936,57.491183690526064,23.847947494502325,7.361154060952656,21.026665618554475,-48.1328432589328
66519530066802944,57.205604582439626,23.977091359643268,7.01725360661672,23.643275327607885,-37.74337002488977
66533170882790784,57.2976457525844,24.240006059135766,7.18561969642408,19.355334746538567,-45.80423043004015
66593437863017984,58.18540466189003,24.349683324365028,7.340703499896584,18.2859172670935,-44.60077798837206
66655560269868544,58.22291567603581,24.71553110367964,7.35145204021169,18.175993661279783,-45.040845638425715
66717987616472704,56.986050095884856,24.258670981441913,7.4346115300961575,20.50994817693033,-44.71688224010662
66744895589396992,57.31906363087183,24.328015069610352,6.963450262140457,-46.99828840755927,-28.33097571959573
66757746131459200,57.535995314673684,24.671456925853356,7.308001091922433,19.46188347990571,-46.864166573104114
66792999222948992,56.868516896867085,24.675696492327,7.372727624081626,19.22354218151959,-47.19616446940896
66799763794633856,56.527189243760176,24.56722164752902,7.359134122682988,19.74939422977356,-46.62428769429713
66868315770847232,57.48131118274196,24.8376652967795,7.307688104970821,-2.2440491961770173,-4.176923896886183
66894772769437952,58.17593010462482,25.17824275473932,7.4889550001615754,18.539162983119052,-45.57185680235519
66894875848642304,58.240034748734644,25.18167324142222,6.1783033177361,6.197993651900104,-10.538166428680244
66898071302189312,58.21648629105146,25.30266549104421,7.181305062927142,-2.242872891170949,2.439907290844884
66901434261126656,58.23126399354495,25.337218942882604,7.153699318481799,-14.231111753588918,2.2044740764605657
67401269671984128,58.05045674925387,26.262977772482287,6.792966066864611,30.075722414225,-45.02357704688936
68042937784234880,53.74846625519302,24.133729606157512,7.256120820836513,37.26832548609182,10.584692017661942
68183331674900864,55.10681451622317,24.09987966023466,7.743583699122783,21.32276568267739,-47.15749935643863
68185221460637824,55.193032686945266,24.15698842702024,7.313755069457189,21.151802316635575,-45.716889789305
68199270297901952,54.79117662156335,23.981116109827134,7.639966640057734,20.35983908088497,-43.877610170119
68225834671270528,54.89785384273371,24.11823606927856,7.219133800544574,22.680888422115117,-45.691998003385834
68240536343889664,54.682147758957136,24.190038639035734,7.221588196481175,22.6018087171852,-45.27775585618104
68265279651517056,55.6096175581733,24.23535016563705,7.57228714125954,19.868715221579592,-46.09518805063374
68284104491279872,55.556263419518594,24.31367196396033,7.2306568674940594,18.714216042268447,-45.28656130692565
68294416709622912,55.86283390562448,24.405537080716055,8.890734789828093,38.194843675594015,-82.16526596595443
68295481861500928,55.98213353783259,24.426204297170187,7.600980175545772,21.385866915384423,-47.7359223755479
68298093201624960,55.835796179377716,24.442916087967557,7.584572766317957,21.33759087827145,-45.45382690982051
68301250000967680,55.925695991956204,24.573012216172835,8.240490332785942,22.664902306540775,-46.476948125092726
68345956317106688,55.01510520389949,24.500633331068904,8.064737193735668,22.25425992877109,-48.87893213284508
68378563708730624,55.61946862852414,25.016595598106125,7.45337654581492,20.52420211977235,-46.80795882578826
68417355853132160,53.939574937982044,24.23097624311809,6.992101906156606,-12.809337119710966,-45.66836377116009
68452265347345664,54.36004148465337,24.566847608055824,7.6843995450564755,21.86722337948649,-47.38561218246143
68474633536891264,53.61756913510551,24.45895695303932,6.970614577015232,45.919458617959904,-14.54451363806549
68632310376680064,54.29385778927851,25.292808897957404,6.713575775762137,18.98211729325633,-41.5655538903753
69818649063339136,56.52405572678152,24.99290204796424,6.479675104869304,2.7622518224788752,-12.191169954807343
69819027020489088,56.350629556134706,24.88577921413498,7.384165584979173,20.543402898057757,-45.56968459352292
69863454162150656,56.32088462821245,25.263083122576166,7.324419380236703,19.925733136652973,-43.96283417147319
69907430330835200,55.7982515881033,25.4228609575049,7.894519589221869,9.271260175566344,-58.28601445167113
69912309413652864,56.28775495284984,25.37478296656745,7.41271227501754,20.697814867377172,-47.17136322751894
69947635521777152,56.905696548985354,25.33384802905008,7.208952742799342,18.452672337497226,-45.72217892673376
70044628765739776,56.581037881379835,26.043073251837463,7.478152057866121,20.32368054054732,-45.981859892008316
70125000491024128,55.95431715608065,25.729411137159918,7.513559806401316,21.27076048171719,-47.76507840699674
70176265220466048,55.04973603282433,25.875505203755026,7.039188533354887,19.668000428174448,-43.15931141819544
70199629842616064,55.55147209789419,26.148761466655955,6.181563800041958,56.75319587266509,-61.92435058665788
70426507196531456,57.79406565213057,26.58748706098972,7.007297483928808,18.033601337177487,-44.10886014640896
53294810364853760,59.16921909904466,22.113620888023263,8.28359921985277,2.8342607403978057,-64.34647901746764
63546038305742720,56.01050989862372,21.22094570695962,6.93362204519199,19.849817119868604,-43.696947383979456
63849572235829248,57.849549024507716,22.11318468183651,7.293487191777333,18.72094455267673,-44.616996176998065
63917531500917248,56.76661010690025,21.70584459500193,6.268865564950425,101.57797955234821,-34.634939344756695
64037588724758400,57.633191798463365,22.146378224514084,6.946839356563111,18.11400285847659,-41.36257881932376
64131150292139648,57.156918510526815,22.769113512032003,7.232192097987376,19.031578474328004,-44.591028325201925
64154240033482752,57.90910542854571,23.053149763727205,8.1967436444491,-1.1945904463336245,16.407555339004915
64346276612274816,55.684889188557875,21.853444783997144,7.60031218737857,20.812982593646595,-46.60686632968775
64734709159049600,54.93055020913032,23.20691287032353,7.2387017323196385,20.62145080063228,-42.99560218792961
64770241424108032,56.174349922317965,22.464346002407783,7.552546175586704,22.07658515026903,-45.371615655295926
64834043162051328,55.74976703899777,22.71416043462228,6.697753420553305,19.12250369875501,-42.62650850040334
64848165014099584,56.28507607213645,22.803925303405094,6.509639322019437,34.60650344365738,-52.339117589464664
64925444363253632,57.42150191542311,23.24965822918142,7.659249460747822,21.22336358871972,-44.595403526663375
64950625753906176,56.580941040597686,23.01531666211118,7.344796578090292,18.786201329652048,-44.40578012351477
64963514953278848,56.87189584862981,23.38812636670652,6.45950216169396,8.160627816938922,-11.689587723108463
65008010814357248,56.68002306054683,23.62260295725321,7.331377767684079,19.032958763484334,-44.73395614195889
65011824742948224,56.790988464877,23.78225174816687,6.4760231546409335,-15.20821363504454,2.7475274983410807
65058760147520000,56.03890906143864,23.146191500145903,7.24755258395974,19.61969983571182,-44.38208098727167
65078929312363392,55.676709429387024,23.33896669258058,7.478305728429821,20.645758346090915,-46.35373552612505
65092222236814720,55.158083979506316,23.051136582574443,7.024187322278473,-23.910487095299494,-32.25353784025155
65117206062341760,55.00086921866747,23.434775648377258,7.423513438807651,21.34684195487827,-45.29914457194122
65147438335354624,55.395066430632234,23.637539929718397,7.346245651129198,20.699690576685796,-45.86647144833789
65168844452782208,56.318456582513555,23.566974495922615,7.089320664949418,19.654261864324322,-44.79677199809907
65194584193758336,56.26375187558317,23.839209317701982,7.434634406907008,20.34332411764256,-45.77202907717511
65201245688454144,56.52132989085228,23.759552910352344,8.054925826696266,19.545527894368007,-43.756458845747844
65211145587780992,56.64972601817595,23.966825124571223,7.232270978962829,19.293091542047552,-44.06839315224453
65212107660378880,56.767658409458,23.995012914402537,7.401981307676885,21.32317472970832,-45.436982058241185
65212760495396736,56.855682971871175,24.04895316921223,7.381110433788618,18.361796049409968,-45.828109859833404
65214409762926720,56.454022199513645,23.852686378846506,7.4607736871596835,21.187427183234853,-45.39186369950472
65214856439472640,56.46044167389074,23.873754046000364,7.212553394372475,19.875287535982068,-44.652175526037105
65241313437941504,56.13322156163397,23.875211468904485,7.357232412939338,19.612794179791926,-46.53499963859164
65264265743073664,55.80795604722713,24.138891393665382,6.673477196017344,11.739731914826127,-15.333930859611272
65338688937033344,59.38341652305507,22.43316837469055,7.134182124785483,16.66640893054783,-41.008505353388074
65371708645399296,59.39429736887449,22.92553599034099,6.307726792675129,19.731461142421836,-39.51975592197914
65421014869982848,59.133882596380104,22.930081293298446,8.065602840158192,24.71538536932538,-23.133125967535918
65468843626374912,59.58373111061274,23.095685636371247,8.622976555324861,-20.24082273103947,-14.2942579449784
65671634801986048,57.83124732910963,23.16358608120615,7.282151258469367,18.816939814241895,-43.442427037819215
65754132533479680,59.10954690163254,23.784745737558087,6.371526696633414,23.230170071421977,-40.599510841582514
65754132533480064,59.10925688528594,23.784116486481206,6.556004707577402,22.748030468836106,-41.7763908411
65792443641655808,59.325539854750375,24.177507080348757,7.814802950392534,14.541368476436263,-22.177113367440136
65804980649110016,58.82152685296283,23.887842423512108,6.934126509721113,0.8226104481603809,-49.62806899820691
65810379422558848,58.894794722710685,24.017474073254924,6.0834744026860825,-40.24266790719908,-17.411792205720705
66225170184663296,59.35618431935339,24.557277137747796,6.275531200438911,-11.134909972253226,-89.27418325045295
66473178779856768,58.138996019792735,23.851738078375988,7.437968020642974,19.552198149833778,-44.83384243068203
66473728535654784,58.18460820130285,23.904011569483767,7.465864814559664,17.715811296632815,-44.78734856986105
66474450090139008,58.30513663992306,23.927885077275356,8.456039156387316,12.056254148420853,-46.30708322534767
66505373851970304,57.28884335287688,23.851753032618042,7.144286867647721,-1.3317055418947417,-11.822280473996198
66511627324279552,57.565134532588374,24.047738982435796,6.091999554184255,-5.34634090919623,-13.466058684517808
66642641008348416,58.07318033775237,24.455326780874916,7.408523325027352,19.24845000057392,-45.38210001648304
66665902550940672,57.995147229750785,24.66772413079618,7.266969975379016,18.00523712707878,-44.88706041466088
66697547870378368,58.04731536299622,24.930009343431188,7.724302179446776,21.713811771635392,-47.755160217941906
66726268313486592,57.09838075337328,24.37639070723806,7.118079756965391,-9.2260628272122,-17.034594591038257
66765855029760768,57.18905902932668,24.62379553563966,7.2470152566928165,18.353170480447446,-47.146310391060766
66784336272867456,56.51664248149457,24.38577891175629,8.757279396414704,36.41008614650336,-6.6465005396930446
66793475963278336,56.65750285783844,24.5836384945097,7.324510170600668,31.713153882065356,-40.471527604848745
66793583338514816,56.70512196594524,24.599825599962905,7.386768646636278,19.352159230912562,-44.34839052032413
66818322350220416,57.09512296362547,24.814693582624564,7.455007092647663,20.025932282537518,-47.51493543992956
66852647730267264,57.77331327973776,24.7365778100684,7.243738617452612,19.98616428855798,-45.29769641617262
66863058730966528,57.91861505669585,24.982962928567403,7.192075944321202,18.226768813623966,-46.381209584824255
66942189204257408,57.21025857511874,25.298365964198968,7.319272568279367,19.23823883372948,-45.14388680462774
66951603776380416,57.24001994141769,25.391267529075364,6.911492016328239,13.604110693908492,-6.195021391898166
66957994687842176,57.64893550920422,25.4263087706472,7.2922429808358755,18.294899007126467,-44.33948783446367
66982458821495424,57.671764133234255,25.65830715785549,7.5531174702120305,20.202756856391737,-47.39138443471077
67006304478724736,59.15299766559172,25.009478736328063,6.315704422348977,-14.79988623533908,-13.775550708673013
67034994860213888,59.41952732013603,25.26769486416804,6.7108922932891,17.219712401420157,-41.71038219859663
67090962577092224,58.84430000879748,25.46113701408978,6.439791014560071,-22.063157179551542,-57.39480177321549
67094849523507200,58.714470006187405,25.507938669859065,7.080974867226936,-0.7521542270024808,2.6090085669744334
67304443929360000,58.23926828116237,25.762740427940617,6.348380920244209,1.9954629293449981,5.654582605531923
67304959325424768,58.28042846026789,25.78915388449124,7.4420275178851645,20.009029858336266,-46.614910917999694
67386323185773568,58.36109600324972,26.196951152568047,6.995877945348121,5.564547626961302,-55.35528241288723
67436316603021696,58.83959243785413,26.315128499777032,6.660393409049173,-4.988828681211122,-6.3895861635296125
67486481822647808,58.8477647849642,26.42820329418059,8.963235513394071,10.573690513261157,-34.26563448485561
67506238672049536,58.47812268527615,26.596694227445496,7.496805233425392,6.177539518469145,-30.79427516432505
68120418994061312,54.92139561721088,23.47300154429505,7.2703253135617745,20.794171871057205,-44.543631001832466
68198278161036928,54.66361059109226,23.96267311608413,7.601542137972996,56.988839145422375,-17.55715153727401
68254765570883712,54.69069200480823,24.46757118115734,7.343794226671882,20.48662881723542,-46.14199897219629
68265588889169664,55.512030567887706,24.20989889241827,7.373741972330631,20.322957238161404,-45.864470978991804
68293729514855040,55.930266895087854,24.374390241889614,7.41282032449915,19.47970969626966,-40.04826146758642
68294554148575232,55.90390788823755,24.39378107217672,7.396111724020851,19.55133983597039,-44.492940934097646
68296890611072384,56.01485828940102,24.50404176791731,7.386998687843288,22.07258673357898,-45.87187150601032
68304548536306176,56.21849512791744,24.61359482474,8.291384292426986,17.517423380954355,-46.22554069292636
68409487473090688,54.395532940332224,24.236398047705695,6.386770513690612,17.948754619228215,-39.381595896287806
68444293888100864,54.68910795823617,24.593010792605572,6.126395857902037,58.72186289645933,-31.921034215555228
68449757086421760,54.72576070048866,24.704218228358506,7.859327811537192,21.82394240715693,-46.966397357964595
68501842153545728,53.779223015982645,24.799166003806633,8.732379051730522,49.95369860306694,-67.14686276644355
68506347575444096,54.264567775408686,24.743022931744804,7.3915386050814895,20.064749700387782,-45.39836295502678
68508855836353536,54.044060850494546,24.766465090166236,7.986263574373891,22.893949726152307,-49.47233265563488
68574654735805440,55.192589061593914,24.992980437247457,7.020913225984629,86.43018699339301,-52.24693139166635
68618978798306432,54.70292014365956,25.188576550930847,7.280129670669819,18.916238255631303,-45.4444030064804
68624613795266432,54.60099903259686,25.330201254399686,7.1401376918502075,19.258512452782078,-44.08692682240532
69498725538868352,54.38397167008665,26.20363403536074,6.333807561798008,18.056898422838483,-39.17633679435553
69854348831573504,56.725205994094026,25.24564655686341,7.177210726519302,19.379964752822495,-43.662358221933445
69859262274067584,56.488752041634456,25.186715223759276,6.994303778369079,20.310408127342875,-46.486362488187424
69889876800977408,55.98631467387493,25.26208174501833,7.4793004006386585,19.99247462636992,-45.783661946124276
69930283851373184,56.05814456138743,25.537477070405505,6.663989637210631,17.422014026631558,-40.52207801155785
69932276717968512,56.125404530638,25.596210762222004,7.110221839905991,20.052721267974036,-43.57713254051983
69935678330276992,56.096923878731154,25.645655575191796,8.216507758729717,23.251865229237854,-48.565041368016345
69968113925681408,56.88781044276308,25.638312433124966,7.160889198044508,18.80303468296861,-44.158558927294074
69988489250631680,57.33572618441402,25.81781951369322,7.747734110425985,19.652589032555056,-47.62953161731615
70025700847172736,56.77603797175002,25.795242155957304,6.724547128030854,6.0415788936474275,0.8167252431592843
70035355933666304,56.469076694854095,25.86156946438664,7.060620859214555,18.967065395052266,-46.22134996228267
70044456967585280,56.54213467684923,26.002372396199018,7.082930667980825,19.887445049674827,-45.07304476306744
70078683563643776,56.963865950763626,26.324953559288954,6.931120173126427,38.28320387025694,-12.423449157242999
70099093248307840,55.83484603393537,25.599549475096204,7.123859167938589,28.722021575400383,-6.031153803775117
70175784184131200,55.06167334856655,25.834758417042522,8.682027091414275,13.598278259063264,-31.510676592840937
70200935512668800,55.4953184075574,26.205753750089364,7.042131602648405,19.524101171738504,-44.17768915147208
70252681278085376,56.064126288551066,26.331020873579526,7.252740248540545,20.03882786956428,-44.72280594741012
70345104677737600,56.56747751058152,26.91303840633941,6.112027090609642,46.695289510594165,-41.07076824739824
70386512461181824,57.51840945832494,26.147962118750776,7.186378888568621,8.159441582469217,1.818885699198437
70458113858132992,57.075081582562255,26.530293986595574,8.512766247073092,-21.36667688743664,-56.96558117845885
70458560534779520,57.141066522021326,26.57453239624245,8.315948760533042,30.70037598966671,-51.96720366847305
70459836143275392,57.23779995025397,26.614867508872926,7.579266304225141,22.765446737042943,-45.310547980627504
70485365428287744,57.91468981179248,26.88197982439017,8.742000971130642,15.657053929173866,-44.20847497532777
70948534699826816,54.94599529040383,26.35383893121537,7.870925036200136,22.460803636010063,-48.93256705363639
70977048986095488,55.303643810526125,26.523882269009324,6.15195811920525,-46.43935955413119,-3.930518395178987
63327682168301952,56.879793937715746,21.18071408449666,7.907977523120273,20.201596848501353,-48.22956223295642
63534390354375040,56.605940349456894,21.42492996370079,7.664443823266005,20.311124808054483,-39.810352614432915
63608396934328704,56.3422588503166,21.877588180653262,6.872971817335982,0.37661457846720303,-66.86504957812788
63611218727810560,56.23682853512473,21.879303294613656,6.6852668527841255,25.39256792609946,-65.49673065801532
63737903083227264,57.42355485142314,21.624853129949333,6.54398359563249,7.304804395735201,-3.4360288111393067
63959179800123520,57.44704800927546,22.169393286420362,6.942758423409552,-13.601623057441653,-126.89837813778045
63995562466405760,56.70921754523774,22.211633483804448,7.066697909247392,20.74025760401136,-44.14092913446135
64073597730589952,58.14369484776731,22.50195524647832,6.975558093691786,19.210785928895874,-42.47704975506003
64094037476647040,57.70410557714868,22.66984055724213,7.386205225594046,18.29780707062388,-44.92903716810198
64148738180119680,57.691890731724996,22.93047700918125,7.329901757417433,19.432050778551144,-44.96311213605481
64173923868292224,57.55493066622607,23.20646144093201,7.575649825321285,8.081658138069152,-7.888552144872476
64319196843026816,55.542131619695105,21.528581761160957,6.208062009319159,11.516466009923434,14.153494603192511
64331123967672448,55.63799159070933,21.704494346750018,7.450155858497535,20.53869806925626,-45.722884651284645
64391180493830400,55.23400899100226,21.886673057022804,7.05627541213968,-1.80701601901748,-57.251278528775515
64449729487990912,55.600196939480526,22.420941414601447,7.325781236905765,19.75260126482393,-44.404909682301366
64456296494446848,55.63137479717408,22.586658775975724,6.164853036005162,9.213697630290211,-26.123087447081485
64696642864135424,54.425466612178724,22.737669765377298,6.309034562843313,99.52193686947417,-50.50330206290975
64768763955442944,56.360732948219095,22.525409252257422,7.33043869209861,19.916122118909534,-44.2544686931443
64909153549943296,57.099724735801715,23.135471631187595,7.440941514656794,18.02642279431928,-46.27659449132801
64938569783224960,56.98038426983239,23.318137232219545,6.691315293436614,18.104691602141237,-41.39668273635665
65000073712701056,57.01950344317138,23.658221984566293,7.061613568569041,19.143649354954604,-44.93870161163164
65011476851589632,56.77419713239273,23.759491175687398,7.356181567875133,18.99170651645838,-44.52505445070616
65011481147922560,56.77549159808858,23.755443467081154,7.141353557340774,18.265519303836555,-43.555156923039064
65011614290548864,56.80701015915155,23.774546276681953,6.338793388584739,-15.0437940265571,5.157456335633237
65018696691906560,56.98853071103208,23.843312665637317,8.655056213055095,7.618908252034659,-48.496705714480676
65034910192391680,55.69709280776672,23.011060654486204,7.877880919814538,18.90012467275421,-43.90371188485384
65040686925109760,55.49448945797651,22.950342697552426,7.485443374199612,21.190758956691525,-45.75072890563626
65047043476608128,55.35990236479837,23.13393922944862,7.176704369385575,20.522150608680292,-43.97400437766897
65063707949772544,55.852346485569406,23.225742763279882,7.180158190946608,20.847828714748495,-41.444422185488314
65088275162687104,55.75590442819679,23.49166437151513,7.500634830364743,20.33014330525751,-46.80745783805581
65113735728782464,54.982291197515906,23.308349377812323,7.085589262985136,74.62154991987498,-62.848207030671254
65119164567417856,55.21027734303729,23.418239557613678,7.563300505452855,21.697122292421838,-45.497866176963164
65128506120036352,55.64182280026504,23.414270375936105,7.11584754651513,19.02766922949857,-45.31072379990417
65169394210980096,56.22141739191688,23.572864764972735,6.9220501274364015,19.35699497522591,-44.83003044757705
65195404530870144,56.30266024809251,23.895691099262624,7.440590196934589,19.701211898142223,-45.37883391111224
65196370900147968,56.22443336960459,23.921085821362638,7.226440781576337,21.062076818946018,-45.346349053981676
65201249983083392,56.52329273640923,23.757058284763335,7.3094182053318,20.57697227505834,-44.183315125821814
65217222966811264,56.577349984207224,23.983901774187085,7.590686889973629,19.0351746770752,-43.878986858575274
65224820763573760,56.626130501241256,24.085288394490618,6.642329733919791,33.63203263192945,-38.876788136278655
65269144826531968,56.234680459506556,24.113558491366867,6.248955184425424,13.587329789122908,-38.926129871512586
65295430026352512,56.23507805711012,24.432404748893706,7.3971054023640885,19.698151724297123,-46.135081435179735
65350714843362304,59.52086401043947,22.616768553850005,6.941393271491786,42.05735655831493,-63.09733761053079
65358445786440448,59.31794400875456,22.66992891053252,6.175795360825493,21.78596564697157,-24.68701044475465
65390056745622144,58.891124160654314,22.80869447198722,7.9659740436363,17.535202975356054,-47.057211231826
65421835206112640,59.17058884674206,22.99446883548266,6.559154864026624,18.291888270321536,-46.255883939924594
65542339105060992,59.50597206812813,23.45952611363421,6.247445210077275,22.304041752409944,4.473873736192131
65622466016638464,58.74673800522406,23.148957445933636,7.619530490033636,32.08173928261727,-28.588933141166233
65635522717170944,58.87881546681414,23.39733058626634,7.351477392023253,18.06127546907313,-44.04141589893502
65641634452663296,58.504722163146866,23.327914274720143,6.977480091655439,18.083135470389173,-42.80795268094474
65656688315955200,58.10331455429853,23.135799549887544,6.407144628144037,-22.999385099416656,-42.148309327918085
65702867804200448,58.464741821631065,23.625599942354462,6.040484165570636,15.61717963284711,-37.1015351495836
65712488530853120,58.09386516372074,23.644663086556115,7.842320091834718,20.351204373725434,-48.34159308538509
65864427293364992,58.99240854019812,24.549769790101543,7.502052728135733,19.598536631925164,-47.051858462248504
66155832233375744,59.939886307414696,24.1773089001306,6.484203438597276,0.4807874258521749,-4.283058832574255
66462939577861248,57.667058127725106,23.932844783221913,7.251408520456074,18.70635797044318,-44.35811453871019
66475068565410432,58.34027461986194,23.981454782393236,6.57619269652767,53.855036685197746,-60.339692451644616
66509634462127360,57.60485631103719,23.92810758936979,6.838599741356637,17.828451126462845,-41.79215628014446
66521213693847808,57.0948873536926,23.97234488911758,8.123021269936034,21.525735557079987,-47.304044812155
66534991949020160,57.635162015137915,24.06933935753555,6.643411416768737,0.20282506118737453,-16.394639696677338
66562342296619520,57.73922505915503,24.412206881912226,7.909881877092285,19.054860478503088,-46.64708991595842
66644462074233088,57.95554132718574,24.467515319391833,6.886722549800959,42.50530235172134,-24.87603244053583
66661809444531712,57.77491832582728,24.60456669200202,6.128167142022418,16.831724653893957,-38.73634740281938
66676549773128192,58.360584382452124,24.778918376840164,6.999855438630914,-9.752938942238899,-68.51594167473273
66692703146816640,58.25617004336455,24.870011060599158,7.694681387075282,1.3769393651402364,-34.48844535097577
66699712533433600,58.147239938495616,25.01778865596094,7.922947743785393,20.880895620974904,-47.66036853140865
66723008433853056,57.05965367710472,24.263890312931764,6.7542220345227495,18.161851046260693,-47.24132486565314
66729880383767168,56.87281395748792,24.288130246334337,7.230057778664303,18.551020432929977,-46.92179879334844
66731731512764416,56.72077961223352,24.252016182137236,7.476143292239719,19.23052312108462,-44.242619250346365
66737095928811648,56.918616532110974,24.364356080566463,7.396118503759566,19.316594733162717,-45.4554205499203
66737576965143296,56.90697333793039,24.40625196187756,7.342869628062257,20.067565805501125,-47.76913267954702
66765855029900288,57.18629978083451,24.623029399523727,6.970635383546771,20.04551676152852,-45.13253593302453
66783722091045248,56.63354647408333,24.4760483947069,7.456182470065161,19.98737098394188,-46.09776784709469
66789872486779520,56.747585269534376,24.51991333978582,7.271150194177561,22.271845514767694,-47.52140397943802
66800180408292992,56.523586281705164,24.612159232258236,7.342569093725325,21.31815347205297,-44.54099990974814
66807464672814336,56.57483292830163,24.68579851334693,7.373324442202136,20.782566863578815,-44.5278180928463
66812305099908736,56.462856694704136,24.813362255884588,7.35247678637022,-16.591921006463316,-32.120892524521636
66816187748666624,56.99900829163413,24.73108641902402,7.754313311875142,20.43297629521534,-47.266462332912155
66834054814431232,56.74789903405747,24.87933419480649,7.468890122751345,20.27841866733844,-45.47071690806422
66841205935844096,56.795705522757,25.085999233199267,8.598393435544281,63.705851517625035,-46.33155692865986
66857458093633280,57.70752338401314,24.840172767872087,7.94796219276704,74.21222977230367,-32.7782554349932
66880307319457408,57.684841675781236,25.11793981048808,7.099560650653931,18.834909505189653,-44.743241772918786
66915560410893440,58.03320620434854,25.465031331017673,6.954660525737195,17.66704715044569,-42.95528837216997
66974453002505088,57.535148903959175,25.548658926226246,7.746078028052952,20.025605993834702,-47.3334367245468
67009362493926656,58.96216441400977,24.86721345707501,6.509159667131938,6.178347567115802,-4.442785242454052
67282419335460096,58.48844033832099,25.493676127879844,7.215658957488506,4.51417669995556,-3.492968239698322
67294715824940416,58.10988466344941,25.574791751260573,6.633628436127853,-4.502596198472866,-37.46588625121982
67352066526730240,58.16220136420259,25.840244145086956,7.515898557915286,20.317399685234925,-45.71550048962557
67618285777617664,53.88216141527742,22.82338338603445,7.532695664265256,21.394415701598184,-45.46661573078261
68152820227358720,55.26256117985148,23.72247915263373,7.500368854873981,20.539656838226605,-44.917294566974064
68195598101454336,54.51024535830732,23.909656490716014,7.510715182625756,21.55407134628564,-44.709096962151094
68233531252642432,55.112406328123726,24.237139167005697,7.448122361236067,20.505100504678424,-45.806710356269164
68306099020642432,56.00122131401905,24.556792926212825,7.412449484379191,20.53463871701449,-46.18983462732439
68354374452892160,55.00785428462176,24.77371460602442,7.553124059345441,21.63172470092146,-46.3791664473849
68444534406201600,54.649595096912286,24.601516320305546,8.752983499032268,3.3021066878639225,-24.842383571698107
68547132585410560,54.78082643196429,24.85786587837255,8.99109634877702,-18.590809398048595,-28.142792015075955
68612897124511744,54.52615557626951,25.09426689142077,6.596368871241622,11.673621311261401,-49.630071115560106
69856272976786560,56.69669194844695,25.347943524190065,7.555849500708871,20.876022360362242,-46.92357841710108
69866855776219776,56.4377186960607,25.381376713020146,6.863381896945639,8.917130854382513,-41.1833904839195
69873208032004992,56.4374455526641,25.45485519552144,6.617628965789075,-3.096452490206799,-2.0505243956512262
69898810332838400,55.678567723369966,25.280897389489994,6.993866596372297,19.564432701860884,-43.22849922328383
69916127639488256,56.134779158370264,25.42151161270944,6.867428431178039,20.942975024268804,-45.827782094803574
69918979499309952,56.28772677585699,25.546813749362023,7.490897652344597,19.883603965289023,-45.44641569266047
69958355758374016,57.238478086205895,25.60700123961973,6.505815720577433,1.240824465415208,6.255660882799138
69983369649631872,57.30272250751295,25.701870446427428,7.316276018466569,18.700357787215395,-45.534717517686616
70056452813471232,57.05076382260959,26.182556374723976,6.4532408854212875,-2.5699367546440333,-0.4217155199830934
70078408685738112,56.756846716366006,26.423422562738214,7.2994456642677825,77.87592786128357,-24.311341827841645
70087032979169536,56.943877457866044,26.575310750160344,7.313275534810309,-4.225027640349026,-4.987746843454114
70087612798384384,55.51484749880726,25.321460335837315,7.532456205886749,18.989085838745584,-47.14010976858406
70104178489485696,55.677703628151164,25.715527959578033,6.483288879782482,10.43628338562937,23.923563527505635
70129050643128832,55.90286954300196,25.783351422078248,7.7844963597866546,21.20974887341313,-47.425708976963705
70138881823528832,56.11018086631819,26.041466166309377,7.581977004819232,19.730613433431127,-48.055725304379784
70215705904150272,55.29810728691407,26.27180407732168,7.132856574908565,19.351208005030358,-44.35235596193266
70305281741764608,55.88060638952921,26.481868050301674,8.691407626719354,2.853318399670159,-30.42466848598155
70334384440377472,56.267614732161,26.67893635265186,7.298202957063744,20.27005069560436,-46.1055272257311
70404894921335936,58.05086694633157,26.36901020529036,7.54602310802559,19.160902473229925,-45.61156928947737
71079441007018880,55.55263764668938,26.829034565564307,7.086826200784055,19.35806358409925,-43.6276910142518
63536997398140672,56.71497517768432,21.519448053568876,8.300205737211655,21.696278549129445,-48.576406815382114
63589189840752000,56.52643999712223,21.640554427295054,6.9905142230374295,66.79533943650516,-39.24563043799843
63730309584280960,57.92546926970108,21.668161426743545,7.153891740925318,19.07967877684022,-43.605687635708065
63775355201110016,58.20296923378865,21.7075943267629,7.863438944484613,20.39381201422279,-48.20603320428624
63826070174824192,57.96492519317743,21.821211162958722,7.520908413838251,20.684256689137317,-45.116088434998034
63896331542208640,56.90459484389654,21.469883946613614,6.541135803869925,3.0633212567779564,-3.260171360544106
63999999169130112,56.630577272862354,22.305310419986274,7.432473633593599,19.543662369430454,-46.412852716344204
64009448097245440,57.10636705902224,22.211391174097333,6.539304389916251,17.353895783853417,-40.577428216333
64163242287720448,57.421773552617374,22.944500325032784,7.353422098732257,19.512935354571574,-44.85613445942927
64243059958146048,55.16633388737444,21.55027747715124,6.058749945804005,27.266808047995752,11.969350714244676
64678329123783808,54.70320000241362,22.576638180428553,7.942294579789912,59.184442843195214,-13.469412499696295
64687120921027840,54.35942768292571,22.57512322910611,6.324604699317628,19.534062816292753,-43.430436016387006
64743646986745600,56.165358124707346,22.11312706231153,6.888913572562689,19.479151625182578,-42.89828505875798
64757425241820800,56.12937625817235,22.25403305470104,6.88545771448969,18.885391926771806,-42.64337488462004
64804360644343424,56.66843414271722,22.84418456402768,7.498059675999509,20.17711425081245,-46.9291652190401
64934893291213952,57.11688600086402,23.300556775545953,7.461381901990386,20.398676841565134,-45.457547140444355
64936508198907904,57.18936995061114,23.33871256339361,7.447798847561577,18.982770188489233,-45.7642685493916
64943792463527680,57.41151304915196,23.421639077363984,7.428357875359651,121.35327745268526,-32.72794310781977
64946025846426752,57.2033347873996,23.41318138675708,7.362773276027829,19.200505579399927,-47.02477563440708
64981137202021376,56.51728508779695,23.40531966531974,7.349143996550216,19.01388855774152,-45.462388901362175
65023232178029440,55.62266700134463,22.790383366074938,7.2107244103887105,20.443968442355224,-43.615631895788304
65045767870617728,55.407429375321854,23.075710059340587,6.661694230747262,55.107857702781345,-11.417779322798701
65125452399528960,55.12341638633025,23.55094959440396,6.201768700445522,20.7999095422655,-36.0848428128609
65140398885682688,55.653934147545826,23.65386798275298,6.2599789198809255,-6.785844769099558,-33.744488916522464
65161250950264192,55.51227170472401,23.9315503764995,7.128559860596797,21.649997198461733,-44.00589987129682
65167577439502592,56.15126273681793,23.502902827384098,7.196435385252507,19.261618283223093,-44.18167451157026
65202383854448384,56.49673767202074,23.812867344430007,7.584054434284224,20.4579022335004,-46.74669948230612
65217605216685568,56.45599236233461,23.95146803071827,7.716024514567284,20.44459642689754,-47.82145485344073
65222209423382912,56.35902804607377,24.034944470308897,7.460537484916678,23.807219063224075,-48.997856770957426
65242069352190976,55.99511103368515,23.882527325074037,7.332855207330711,19.881529907073876,-44.69357603049772
65275020341243520,56.19942719256715,24.214450818193416,7.226131411222815,19.303777387711943,-44.73235024108452
65289279632598016,55.96571153528893,24.237623054397357,7.258986318244718,18.739842453436488,-45.7796111765911
65296357738731008,56.39368645440966,24.463106878376045,7.351642646560689,18.45262299245357,-46.101289273382704
65298208867376384,56.157474125161585,24.427286641096313,7.1937748508307235,20.052625862739475,-43.731594850314394
65308418007467648,59.01626265021912,22.2267469610008,8.179261177827511,21.019210169039695,-50.29550012385767
65327796899893248,58.82856902222138,22.42562497317751,8.708435619328192,-1.0017453510751788,-16.889644569991006
65420770054063488,59.31103751438558,23.04530054130945,6.735269314411308,15.088778085087592,-51.03898464301582
65553162424988288,59.65887810995937,23.428010167227267,6.508249776273717,35.98964373296377,-64.28383851361454
65576527047058048,59.764656987924745,23.729672533054252,8.54160672635242,3.3815718067961322,-3.4699029724320356
65636072472976384,58.918821671148905,23.435608102196124,6.71255415104842,9.737506115592058,-68.17535050095418
65688539793220480,57.96486380442858,23.58017097963821,7.326865311897123,20.0452507330728,-47.20577088380842
65699569269925888,58.51141173896991,23.583472053671844,7.410325385253006,18.720162968475606,-46.105024423670734
65707673870040832,58.21587315431726,23.563201391104737,7.859820054121889,20.33574713064993,-47.409338262630484
65776736943479808,59.58717248564752,24.080920608382456,7.019555905798031,18.168526206326685,-43.157880135115136
65779971056668032,59.38781403425705,23.94626374387572,7.7564569906051215,19.65113593879149,-48.10405501535265
65823676643738368,58.7874571658436,24.083901130667407,7.323080413458586,18.337982236034204,-45.31658974362531
65844361206181376,59.10811041445935,24.280794607195674,7.185120293680008,18.2714406518312,-45.33992631001985
65847831539790592,58.86572295237089,24.167824184793712,6.998738184972317,25.40991912217494,-18.215629264045067
66483761579269888,57.9794373962889,23.96153929783951,7.5226590840494225,18.940460795684174,-46.25269448409783
66514410465753344,57.53013426102398,24.019237139785933,7.476024419046376,48.707333396045335,9.421167586765897
66525061984664832,57.320091876639715,24.0160781290582,7.580502634460286,21.349086797241917,-45.863136283697386
66534132955565184,57.645636809608156,24.034361034424865,6.936057499771289,6.488948471283738,-140.3389730220832
66552824649322752,57.42610715031219,24.243222599732213,7.992209903983975,19.771777205264446,-44.89668325671815
66555573432261120,57.5542317446932,24.35181775807784,7.242842948139719,18.91281125677541,-46.54540443340967
66565365957676416,57.58720760547455,24.466545088074653,7.247913855179051,20.345935596036103,-45.482774434852004
66623605713181184,58.50166129570049,24.580373961038816,7.660626561278848,18.511826027677742,-45.62902829463068
66681501872591232,58.35327694897956,24.861765116985158,6.4962175751309745,25.17777977026124,-37.07434837602399
66685517664631680,58.64409214846949,24.89878240322901,6.314605023401153,-35.61086275163215,-11.967177739536147
66695688147432832,58.233085510389145,24.961471693181505,7.418578701587108,19.220914096946395,-46.55892535458558
66712872313875456,56.997006319300915,24.099146835719896,6.420860042893267,-7.513744141943574,-20.569819376434797
66728089380491648,56.796014445411146,24.230810652961136,7.219228074892927,19.51262477045458,-45.79436569802546
66733552578791296,56.655542236671856,24.34333893209654,7.4103373667151455,22.38024379037781,-45.51618836763191
66734720809017856,56.82535623080349,24.390565235797716,6.978968391758942,21.257408311590865,-45.55495905207201
66735446661374976,56.782901747246996,24.39366460107138,7.034787986819494,19.49858518138614,-44.450118046415774
66765751950550144,57.168551370949324,24.609291605540086,7.481852062532634,21.09433557700707,-46.54092951892664
66781832308018176,56.618484292947535,24.433739343907018,7.373997130574647,20.11114396745309,-43.52995455982669
66787119410915072,56.662143404284386,24.5201075850397,7.412614947686768,20.23976526440455,-46.04620425308153
66797156751286912,56.81861392882852,24.74712712405465,7.321338755753923,21.14377527864498,-46.17100932538987
66831069813319936,57.175686739164334,25.007696354218737,7.342300530836172,19.764167455834702,-46.08059701474693
66832993955739776,56.76490881113397,24.819761527422934,8.438730399084777,19.508911230798134,-41.9222956316808
66899239535574400,58.1308067637997,25.251934445389914,7.340439849598904,19.837582004550185,-45.54461759190832
66945109786641536,57.151508604517545,25.330999440558102,6.060238705229713,47.17241823139916,-16.00941657192376
66964935354955008,57.814563926197934,25.48400120898127,6.249685234923227,71.06188033117759,-31.05914858874268
66997817623367296,59.09798263641725,24.832217396903733,7.164820193342342,17.884856597474325,-43.8422992957959
67054305033161344,59.42911015700298,25.385076110136865,7.458432291780379,19.256233250762254,-45.62799565668913
67103405099117568,59.065968867875604,25.48750428787598,7.3418460551331135,17.695296818425607,-43.36160581990584
67760157137145088,54.584258870267405,23.48982305957146,8.069366135489302,35.70599310729017,-18.524853940481105
68091041417951232,53.5994279721858,24.194134175305496,7.933459285860381,-78.71102448985837,-38.560295139803515
68118907165534976,54.83814871748897,23.44450695270193,6.299212123161811,-30.162813312179537,-28.76302544350798
68129764842889600,55.14330480576736,23.68240599457382,7.498550540761937,20.545720040636127,-45.62887996372441
68175806892217216,54.94318764852998,23.98123193567468,7.270878825569996,20.559818902988496,-44.36520201194455
68238543478364032,55.066429602579376,24.375236744291815,6.77443576319599,19.70564894856892,-45.36074149903795
68283421593270400,55.3435988820874,24.397548525073397,7.416619725713781,20.12459547363482,-45.74648397558014
68310359628169472,56.09137691950323,24.768206717219375,7.409644234463458,21.237661235420852,-46.651102602560094
68325649711754880,55.773154768525,24.824410931188233,7.314582197294672,18.420219320448325,-46.96608084023748
68468203969428736,54.44903761687981,24.903708442191657,6.324020098945427,16.664024828810266,-24.07779134858804
68595751615127296,55.06220014487003,25.321731267946834,7.429406078180151,21.09334184908934,-46.227011886895404
68606918530067072,55.135840976768414,25.47778442647646,7.435514579666062,20.165172086635003,-46.174314775373645
69252293199079424,53.66092565714781,24.85778327660818,7.967965647085799,22.87729560022116,-46.85846705294526
69294010218010240,54.02223934604324,25.35081711484489,7.585001426477031,21.288737413062243,-46.610443688983764
69834763780636672,56.30933332022195,25.088631638618697,6.7238369311690125,18.962293916845173,-41.36768252342469
69864313155605120,56.314067238891944,25.28927622486201,7.425788405396613,20.040084925306015,-45.96863991746572
69876712724339456,55.951482385995824,25.004185022844748,7.435405583801451,19.85967336466963,-45.6027373395702
69883417170175488,55.95181941670089,25.189861464713644,7.496096452318164,20.27366295500377,-46.57631857711389
69908156181656576,55.76825100403674,25.436563539499705,6.839491558937704,19.64236162101324,-41.24986339494694
69964879813013248,56.83709232128784,25.525638838893478,7.44663752434784,19.303587860106475,-45.56852791313415
69987905135086976,57.23647981333154,25.811458829670276,7.077360281963211,-15.219293278081135,-6.599381786204707
70013022103636992,57.22409734998734,26.098011629978497,7.595569566608939,73.23204322368102,-21.26039784370404
70153484713977472,55.82948712890788,26.078747132934307,7.333114923095777,20.089343981375066,-45.585505053169854
70224643732103680,55.49900192093822,26.460874177309847,7.847842024058634,22.008647535406574,-48.589726047064936
70242781377514240,56.28268050123244,26.305545404045233,6.71009695205264,-1.809510681280619,-5.882849309262718
70257109388259584,56.337988999226944,26.4422693601715,6.101461060144406,41.901307871933184,-19.0169291011062
70274190474468864,56.868431608315476,26.534764624622056,7.372225510083305,20.170626566598024,-46.3115765151861
70306106375800064,55.86693188311067,26.498676486261466,7.5740177329468885,21.16679166259159,-46.73249567337371
70426782074435584,57.77125635675894,26.614107836089318,7.193973340297591,18.304234312289193,-43.63030142045306
70444271181166208,57.270061561756386,26.44308962209475,7.368049401861455,45.11798252604622,-25.472572038887677
70457877637565824,57.06939334323902,26.503111885230055,7.771877340288462,20.775924413454668,-49.073057631362026
70722104024816640,56.55422602665775,27.036455940076365,6.058352895783865,12.169055384802496,-49.6128004131498
70976224352039680,55.41204764061396,26.500373122123914,8.946740629211275,76.63131768952937,-15.682807688193453
63510063659718144,56.67531600495512,21.157519760657863,6.321496662778878,23.11574120921795,-74.57191256791097
63571498871740032,55.8828081761197,21.52356664773307,8.30767086406811,108.69132023995346,-55.18098899044408
63592767549850112,56.29127878438316,21.70437958429157,7.9483711943893125,20.887245426804718,-48.14377497155412
63593798341985152,56.44566068110117,21.74683088275721,8.15854167678367,21.819412763175173,-50.536618795491194
63609187209077248,56.182899153426774,21.826401917845313,7.256598315884018,40.001023987799314,-28.497165132716137
63824901943723392,58.01832823927351,21.760705033269936,7.3591452377643,18.176978689225006,-44.522902687547614
63937700667501184,57.26243407904011,21.91285584411192,7.744726504099485,20.125013625659694,-48.426741461830574
63940208928422656,57.42386029705321,21.938530141788128,7.693911888971305,18.49628330801652,-45.132133448182365
63943030723094272,57.547359549089066,22.079560499582737,8.005469684328675,-29.046112724183544,-1.8851160561284022
64021714523841280,56.83519780827225,22.365563362379287,7.3267714619524815,19.471856841625943,-46.254349896532375
64050645425295872,57.76638978663602,22.404544971048768,7.434510624162738,19.342089985005458,-45.99644636903686
64059407158605568,57.39781407380614,22.39046720119339,7.399756837891425,19.47132579352298,-45.00153299664306
64082187665171328,58.286413686889475,22.653290289619935,8.154400633489745,9.853844472508346,-76.8798745098263
64103009666497024,57.849313048424804,22.841272958150647,7.430605491985016,19.641777668946855,-44.98903735020462
64334594301227904,55.72652406215136,21.854425006893468,8.665703988164516,93.91520391968282,-88.59770529030389
64389157565787776,55.2013367864257,21.813704450964455,8.720248610312318,57.10113909714841,-21.006741987723178
64642113959500672,55.227274516593916,22.62471786689289,7.446924791787165,-32.25985843016916,-3.9834386615049224
64703476157029504,54.45049067100534,22.94249907054475,6.1977583946398385,39.95169145486643,6.816185966698678
64717082613203072,55.08001654891371,23.045131144102484,6.012273162710528,-6.124360979750124,5.3563644843458516
64739248940235392,56.24560047392225,22.032257713665405,7.135003545664876,18.831601896246248,-43.71115305691276
64745841713292160,56.24330503901932,22.191554815221856,7.114625466024126,19.045109604674884,-44.412360707132194
64764189813713408,56.12297208474871,22.423398437573756,7.697153229748753,20.060278193347095,-46.41536617594588
64806765824716928,56.47995007638627,22.858455809898746,8.337985853500426,20.564154094001413,-46.709271237815074
64873556860745344,56.36210379170336,23.114697917049988,6.733538548708761,-18.30706675649794,-6.602971863300775
64879402312818944,56.21358052689102,23.26872443224326,7.394624876379964,20.545926181047776,-44.30031551839597
64884624994048256,56.89500778235771,22.801125159997,7.307114829720655,20.063807137477315,-44.55267649851964
64889229199044096,57.146690516711274,22.894908085791283,6.787533394607508,18.95352870613527,-47.155758784136495
64895139073954944,57.02435006099223,23.0339500921625,7.309302082629353,19.293114387985597,-44.997770784618794
64900739711320960,56.91586191032635,23.00110222643323,7.46137150586521,18.68608706268651,-45.00641029139872
64916751349465856,57.24294597152945,23.09402124719942,7.38945455734106,20.627002035060737,-46.77767940688765
64960628735279232,56.71065598955907,23.238999951961915,6.566669588716607,18.082484632564615,-40.430133671670696
64984951133439232,56.552852464053856,23.587012648241203,7.280859159894756,20.858783200882606,-44.736201780282386
64999661397996928,57.05606627868126,23.65697120504043,7.461038709608918,2.5082168597040484,13.062243898250948
65000863988835200,57.03735109356826,23.706329978281527,7.548655100367121,20.935367912891873,-47.27674284468649
65018417518780672,56.881922360095274,23.87181815563443,7.33883323931341,19.272619406218368,-46.356623741699735
65038281743395584,55.71537887938673,23.145328961490378,7.3190037313926535,19.91290055599684,-43.60728849473782
65202418214188544,56.44372984935659,23.795157132391413,7.008717060407029,19.197093542220788,-45.352887258981134
65208087570988416,56.87670215051404,23.955072611910207,6.767089987968193,93.07521667557998,11.165250389254417
65243924778167552,56.11499504813861,23.932581079893676,8.200916864081265,36.2170476285212,-4.519245050345162
65268075377736832,56.29096988931713,24.075625570719893,7.848492136112169,20.143372468808607,-45.19917152703699
65272817023559040,56.09705800204935,24.132377233709853,7.25107773889799,20.325850542233443,-47.786933718396135
65280036863012864,56.48794486728435,24.350095711640893,7.1052667579658895,19.17547678034964,-43.778413234323914
65294429297360000,56.28626598076574,24.40248339926305,7.630577007053228,20.19907778207758,-43.28563421056333
65297251091930624,56.333272927295575,24.47333141898755,7.337793941106909,20.589522430997057,-44.03912568448305
65757534147571840,59.0800240157205,23.836796396738293,8.297736110645182,-106.58830533394662,-123.22584901967684
65787289680918528,59.38888478791151,24.052986460733216,7.284318379289529,18.76077290795085,-45.312683297975326
66486510358371072,57.71855293609407,23.961269020104176,6.7873128119934485,19.944675120872123,-45.36062770677223
66489259137570816,57.85177827355964,24.087172363395553,7.47403630098569,19.14041254467395,-45.078411978289786
66513963789162112,57.47491507768577,23.996258523567345,6.439287320853215,17.558615364951446,-19.060526690276802
66525096340629504,57.32023694404039,24.016437901014108,7.252854129386475,17.882195607542585,-45.19747501870983
66745754582838272,57.36500889975356,24.403636922425783,7.403613021258438,19.23342251807069,-44.35961797471904
66782931820393216,56.75128246811272,24.473410211106106,7.51823295054606,19.241254857364886,-44.78725340723068
66791659193405952,56.941383283337046,24.633524455345714,7.560485614137077,18.290355820768706,-45.16310974427681
66839591028151552,56.7542355505098,24.982467524138478,6.141568159980838,17.91179065500429,-38.40059329163031
66886011036187392,58.00692191346169,25.024623815074253,7.57156755425043,18.579319697998052,-46.9529738677311
66898685486621312,58.09132775343739,25.207363416631885,7.54722053465046,11.066230249656304,-6.278607829577106
66919163886142976,58.06519308251686,25.51905973612237,7.19754299826867,19.555353747394427,-45.88271497137156
66980362877378432,57.470573906210106,25.647246431442863,7.246003957202509,18.623312387093794,-45.93795176933582
66981599827956864,57.44606846305126,25.710076328570942,7.515211486956356,18.09048256512971,-45.37061129247907
67056572775876224,59.50372010804332,25.472996487597435,6.418053594352575,-2.587286041466144,-36.82585530765202
67070041791157120,58.68417967737006,25.252937195657246,6.314134976261046,-2.300017138914228,-39.5767364936008
67072236519533696,58.86279518648309,25.24592085082688,6.439507231090988,18.885136669964492,-44.214393179670466
67155082145941248,59.472021482788755,25.620094908054398,6.157341061881525,1.0753718084092792,-18.376048992109084
67724697887107200,54.16008003272868,23.14547753490501,7.492629956560324,20.142887156953577,-44.89040243405877
67798296446802688,53.80602677451877,23.524027596046476,6.620329883305514,-62.240502283062376,-48.694055949812736
67816816345608832,54.28249118882563,23.701405947171036,6.00015349250311,38.94030006701533,-20.779672537804387
67831694111708928,54.087630268795884,23.777874920186193,7.261254756163965,-22.06369164125847,-65.53185082149916
68014964661425280,53.81787672859215,23.79924439729251,7.41927553409548,21.212686658137393,-46.594055883247364
68152029953273728,54.85396940409999,23.954977902542204,8.20096944186562,-5.963599416847101,-36.69090443727245
68161921261591808,55.42678496717424,23.915697125676886,7.085902986522752,18.22029956273651,-46.058560635211116
68364682374473856,55.46807003724569,24.69915943227329,8.072320722652362,21.97554857431642,-49.142691465364116
68433814167849728,54.50858925830159,24.33739433338546,7.208137384695206,20.70236533378469,-43.68569078322568
68475767408245632,53.77120790206573,24.51201326258057,6.695409619460282,19.284758748373246,-41.032770760336504
68584034944338560,55.3780129439643,25.19773344723855,7.049790089959684,20.271196541114662,-44.6678922943786
68590357136174080,55.39685734632783,25.345821401954698,7.841252593672244,611.1082465400847,-182.091542248716
68620868583787904,54.72052587343976,25.23624701095785,7.776719175190282,22.106611774836345,-47.33410300337364
69400834644329984,54.31970634887374,25.736314939496406,6.638812684589175,19.53622970070336,-41.50605679011709
69448899622936704,54.5426383190517,26.125747657141677,7.527259178634419,20.61325182866667,-43.96313063174584
69824249700740736,56.10294132042099,24.864656913864092,7.340436243227127,20.013629175211577,-47.632589144591954
69829541100441600,55.98635194866267,24.993324257800918,7.489878731778486,21.268953201729552,-45.12454657473461
69829609819915648,56.017793485618704,24.989616924403276,6.840847671650263,18.685803311061864,-47.787524177567846
69864313154046592,56.315167773090614,25.289706855828115,7.357267393115775,19.15259332187381,-47.94546030189541
69894962042148096,55.67556599462249,25.19670128433248,7.529091809216199,20.80471927227085,-47.20535047371144
69898054418583296,55.81563517055083,25.341423707544394,7.589613143145598,19.057935003775423,-31.42378417293194
69927260196225024,56.42378578214499,25.68657650159247,6.662527138164527,20.617679665742532,-46.31290290279895
69934334006064768,56.04490060536961,25.62714909234563,7.319788244552368,19.59944125744274,-46.148501667040016
69962719446879232,57.1904090545785,25.70026259761734,7.418253803653885,18.322003904114005,-45.477806642304294
69985637392346496,57.38677013764583,25.796211207355963,7.371013649320316,19.710225185339752,-46.362178155307696
70102971601576448,55.710845156948224,25.65653651443748,6.399707235035462,-12.856696140986378,-29.916180676301913
70138881825295872,56.109907027454284,26.041811522502226,8.071197588233643,20.43901888057566,-49.061705700568524
70160287942261376,55.29287492170479,25.76541903413525,7.797466246499463,21.563527220546952,-47.149997250522
70190249631846272,55.14953166686341,26.15121397017799,6.6119204664918065,18.336844578361283,-40.73457508683807
70360772718738304,56.265113388885204,27.015026562807936,6.079743637790406,-11.31915720058645,1.2670052090412822
70403589251055232,57.66551653056659,26.572152647659053,7.4260770760735255,20.43277827187154,-46.53089579671571
70457671479120000,57.17979485408404,26.539025300249094,7.610695564329927,20.643104101937567,-46.2689615978846
70469869182916224,57.38782126022475,26.845287834039326,7.726417122343206,29.18312914481576,6.943414095587786
70664310944993536,57.05341640310956,26.940611412320425,6.102343225339632,19.161625280088003,-23.89678812740195
63501439365324928,56.353530642066694,21.190660054565534,8.300044803250724,46.29897292564341,-2.483681911036942
63738452841778816,57.470516422925,21.663526550830465,8.250927968166529,63.30538056544652,-26.364353719341196
63768002215363584,58.51881624258494,21.703266963040626,6.128468553945188,4.527603922307362,-6.457718465623515
63998899656059904,56.678891409521356,22.257780628868407,6.082763912277247,-26.433810040334137,-18.335490965405224
64027143362491008,56.93624264298835,22.397962763767943,7.551832932850046,21.0570556765474,-46.67305383314692
64064011363520512,57.65595238915255,22.468747646826063,7.127754129770755,19.89987187064179,-44.34454216975364
64066107307543296,57.7244693872803,22.547865345919984,7.265606256190289,17.873394979928694,-45.12251929683014
64078167575681152,58.023304456290134,22.5818520695269,7.516364021774598,18.648030432198013,-45.63048241385099
64117784354039040,57.60500935965606,22.675354364650342,6.984690129678826,17.90612818737192,-43.82475875731628
64374073639277696,55.81618220817698,22.074230381233598,8.421935648053074,88.27063809903699,-74.57872103818235
64438841747360768,55.749067726136026,22.424067531711877,7.451832197267993,21.407386970466742,-44.390267261350516
64501273392219776,54.482082749227395,21.96423834686339,6.069164372551642,-18.29349010989127,-50.296013831436625
64594899382992384,54.117776927219715,22.525280808074335,8.98585188916884,3.754925724015729,-62.28390858366569
64642801154268672,55.355615544447744,22.548726260993725,7.301884780583152,21.130083979586356,-44.50126629460796
64665203703566848,55.18006539676142,22.83147815980321,7.382203157174722,20.699290987858724,-44.363767855385284
64747460917686528,56.207071191036846,22.291021091624366,6.282010865661377,-6.137242402349677,-13.963896367088493
64798038452412928,56.301887263098536,22.69730741222624,7.290828186403347,19.383744770885322,-46.04101016663466
64905618794174720,56.703355129215566,23.06855140288392,7.2387256119114145,20.84081773712675,-45.29591983791391
64911386933051392,56.904054677429166,23.1314530010573,7.041346578611767,-1.9379003208977617,13.00705983328266
64928674178659968,57.38409775234471,23.271498869578785,7.354278323471858,20.4549652303075,-44.87002052000801
64940906245415808,57.0868319876062,23.421039463726608,7.690936370750085,19.695020996577448,-47.112981495474266
64959662365552384,56.78069149429426,23.226156744121546,7.309612988988913,19.295192861656584,-45.43850995081102
64990586130069504,56.9084671444444,23.46784903102607,7.272149432844637,21.22160226198077,-44.86687402523243
65011824745303808,56.79109574419367,23.78255399499997,6.378512040553527,-15.227725724281257,6.575660093096868
65048894605947648,55.56962374340738,23.098352687814877,6.367677205341063,50.4491441981128,-56.609980487087014
65052639818118400,55.43225882288366,23.133142733965936,7.239971457247265,19.898278019009368,-44.533459586345
65084358152509440,55.90259101572706,23.453753860057788,7.234753689152002,20.104480832584933,-44.02245494436507
65092982446813824,55.226604296185506,23.123937755539078,6.445683268610075,86.4784659046783,-12.02606342926876
65153833543386624,55.49459139514297,23.707135284771677,7.327419894069631,19.953576720669552,-45.7529298125275
65175819489341184,56.28162967279987,23.629976943135773,6.47686551021419,-4.605595456918302,-2.686830710675075
65201073889760896,56.53153932856103,23.745000459325425,7.252890164615501,18.566546132668233,-45.360746051471494
65216363971331072,56.41253094148423,23.950117908380683,7.626957463557727,19.581562775963143,-46.711820349595975
65232105028172160,55.88323532267292,23.673853776513997,7.433494730783139,19.924954323283515,-45.31810028461178
65237396427689728,55.75631137604086,23.792755342982304,8.70672310514553,14.125861496384521,15.986354860290835
65254576296865152,55.68530669041346,23.970766125807877,7.302248027937386,19.709346367300665,-45.071551231511194
65282716920396160,56.40823276849738,24.334135415771772,7.330863741628539,20.369488637927727,-46.5537849045442
65292234570088064,56.10725957131531,24.394496851857834,8.02785908082978,21.95042265441983,-49.20267411149293
65297594689312768,56.300399163319184,24.504891296734822,7.821509420582805,21.22062429230634,-47.34283131249642
65304604076598784,59.16859512505392,22.146141741954974,7.321304362716817,19.01763190898732,-46.00891040923719
65365180292762624,59.35652846863169,22.75371713359782,8.059976238217404,-4.012365152917104,79.01949774112633
65410913106911232,59.19582640927015,22.844116207044298,8.814603283908026,35.32264372979642,-105.2503562234347
65431185353051776,58.730663342751875,22.994346711636823,7.285566950670416,19.488260720361005,-44.632172405991696
65437644983224320,59.11726653104686,23.150073028495136,7.364247553292616,18.51543341545685,-45.74470912887277
65519863540750336,59.33101097131116,23.22892611646456,6.1445727045484135,46.78777621689633,-45.41048968472717
65576011650237440,59.73770918944594,23.708534844803808,7.651702794399829,18.616198737328062,-47.11539738759346
65632460403172224,58.802739887666526,23.293536404592665,8.810384573717803,61.31879661391237,-56.85159182942889
65641913628380288,58.48872630466153,23.34510508446438,7.415902960434853,20.241861013349848,-44.2704168471072
65644451951851776,58.47974126480307,23.393206322023087,8.967224762505557,19.432607070033317,-47.41773199591825
65680499614460800,57.989007972376015,23.3392212985117,7.484240264221193,20.844310650459583,-46.48490377044484
65758530579983744,59.023847250680454,23.871521902851406,7.434931459970763,12.656621068596756,-43.357276262063266
65768151306811904,59.40037575316987,23.931010203419202,7.174693891962564,17.884139658201775,-44.06644028532122
66283616101789824,59.72243916305055,25.09815481120763,7.325653443642812,66.31397998102753,-60.626663016414746
66452734735432192,57.493149308189984,23.70921379286682,7.272111078001381,17.403520565966943,-44.874753299167956
66483795939004416,57.9931707213807,23.97188582540666,7.323122391078233,17.542877824267492,-45.79189088058622
66521381194879232,57.055515054741626,23.97951838435878,7.547372277549449,19.656892472424325,-45.83816214998953
66532174450470656,57.38806152316218,24.217798918238252,7.3912177169253,20.981535848879425,-47.47700332571162
66553885506789504,57.57983415846098,24.27596355160887,7.846879238903435,19.28257420623533,-47.24339457773194
66592265333776512,58.02432721972179,24.291805481551897,7.059793962472235,17.709327998495265,-44.58102477608528
66644702590745088,57.873603029294394,24.424189729860206,7.0024055555054545,8.906820956157706,32.33770641315653
66681501872591104,58.35653772118835,24.86293477766474,6.055002331881454,-41.626788340823005,-79.10936740186888
66715105696289024,56.837760020213594,24.116067483641807,7.199902345703015,20.344160878448307,-45.07643568357508
66720294016753280,57.105228216586056,24.24035732523089,7.468686984212161,19.544149379685106,-45.67771758535453
66763965244167808,57.08979895346553,24.578586778083682,7.302744961813066,18.457817188300933,-45.79389190581427
66783584654831872,56.61261347529189,24.45374227557123,7.203917977597592,20.29794758999426,-44.70787539997106
66797397266808448,56.77790332241324,24.76323248994339,6.2193069375938945,63.781520605204705,26.95860080055806
66838452861270272,56.661659316992534,24.959436887087797,7.4069576100515615,20.610307326877866,-46.954463131057246
67011767677005568,58.9952426762697,24.960950425971305,7.650775254822233,19.722560164882047,-46.07107457124233
67025236692266752,59.016714235410014,25.195245065796897,6.843872424333908,4.997265730521452,-16.35986706628962
67069835634816896,58.74187604266361,25.24127596267843,7.530544181332642,19.534612737435197,-47.54001042641008
67360725180835072,57.853339730692156,25.83771474111879,6.341614711583096,11.903239460237263,-12.760430488280628
67383574406745088,58.23068656799967,26.075778538275923,6.316032371943578,69.43764213095409,-40.339284780896584
67418788840510592,58.94053619973112,26.093081846307417,7.1841031037375584,7.110875432426958,-17.099657561795016
67733047303597312,54.60277293658489,23.1687875532272,7.997302706321537,-13.847368505811756,-2.842949470870965
67752250101756416,54.194811473041895,23.277940942544326,7.317151885848726,-21.663860511516877,-47.653997250288874
67832346947351424,54.046206014769425,23.806258139558725,7.317767257828139,21.5121934352566,-44.74466594862251
68168419548529920,55.38009303304036,24.056737099413954,7.859621346068521,21.791897434074126,-47.60378586437923
68174191984522368,54.92806066590466,23.9075504224956,7.278890838079187,20.454982963912418,-45.01606595633935
68275518853563776,55.390610195604935,24.188500161297767,6.7263745571767695,-15.626370944057618,-6.7752185964555505
68294309333614720,55.81715644574963,24.37432163229728,7.483773659832443,21.073110411687992,-44.858785366823525
68322454256073344,56.04572406548333,24.812595170028413,7.343438733418157,19.086552281373905,-44.398418532675215
68364544935515392,55.516250034147305,24.71230890277608,7.815114208797574,22.205938636468435,-46.62401513784415
68364643718417280,55.498669386033484,24.704939212730547,6.991136939740228,18.18583008144205,-41.17714789161355
68385057699293056,55.44626583439135,25.005925970991548,7.513350192405816,21.94049449150483,-45.30677967389685
68390417818463872,55.61508149875522,25.046828247599056,7.132319559813701,19.37116282424195,-43.26684972856321
68443293159015808,54.68758376732729,24.542557274863793,6.372605949594487,32.282528257602124,-15.716415956631833
68444878003882240,54.73703549837036,24.56961635010271,7.1600478835138714,20.161375137724104,-43.46365281158042
68580530251050496,55.12993085335749,25.14789552456778,7.210110645661859,20.726510209230415,-45.33855574139786
69252980393727360,53.593980117137875,24.877849358788023,6.293076109361197,20.946686788810226,-44.798565582048774
69489173530509184,54.14833599865376,25.960453445247726,7.702706550541448,9.668555002761238,3.116719821229216
69806039039416832,56.27740714247925,24.678409040272616,7.5284014269211195,20.24411977407674,-44.80748682496666
69876506565909632,55.860998966163535,24.994132717482273,7.523301424204543,19.041444522785408,-44.58735706991489
70028170451469312,56.84109229961472,25.897739265702654,7.171909892274891,20.30233114114823,-45.190117254010005
70037795475083008,56.46921136036221,25.91649075166607,7.026509807199092,19.50747216059418,-44.04160172413718
70092461818752000,55.523731657584506,25.467123771073414,7.611414145799127,-17.992090121178116,-67.61084313459476
70121805035254144,55.51973531138045,25.885673026076415,7.455247491858338,21.057609030003384,-46.89673268846661
70168976659836288,55.42050434061296,25.906550881349013,6.1723319400759635,17.98775775122456,-45.28512927264623
70205539717573760,55.794238348394835,26.294369257180712,6.87078272359349,2.9581781036112424,-11.321741510796866
70247218079697280,56.02670518412084,26.225738716762628,7.710480739878654,23.381368669287056,-26.911857832311952
70271854012150912,56.59895767544121,26.57294021230501,7.5285681732913465,19.271354975378042,-46.89144701804662
70376097161725952,57.71749255722641,26.194354601008204,7.20949495327266,18.998116979123335,-45.63318793866718
70403589251055488,57.665500701892334,26.571494391347077,7.623066779344963,19.305632168227852,-47.13161975355487
70472789763930496,57.37007234654962,26.847497554346603,6.73726653593855,18.240874857100604,-41.52464164493511
63527827643105408,56.53254973940973,21.345158750529677,7.234548479116474,19.009061765885555,-45.06359549682655
63547270960574336,56.002772277578515,21.281872338918273,7.436217258402496,20.147855316576678,-46.019560668530474
63604067608056448,56.0647963506049,21.80934726051296,7.079349482164978,9.52046301343703,-19.679762115959107
63607950257725568,56.29197866127165,21.856141391589045,6.125385149858587,31.62684302248,-62.2273268832151
63705811090263040,57.04407843829857,21.329017313969448,8.326389139792953,-8.741252917949685,-12.319620134641445
63867645458147200,58.308058803619794,22.27252983289974,7.583361199073552,5.7244459669555745,-16.292719210495708
64102700428856192,57.866285195794454,22.80352973539923,6.395239616298325,10.844334437480002,-22.99163475604417
64114245300877184,57.29700152037766,22.609258005731753,7.455976057919426,21.057238451322103,-47.309507094315066
64160940185240064,57.57335850579678,22.932883365855528,7.173085965990723,18.971190164122525,-42.77271008412554
64423139346986112,55.58658183606895,22.07452303127435,6.339969582754352,-26.807023773192647,-13.789842304227395
64593323130863488,54.17385821454508,22.502213941678384,7.075276381540922,139.2156928955064,-159.90760460224647
64695543352596736,54.462561035620794,22.701399979487817,6.717260495765238,25.75442762374711,-31.48381883591703
64752099482337536,56.52792723474465,22.392645281983473,7.950646816873511,43.28735311737737,-22.509082956464187
64841847118778112,55.72601984752836,22.829060083119092,7.888003082104967,91.29852282582112,-40.867811510730576
64856312568645248,56.52195568292751,22.981419243413214,7.602128024288136,20.514283661276494,-47.91048805067051
64856621806289792,56.53278606385733,22.983183224513134,8.992210672930653,67.00512805953714,-37.34517163364157
64858339793222272,56.298050043912966,22.95284787808489,7.424862203803131,-13.908149757811604,-6.815109417876535
64889126119831040,57.094462930924884,22.872477336102378,7.617353781069092,20.539052849387254,-46.74773678544327
64923279699744256,57.25981898022836,23.25223911265763,7.266831729278644,19.730996700492646,-44.42819858102819
64944170420647296,57.39555500671489,23.454458188999016,6.929722541761512,20.770167835185354,-48.46166158266465
64962174923490304,56.88419556070246,23.30633191106529,7.339722266111578,20.729001925708243,-45.43158657295105
64963377514329984,56.84184912038183,23.359958000577215,7.456198708615304,21.312007944847327,-44.50127002300362
64980832261312640,56.70879817515686,23.53208141913091,7.435614097188134,20.87945193664808,-45.02175262335697
64992544636157568,56.95607965230521,23.531205662111553,8.23007419917087,18.208773648843458,-44.408272976526554
65000417312240896,57.04676066618868,23.66195219778092,7.2799358540794135,19.68836366974725,-45.0455575658892
65005262035285888,56.76583191330965,23.616114992542006,7.209191094463601,20.780047946237538,-44.242085995364654
65007083101413888,56.861890197773505,23.678126852419382,7.472988365635405,21.72387551654079,-45.70969458878078
65026839950559744,55.446290775382565,22.856829510979935,7.414311257263757,21.03875282773397,-45.91094789901183
65086591535491584,56.00257297938471,23.543743984874723,7.297531268657663,19.55870683741184,-44.75242968274938
65089473457126784,55.9526140176657,23.539193471582006,7.241582954749215,21.483314424987046,-44.38909546773306
65101606741121792,55.358274790613365,23.25980604541485,7.353979850941794,21.430531919380343,-45.768936753226264
65181115176348544,56.068656980543835,23.61763077488844,7.450890340933603,22.5414303663053,-47.5949810700541
65211420466124288,56.634053898829066,23.982728265065944,6.932438687098164,43.61427639813496,-58.19705442761651
65211626622598784,56.70850412577491,24.006416973585075,6.782907903295729,17.64453820310797,-41.603896161795866
65213172812266752,56.74283055817035,24.027995653471557,7.449628020763334,19.211601348098558,-43.36324766229127
65215887229784320,56.42203789449623,23.902572567274866,7.5514453167291515,19.554894048900795,-46.50876363427014
65225469302220800,56.71438897122719,24.10432284781211,7.422710671658224,21.454720070774023,-45.221757813240025
65293368441513344,56.07404213069598,24.446187902212245,7.20733365805876,20.16911764248763,-44.66621639384996
65561473183104640,59.996547399284125,23.684502413509016,7.365650912464818,18.238053772145097,-44.87531613366752
65593294598803456,58.54890861292079,22.90032069433831,8.438800475290702,16.798905286522633,-34.82607429105459
65611299099755136,58.34026700004381,23.065590111936345,6.022654486369264,1.7271198311510823,-0.6168224762643306
65690498298435840,58.35353809174113,23.403957423598573,7.539436764637113,20.973390183488302,-46.79148690227105
65719463557799424,58.450234631246445,23.81918184093902,7.864910535896297,20.06354580525604,-46.88631611568352
65756468995702016,58.95808540984495,23.80622505197008,6.548433312973934,40.38563016475642,-21.380945057875103
66167205308371328,59.735204278242314,24.30879712455181,7.5630020095753725,19.86910519382918,-46.52999512470821
66468918172339328,57.89280600086858,23.797032725739253,7.242062708797047,19.108210218397666,-45.41617175629843
66509771901085696,57.5519498137871,23.926474495876295,7.457034070158453,20.69247400212095,-45.6571137814936
66523103479455744,57.1327139051166,24.0328031975566,7.1438013870737755,18.53827523276147,-44.38353799103615
66551686483467904,57.49815604974855,24.19589894135323,7.205215857775971,19.92888791242963,-43.61824072889623
66581549393480704,58.61864199674141,24.320930193016103,7.419621943102175,18.822255467157277,-46.75656400286956
66619929221360384,58.88721731500515,24.70300849959734,6.136106024654406,-11.506135003815325,-6.607115031711777
66659271121456768,57.891738387194295,24.568991301553485,7.421206266094838,20.34257441414748,-46.71852154545581
66704213658011776,58.42974348839064,25.10344910247629,8.753069585851211,-2.283657855173805,-22.019002629367904
66715273197982848,56.83070036887997,24.138920132623063,7.269312246192696,19.017069653993058,-43.927570681464154
66720946851771904,57.20406155769351,24.267173771028073,6.897881784660053,17.791532890139102,-47.53920278481299
66728089380492160,56.799503754015504,24.23144167346539,7.1911527684325165,19.07404745779211,-43.299155859962404
66729674225341696,56.85469975761968,24.25462065234576,7.5495680701742245,21.087168165577484,-46.027592700818865
66750358787789056,57.177946533093994,24.4552402956949,7.938158096015889,19.43070052995618,-47.815166188835946
66757127656833664,57.50701787565751,24.613397514012174,8.005934878023448,6.416057136449011,-14.310315091986396
66786539592171392,56.602739910078235,24.479398837694735,7.320709076268946,20.307721821964204,-45.75159001135238
66802207632871808,56.31946543928191,24.575481115491094,7.666701713472894,20.82255034321436,-47.73125292623668
66808839062339712,56.68666506758425,24.74939162434088,7.382649848312971,20.16782120245168,-44.18388468038046
66809491897360896,56.728918631435576,24.796134519995736,7.406586641921977,19.300650310901055,-46.34158408595681
66876596467931776,57.493140583588925,25.105670495329786,7.533728444357108,19.409193610428204,-47.91663424484297
66902916028014336,58.15253446080481,25.416266981462112,6.017543341666825,40.79088142898389,-50.6844723891719
66937859881182208,57.50659423749712,25.40029248045091,8.629493886868886,17.29653042484766,-49.815777432167735
66939848447027584,57.07039222938601,25.21491968688357,7.358738230374514,18.11105149210825,-45.7244672361417
67121851982422656,58.92554293725452,25.726448624011216,6.4354122753206875,-1.0964039452595693,-21.377184824320164
67221877474864128,59.22491394208591,25.93098918443887,7.307368250412364,46.04101847823608,74.1441044196026
67368834079044224,57.828036864609324,26.054150719366156,7.274217633056106,18.95464920923878,-46.073171609353494
67373094686549632,58.05557458367478,26.143438461375514,7.360596113610154,18.750344103076316,-46.15502930421356
67402747140706688,58.170733737169186,26.331692658295943,6.038608624264716,25.148695608615704,-31.195466249277075
67696690404422016,54.124765341658346,22.78955257812658,6.272459005898715,-18.254656700422366,-20.043474962446094
67700057658801792,54.07445853426248,22.849651729737936,6.1931377934014895,-6.382562821882313,-20.283998717825355
67732257029618048,54.59755350922265,23.107846178922333,7.41348516289367,21.57072434828168,-45.486146541863064
67811108333142784,54.29777313049112,23.617658379677547,7.134258566377554,5.297687140885536,-21.523794305806504
68040017205814784,53.88818549412499,24.078213530952407,6.099353813910684,6.387653736843891,-1.739214685260876
68046133239891584,53.789279180431066,24.238698906437666,7.539687879108131,21.915036001221143,-46.31853232725302
68147391388599808,54.95000439198446,23.848945081679698,7.735459904904693,21.781214122121135,-47.44800048113087
68150861722174848,54.865972772521204,23.89479513531878,7.3887946659635775,21.164750174314186,-45.34759525391402
68183125516472320,55.11009789752388,24.089764462479078,6.7126248163488205,18.54911495497002,-42.00945556771128
68232191222851456,55.02968901109932,24.21745010720196,7.3311977139771844,21.004541730395342,-46.72419357942475
68257132096874112,54.84093056351861,24.55900960931133,8.037343563192124,61.781649778455886,7.887550422560812
68352720889175680,55.00680305997715,24.67886262617476,7.310174432354375,-45.80147682080483,-9.919300927660675
68353171862049920,55.045740712123596,24.718945608389415,8.86173077169807,18.731721050098724,-26.6508220148244
68371275148058624,55.461439259969694,24.8687777417627,6.683761835485851,6.676653124227792,-20.725508081127273
68521053543431936,54.326969501573586,25.06234751517081,6.613013887906957,23.533059524742264,-56.67457711883954
68540535515653504,54.77812109736227,24.702658564560203,7.702833922832106,21.68859240930002,-47.25978374602024
68593346433465856,54.96326524435254,25.194661602170083,6.995498709634505,19.752518722713635,-43.07260171331955
68600321460320768,55.0460741774819,25.39058935918636,7.544997506047376,20.391724290968668,-45.91124823550244
68607090328759040,55.0961363078789,25.496403168239663,7.622060732948219,21.03968683746736,-45.87470596943604
68672717428941184,54.805550621894035,25.73029674907682,7.3112603328852295,21.68147661301884,-47.08774283910827
69414715978649344,54.016956970116496,25.736577365433014,6.79412846959979,-55.442842761924894,-52.72451707015283
69420213536768896,54.40615017570331,25.697044306526895,6.645173923390634,18.02947534865432,-41.004963604431026
69814388455816960,56.20917356922093,24.91091026357742,7.4733806175867645,20.085431297811194,-48.023407865786695
69838131035001856,56.13412411806881,25.13659429380858,7.662160127462412,21.463357658961304,-48.07332552456981
69857235049588736,56.811777082442,25.371626043110563,7.473088690859399,19.5615504543579,-45.937804813456154
69911867033651200,56.25512663573019,25.351427914366585,7.338951516005683,19.72096734544033,-46.16514955455619
69918979499308928,56.281277742832,25.554324652929697,8.455620217888725,69.49325264757094,-0.16352316697985306
69930283853666688,56.05851476314382,25.537467706271727,6.437543253281111,19.577992377402733,-41.72741501634614
69992371901046400,57.49428606850405,25.896034214215305,7.5491718165493475,21.59427404509217,-46.67945562362612
70024154658949120,56.645215600086246,25.84365846299981,7.379061618516552,16.961073467576995,-45.52740980140536
70024356520465664,56.63472772160258,25.85702419931459,7.376009369345683,21.483210131187974,-46.60544387627601
70036695963457792,56.51536449392529,25.874518055381774,7.954880662205942,20.88224133519206,-49.32035064287108
70069814453956096,56.791146855568904,26.139798396280575,6.660821110859254,7.969673931954955,-12.783458015187726
70097993736685952,55.69916231255688,25.559672746667644,7.566991765613759,27.967963523891637,-29.415121903481705
70150357977789056,55.85925726123208,26.04171814484886,7.531798746166224,21.04499085890347,-46.57714171018587
70245942473353984,56.04198761429272,26.14904017504635,6.3512704311845285,57.05167175078367,-37.72534161494659
70248180152474368,56.139657902588276,26.24796151677609,7.50696631904469,19.901138058326865,-46.30616846389316
70377510209693568,57.663934862297,26.267579819782032,8.046491857257392,18.758114280454436,-46.93982812127861
70403108212024448,57.58049370507537,26.51673467820149,6.902404291079602,8.964357200871955,-26.31819563792572
70444026365141504,57.221291141072925,26.43805829519844,8.501341834650864,30.066907677342968,-51.621040430232455
70956643598361984,54.71485737426395,26.35745207603512,6.597169963884541,4.875611093888411,-9.163566866397458
63328953478621184,56.80193052321562,21.230671512331124,6.398833300377293,4.5940328579574565,-31.180083445181744
63331697961210240,56.92144281047824,21.351250885246557,6.370264682949857,-7.988544389096305,-19.62153527319835
63566134457062144,55.58024864703684,21.361654547714114,6.227941928366553,-21.964129855158273,4.179159028424904
63576446674056320,55.882857272538615,21.60538705423644,8.455519888101604,24.245616610434602,-49.677755192111036
63775767517959680,58.29362023515577,21.754830877435502,7.155058722884015,-15.755126686618624,17.14824256646016
63911969519658752,57.12901287152747,21.80379629213098,8.496234303616175,91.08328257502981,-48.51842003435579
64001339197473408,56.99190698106537,22.113993975562888,7.598836153417365,19.983522625878948,-46.49981998998993
64005183194070272,56.865598646396684,22.1606151777333,7.322496176654713,19.479130940995113,-43.88244907637228
64023020193909632,56.73595357735044,22.340426796954127,6.971239143353499,10.778951547118659,-25.704884046266574
64057895330132224,57.356540141478256,22.312209187153343,7.124079011263999,19.556734054911658,-44.42785716407235
64128294135554688,57.023886074906926,22.635778085249903,7.267997117214958,19.48222424687009,-45.44550891815411
64136063734692224,57.361046520859134,22.848352698939507,7.470198853658967,19.037363240164904,-45.87916701288922
64138400196912896,57.230139689484915,22.84494855031058,6.4786339050455926,10.752585983558484,-28.55311025229382
64171729143045504,57.72933383309594,23.203766127137495,6.9056025336158005,-16.70761397110195,-21.534111625330063
64298271761308032,55.04997890703064,21.8087186449521,6.76244929996306,18.508784710492595,-40.76983541515337
64319196846180608,55.54108752915313,21.527811631092,6.157435084708364,13.05782584323437,14.971543035827366
64430939007563520,55.544263544796216,22.301387062127162,7.592745502178547,21.559654491600334,-49.0451983136885
64677435770486016,54.48290485557624,22.623980310654854,8.33760254246662,88.87100899690127,-71.19834084436614
64698429569756032,54.623932700401696,22.83397585500909,7.232515066472128,-0.29362120688074334,-8.236124519847516
64804841680675200,56.72201785398287,22.880748393557024,6.817244229838197,18.982563936845033,-41.60050050840914
64896101146708224,57.21119391554984,23.07486184165542,7.768417354430479,20.950793364025692,-48.333507032465604
64928605459180416,57.41426344137853,23.28990844525079,7.1996289578195904,18.62159053782709,-44.54526737973093
64942001460286080,57.315180555656895,23.38016998746235,7.436806910305677,20.16036278151955,-46.2237778208242
64950488315122560,56.62930786525851,23.026152243084212,6.911630589111497,18.402867864698102,-44.55559632569532
64961556446146176,56.87488391268486,23.286152325179287,6.627053419183359,-2.458239795571621,-2.727414745569452
64981931772948480,56.575062291586306,23.486457610450035,7.179336279416077,19.818583154771783,-43.24129115752879
65004437401569664,56.74245105010891,23.56061715976777,7.355182666949437,20.16316093085053,-46.009191586085336
65114697800937728,54.883774472132444,23.346801509669138,6.655070794602509,-0.45166391184702337,-10.481962226844566
65131770294601856,55.41366240783984,23.45790860008773,6.457287137984538,74.80563068748654,-47.12273785750336
65151084764526464,55.398573240227,23.70263307749592,6.195422064244809,-50.73340382657645,-62.227286164690156
65175480179315840,56.36469576574965,23.632340550413826,7.566883576477941,20.970122285631863,-45.66117693144511
65202830531043968,56.52724342554522,23.838809459032934,7.1765118083800425,19.691236808686746,-45.97218248922506
65223618172733952,56.664208814994886,24.029479832481186,7.316839029051112,20.265107296934566,-46.22769834800418
65244435877629824,56.11636811943141,23.999769098826523,7.233113577210932,19.08858362212825,-45.099395076699054
65265674492422784,55.9314251981591,24.213757929647073,7.427304424110286,20.931081673152953,-45.14194402105124
65272821318002560,56.098224870637075,24.132439341642254,7.363603299962179,28.07065074649472,-43.097950669671924
65277975278721408,56.4177969686723,24.28890740696102,7.476717798256291,21.796597384732486,-45.31177658951856
65284228751087872,56.455770517407075,24.418506109786513,7.260957615101932,19.208686755382555,-42.78245942405292
65289623229979136,56.02026285603311,24.275319181164605,7.285423899385576,20.133680883909427,-45.35637699913802
65299381395665664,56.11065422848616,24.4863483154422,7.065712191934261,20.990279699134792,-41.94665970999995
65322574219659520,59.02387310749747,22.326366577253268,7.784729697263766,38.479696650394786,-41.294974372794314
65393698877913728,58.60168673714938,22.688898820464534,7.218516929270328,19.38080260263068,-45.07821393358127
65398131284165632,58.46538593937267,22.739381056613777,7.430600332489095,53.91679315290728,-5.41540961501287
65468877986111488,59.58650955510292,23.10685922270161,8.656750607688352,-20.08201780218468,-14.536570386274002
65530347558005504,59.58916661403193,23.41360638053363,8.166856706377187,154.22699099029745,-4.844459962985471
65561099523771264,59.98542187692175,23.6708000007374,7.2715919760616465,17.37573310941725,-44.27646179193073
65609100078323840,58.16154681704111,23.063566491550986,6.124343959573825,81.7545326457994,-21.55407350184864
65622466016638208,58.74734444579111,23.149219499798278,7.8172400242140085,31.376002285906537,-26.34829461524824
65797082206293248,58.78932004520641,23.754035254881355,7.567855909919001,8.964195359012542,-9.054049582643817
66147345378010368,59.841267558445445,24.050084617828194,6.004014673419493,-3.5248531514848898,-4.747684883228063
66225170186990080,59.3568565191498,24.557286479897318,6.436676365593969,-9.79089018903681,-88.72983229595548
66245304992176768,59.39299328759635,24.738713039576787,6.710352151060133,-0.7649407204007579,-4.387271549961998
66443869923093120,57.818092616750874,23.693341302380546,6.473853090252945,20.990794480220988,-3.5746367334788074
66470567439742208,58.07804391540805,23.87669033680424,7.524097803760037,18.479408209856437,-45.773577704994594
66482868226100096,57.800396950236845,23.93243025022529,7.523942582220989,19.626753173263534,-46.632699110412986
66553443128503552,57.56367778980366,24.22654240156528,7.416513000247243,19.30252252790308,-44.28117503899102
66555985749157760,57.35836849831732,24.24749646235856,7.454869915597753,21.248523208475092,-46.07484917184325
66556535504958848,57.40235505704586,24.295859565672455,7.462035109288245,18.182616410101808,-45.94347227111504
66565778274538624,57.54494597991424,24.47802874104996,7.400733451814482,18.486871543537866,-45.289806255718666
66597767189992832,58.4207475084373,24.41920320712948,7.247984898455807,17.974962243229875,-43.57887427774815
66710948167949696,56.89387479189458,24.039553949276844,7.493789781759396,19.01304665662284,-44.97089053166092
66715827250786432,56.88340577218757,24.173392342814555,7.490687523590323,20.5733425299048,-45.742144344088786
66739982146803456,57.07214182983378,24.504220723934463,7.443940703770764,19.948050725702974,-46.219669158617926
66743108883000448,56.99809086155234,24.505616496717916,7.6675154638321965,75.87363444000646,-59.19386849422307
66767843597097856,56.99745157519385,24.593481650943612,7.360473013880846,19.789732135352605,-45.6850455441756
66814302260735104,56.53250842192713,24.866692057387805,6.985169861758208,20.400114505231365,-45.428114276058864
66905561723623808,57.90186041195282,25.227831132221432,7.5657155081673615,16.894424703029973,-44.13970221196976
66905561727107200,57.901682130038296,25.227740776411604,8.288496789424999,23.61697734563511,-48.354234361965865
66944422591073024,57.03204797759779,25.315086368262975,7.363883737212068,20.146280152417912,-49.21068580797612
66957612431742080,57.663843479333416,25.393551753796313,6.389250304766965,18.771487235556904,-45.53791054324141
67019150723650560,59.047505686135324,25.06000496188113,7.831370234260628,18.883900854841393,-45.39391957628321
67032624038288384,59.29816553326458,25.16306697370343,6.30225716996734,4.366737928916628,-60.70682575868315
67072618773599104,58.98998948688949,25.242794847921953,6.134675590409389,-27.206633615349745,-72.69642828014469
67368834079847680,57.82865372341469,26.052277430237986,7.296979520892909,19.818775015827722,-47.04745241682429
67736070960579072,54.40459134186731,23.182603561563457,6.921899154979081,19.37972594450255,-42.141886994150795
68045652203555584,53.78041915558794,24.21823814087838,7.36738980172445,-4.009528709590814,-51.21002047397542
68142374866825216,54.64259896949574,23.71853047856418,7.484155963925398,21.01251130526328,-46.68696199242911
68162921990400256,55.3454099178269,23.929907412099855,7.4679281450793535,20.87002088439918,-43.94528385521718
68203054164668032,54.6355522082354,24.005841406358595,6.087178333204488,-22.269189003228906,-33.22797765182317
68282837477714816,55.4117869503773,24.385746127461942,7.2460414350558295,20.66941639207741,-44.699524208194816
68308882159427840,56.10672868467131,24.681159703039956,7.775523482076141,20.977456146011534,-46.97992302418597
68610006610414976,54.485894535569706,25.017014431393598,8.041208224425988,22.171401670875767,-50.215934372306094
69390114404976896,54.04617782511923,25.506905043972466,6.155857883733522,2.543567658957911,-1.2208154747876256
69436152159521920,54.63536947636129,26.076968428502187,6.143033873855813,10.293155984273445,-14.171460062165094
69824730737081600,56.04708125749789,24.876052864566486,7.304577520790359,21.31058632521194,-44.48411389935676
69840879814047872,56.26681313037545,25.257646866907518,7.428143353032573,18.647569844836685,-45.40830146952662
69866851480364416,56.435946081498805,25.384990405593594,6.887910234858002,8.855435389494213,-43.0640251302861
69873418486230272,56.516010356725836,25.452796196778696,7.318591468953866,22.57188830405141,-44.96015851641579
69874243118711040,56.58319939873283,25.475357709577242,7.379230915004011,19.169511589332807,-45.79512476354014
69911282917833216,55.892333071520504,25.590394527610496,7.527230130460904,20.454355060832366,-46.13690498075705
69974504837007232,56.89244548480664,25.718164825630673,7.673490988631685,20.19878544649288,-46.51248487600978
69974637978917376,56.93549018244214,25.717761118939745,6.976327692072248,3.0985570272436,-46.01550878194101
70010342044196096,57.40429331192979,26.049386862332707,6.334681457056848,-18.117966942427053,-5.373439382982982
70128157289925504,55.77289015734813,25.778106585042373,7.091771891417812,96.29350411753963,-74.90830907535855
70387057918968064,57.56656469007027,26.193510714125857,7.400986644031784,20.35478919469962,-45.79438527737845
70492168657056640,57.46259150832232,26.81006031592642,6.98629933140769,42.744733131761535,-56.205576511244786
70659496285106560,57.10868743081107,26.839687791215106,8.748416282573773,57.842290751597844,3.255832613885709
70935649797958144,54.92832223176347,26.13667011172933,6.485763055686818,5.681503743348037,-14.972643264211714
63502259702709888,56.383382651277834,21.246480352393984,7.7480712178475075,20.65280679243452,-47.762058421602056
63703676488788224,57.250769798788376,21.342196098138537,7.225754259205502,-13.403241756561716,1.531224466418363
63777897821629568,58.136616264680065,21.74233013859629,8.317000802312746,27.41257231928879,-9.108339996429843
63808404972023936,58.50220242490951,21.96065020313683,7.4325869159824345,26.24244693991571,-26.262503899199604
63855001074451328,58.09215226845004,22.225701190945603,6.680530364569123,31.732403457736687,-16.199504079879077
63901008763136512,56.8883422617575,21.57762659574858,6.14938627323675,-21.7763656921367,-23.47775832987913
63953819680971008,57.07348073664716,22.066808749749143,7.598022917417946,20.284017118807654,-45.30198551821394
63957526236677632,57.27164299822128,22.081152230266117,6.829917783687089,17.743395714845406,-43.15550624417972
64059918256611072,57.514439833367504,22.386083366322698,6.913279071660793,67.98933171948278,-47.57989887937026
64084519830207104,58.14859139748256,22.65016685753487,6.403069432617224,48.05615314680563,-53.84562178167178
64526596519038592,54.52812903412889,22.25499651951312,7.298353197394477,13.628013457812736,0.6171618303128213
64575730944903552,54.35029676494181,22.35078206228412,7.513591028145833,15.790394664783197,-47.88180997356246
64644484781444864,55.33339566545284,22.631451536825736,7.011106189930256,18.66745548131216,-42.989950688570275
64696642864135552,54.42482472823353,22.737456668731568,6.452036616744763,100.04983375248983,-49.88949937722451
64741585402468224,56.3551210390588,22.137600479682646,7.993927561671178,1.4534173810846842,-6.418520124282743
64843805623922688,55.85491728898192,22.895492287024965,7.5264024127197535,20.222442233716116,-46.15960948932732
64864593265614464,56.15749648469315,22.92084569104336,7.194518033619004,20.301380268297027,-41.24391102884243
64913452814489216,56.95058643018479,23.21788377589549,7.411184638689342,20.053661610566117,-45.84753613421944
64921389914137984,57.249110397410014,23.20188117544861,7.361198602433404,21.46599188555524,-43.402498960845236
64949427460614016,57.29710087343788,23.555027674633045,6.026089354364362,17.706997239021526,-44.39203617127579
64966916567283456,56.730541115448666,23.380212988770477,7.294694239567216,18.858429537627444,-45.66888505121055
64974574492213248,56.42870174000814,23.336589161292384,7.492486097833367,21.406088529779186,-45.052319844566526
64981863053470592,56.593679900426444,23.485427897777026,7.150415256448715,19.859186488699244,-44.830015852542616
65002410175898240,57.06573584502768,23.7327513738126,6.710413067474246,3.920536833667343,2.9601024841030967
65012408860856832,56.93613786706123,23.700704540102134,7.252925571892042,20.328177414703305,-45.216292132663604
65019246448775424,57.02449569519243,23.883443039373205,7.392645465941637,20.181137542829056,-43.46642919787849
65069927062402944,56.0157006111368,23.306160625470252,6.8503615352953044,57.636851948371884,-44.67104966332606
65087965925040896,55.79653248072582,23.47879441486658,8.21045876700467,177.00953777763368,-172.66125202011355
65095490707724288,55.11366627874598,23.085021271368166,8.753342360666089,-14.744499496627338,-52.71963936620921
65181321334778240,56.14966288663878,23.578175173592527,6.731841119516058,19.19231470727461,-43.68124042306106
65190220507070208,56.373319246952896,23.760302335308378,7.399616619911859,19.065021323928246,-45.755836459670746
65212691773969280,56.82547570016037,24.036436385994815,7.2721699909797355,21.437427455270193,-44.729548972091585
65229184450247296,56.519106151072684,24.165368569020757,7.497115632105594,18.937810788453277,-44.62061805868336
65241313435901568,56.1334290890114,23.874849276465046,7.367449998542193,19.57888027760635,-45.42340532837509
65289588870240384,56.04138926525986,24.26762455350562,7.302329783350095,21.472255504994394,-43.34423303830621
65298483745290368,56.22548048214077,24.44616834794828,7.6876803281520365,19.84753721236225,-46.01917781646604
65323261412249216,58.96138443134545,22.339556725228906,6.221385694840914,13.135974747797931,-29.021940172943463
65424034229369216,59.25006145458343,23.073324824949026,6.077079197088729,34.28790849075595,16.006605726172904
65643184938861312,58.554286648334305,23.347269706275018,7.593239732644184,19.433131920141896,-46.78892199301689
65644009572403968,58.574207645469684,23.407281911921206,8.143083057846997,-35.45273496759612,-13.734949694348218
65677098000371712,57.779677513231455,23.349183178047287,6.69801332118288,17.208624900521556,-41.877844853353125
65792851661062528,59.38997227404239,24.161541702587197,6.26239431361381,27.747124356755968,-23.86449926630079
66177203992186112,59.8153294011543,24.49758144931018,7.021746810326141,8.160244692457418,-38.974951921884546
66223585341377152,59.41233223813142,24.461969583256792,7.010236347705897,18.65356001281574,-44.74334984223909
66249771756640512,59.29646727523261,24.833619519028066,7.637413010017877,18.8510673854901,-44.85572742494021
66451497784867712,57.33962532353392,23.6515782545828,7.376227208651057,18.204462282608745,-45.55520366974744
66485582645439104,57.7424400126132,23.92835794530036,7.21238536877687,18.43129956497794,-43.31389853777661
66507469798632320,57.489468160076925,23.84688194166913,7.6427806651503,21.530786822847254,-43.565036071731676
66512074003566976,57.40055541252771,23.939616754347057,7.28785562194042,19.411524359447647,-44.5730025382453
66523103479455232,57.14081534926531,24.032849766880865,7.065936301955448,19.299176702015146,-44.18203911333444
66556672943906688,57.42804497400579,24.318568409932812,7.469814986220502,20.446787681446676,-47.8397668094135
66560727393001216,57.72778472773581,24.365326702461758,7.474582166375677,19.168660031261574,-47.10024451822018
66586218019920640,58.492701776350074,24.41900734737289,6.140993012717967,16.946219928827396,-39.694920151138156
66635253665152384,58.636340703180636,24.76988703469829,7.490758579506005,-3.3727199102368264,1.7338914142972022
66637452687640192,58.72595287807207,24.854203742646416,8.316811960128419,181.452533902507,-157.05929777023445
66657415696297344,57.86348961016656,24.518448754707425,7.251437641917489,19.74663141605784,-45.451294562195194
66690710282089856,58.56169890172846,25.0504839728917,7.5025731251194445,59.149845147656734,-13.183051593732216
66690710282468992,58.562525824243586,25.05007582040456,6.930376972521846,57.08784360095959,-13.101479227885447
66709711217367808,56.97891066052601,23.99875343028472,7.772996163979296,49.24211398506232,27.40693855142135
66747816167123712,57.426245257389006,24.462799736001262,7.547732480662261,18.676157331737542,-46.77229142531257
66749121837171840,57.38774921504782,24.533832683321616,7.418666857726491,20.208257770798163,-46.08040738976238
66791483097102464,56.90992716923971,24.599773115942277,7.089912221780614,19.552870790207542,-43.379289492686475
66820590092840960,56.908632149092455,24.81955061391246,7.321610715925585,18.77571686440077,-44.18426716411387
66873435368674944,57.357198601945704,24.937448375714208,6.100790558654151,22.75235582143761,-50.204893071517645
66897933865345920,58.18906123797251,25.279659903374622,7.224048040147685,19.494968153501564,-45.0654688095901
66933667990815232,57.52555904592154,25.324460182202618,6.843372447548023,4.071055933943124,-4.825383102940979
66941635153934848,57.1514685446018,25.261289868637768,7.418767708082097,19.443260865067547,-45.49184868196514
67012248711350656,58.91939103430906,24.946232259493826,6.194529331648189,-6.776107134788401,15.944970981014347
67044198973423744,59.21803142163105,25.167934727554673,7.738455575708935,19.10319628796676,-46.94320613019424
67103405096845056,59.065691769232636,25.48718031100097,7.418780086505996,18.437980761190843,-45.62881751249081
67300698718051200,58.38337543758329,25.729817321356315,7.463381482033711,-2.8126292850580543,-22.356116041533017
67334955377111424,58.739452268357205,26.03108739252812,7.800535768219816,66.98721274634366,-74.25227569650279
67400204518101632,58.12064863234092,26.22068195126051,6.150553344052946,-5.7288946749480685,-7.38561029546165
67747615832673408,54.31896492165065,23.184364977067364,7.99036369694287,22.168188360545816,-48.66331092667877
67789706512021376,53.61614839437674,23.36848368681682,6.488892199546964,34.55225274806738,-10.327569101538398
67793309988387456,53.82823630611727,23.438986245977457,7.290477116287213,21.417790170943356,-45.14294304267494
67808295129910400,54.08968420756352,23.56451066570726,6.372340388917316,41.720333956747055,-20.839786330545714
68206524498415360,54.279436951893864,23.915605408564204,8.165117307089494,41.040887087848105,-24.643416606537542
68219649918298240,54.38063846504102,24.151816104796207,8.610534991009704,139.8964800281825,18.94888729752524
68236795427794816,54.88473033037803,24.266864029139793,7.182498896457282,19.773563485274593,-45.54958301411696
68259438496008832,55.545600126360874,24.085530949016196,7.476423218470284,21.50490821006327,-44.48195446349564
68268165869533568,55.73575580016508,24.22917036681453,7.53592059810258,19.901504654785434,-46.99139134250538
68303487680516224,56.109579035829455,24.58950062402356,7.465685925621427,19.65581279402085,-46.0475584579759
68364544933829376,55.51592567605937,24.7125362590405,7.485806292535069,21.721589211020092,-45.29248536967149
68404711469410432,54.08031222188719,24.181027100126805,8.490772034512476,23.65568510928842,-51.54382352891919
68460026351628416,54.49832718627502,24.645339258732918,7.696813182522835,45.85862586259463,-2.492494448212143
69391553219593216,54.07021735281684,25.525504831507625,6.521695775927478,51.952290303533275,-40.28350787299883
69822875311156224,56.42695832729181,25.056913160793457,6.106456748286809,15.237306856938229,-38.46025054348271
69880393511723520,55.96652526192798,25.16779643800436,6.6575725304230815,114.4467049850125,-34.540879744305684
69893583357174656,56.052862765851195,25.409787549389197,6.60248254268179,-1.9698182234406871,13.14285683989819
69986702544247424,57.27016010541183,25.76442103689075,6.46815756804738,-12.075984881386486,1.0536586203874907
70019378655328768,56.667843836000486,25.73135614781764,7.286429472382369,20.282933618253516,-44.51992939679294
70035351636365824,56.469562481133345,25.861531694231786,7.219855323807745,20.432984796252477,-43.71042320473896
70098612211973248,55.78162924002444,25.574598690436172,7.407633218727595,20.444284880819517,-45.94911671972156
70118197262752768,55.47596879894866,25.729606115398568,7.416742738578558,21.901060782356616,-46.34521776764542
70125717748535424,56.03339391834159,25.81387214140685,7.262336779325648,-1.77210471704162,-19.4210951962363
70128161586957440,55.772778990763044,25.77773898368086,6.943416044009204,94.2820960054432,-73.38365932620842
70146853284493312,55.73631518443275,25.980494465508183,7.206710612673411,21.229495411776,-45.770570685649055
70201725786644608,55.725084279073265,26.137673410555898,7.662535829651434,19.95717012398481,-46.849069094281546
70243159335120768,56.32534820680277,26.30992468936893,6.646865723110243,4.172893622318236,-19.393475285327177
70330536148769792,55.752082634662415,26.765253945953987,6.300333959192063,40.3417371564688,-45.044005264871416
70407368822413312,58.073660152426065,26.436383704526303,7.367351729945393,101.90201375699795,-142.51324106227844
70934649068656896,54.98818361370311,26.11654322312822,7.5078418321564575,21.158424159514517,-48.50582801179769
70954307135798912,54.60340551512629,26.256398199459113,8.027383099945942,23.409202881258885,-49.36680250101806
63690898963950592,57.35900221550865,21.280133969216614,8.963505505345724,23.68377259773636,-54.6664295372852
63693785181958912,57.4659251417893,21.307130860806396,7.215799510913274,19.91533893013088,-44.129929635462005
63812669876788224,58.397061656496206,22.022679445319177,6.522799524431907,61.68075412459477,-71.40805001282801
63848953760548608,57.825944748440946,22.068454971024817,6.010217082496542,39.06578631676761,-24.73959868410254
63951826816390144,57.194234816306356,22.070022140002038,7.194924335627389,19.02461234137248,-44.79462609444941
64020133975885568,56.776650142215054,22.331241397530743,7.075381262659466,-1.9431658861597438,-15.286706183399053
64030785494725632,57.06850221014104,22.544420348361154,6.202376889701742,18.516069794878877,-39.98900479319448
64095656682494720,57.91274273726911,22.750074669732147,7.284987335263736,19.604490971156867,-45.596747505378964
64228079112405632,55.32377985762723,21.457237060712526,6.937890009047029,84.12460846558903,-30.51240067630789
64435126599889792,55.781695279220536,22.36171593740625,6.163279992888215,-4.540290513016051,-12.269299433237098
64678294764045312,54.702876436155634,22.57615950136418,7.736848956572535,59.54918991750084,-12.693369383274886
64679840952155264,54.66976712540925,22.659409622396907,7.3735646873637215,20.157222248000696,-45.35939552579252
64756016492517888,56.36063929693377,22.419606999374913,8.49394361757638,70.09022193865977,-36.457264684421716
64894829836313472,57.042465463770014,23.00096497860457,6.163170081737377,16.1138574744346,-38.17711206978512
64929391436043264,57.42060476339698,23.341369648361887,7.3159120319680895,18.7330771968439,-45.13349681432525
64956127609464320,56.45349543711508,23.14694333291917,7.4211396976655095,20.513910371784853,-45.699760208111584
64979732749686016,56.75601002050891,23.494741451278703,7.386528543828836,19.0718927796905,-45.023437835823266
65004712279475712,56.72404434206554,23.58335393181007,7.497436461447746,20.79610781492648,-45.153767216869234
65049139420729856,55.52400476587027,23.120567864105695,7.614020337249468,19.547040334155472,-44.38434322177034
65107860213588096,55.30763642249146,23.384742153238573,7.224446903964589,19.485467093679205,-44.451635700060436
65135176205557888,55.722275885926074,23.518556750116925,7.764517612049255,21.313117784499422,-47.16556106923917
65190048708380160,56.3383718087484,23.727270954059602,7.277032576643956,19.69124947738876,-44.56064014037388
65205373152172032,56.58167144917715,23.94814381017594,7.067028703633884,13.075219935615861,-48.403789627642766
65222518661019520,56.43373928124347,24.073923595288683,7.32594365757548,19.954843057789002,-43.35273923240335
65222759179728640,56.39758231507854,24.08301110684446,7.2998022120351305,18.42957215998396,-45.20699962860034
65225611037551360,56.663989544588695,24.10299456629025,7.360921813307845,20.529234552319263,-46.94187273360423
65230764996027776,56.56677710161743,24.189728475046618,7.399226753718945,19.60554501391406,-43.75937028293768
65231486552803328,56.61376023966258,24.254800329035454,7.345983258822864,20.450350564327135,-44.64674558353142
65232757863112192,55.91274812352996,23.73464542725762,7.388158879058593,20.467241710492118,-45.16644419655399
65245539685760640,55.98757249612545,23.951447980307357,7.402115833370591,20.851458975858712,-45.58232051561048
65249250537488128,56.061260404619915,24.101436538805412,6.909328975759729,18.739606376933082,-41.028878368305456
65263612908043392,55.869797428461034,24.15158636442973,7.596763629614335,20.970523789670626,-45.9841385820174
65264673762670080,55.8061497087518,24.183469947967474,7.841224461094723,20.25163895267666,-45.904575030954675
65266499126062080,55.90242144676382,24.232125457001704,7.698967125167992,19.570862182934587,-42.10544434847715
65267388182879104,56.221816244942886,24.018344601810703,7.574034930346783,20.616762386374205,-44.13114421068058
65273027476967680,56.11679051504391,24.171342514077732,8.011358629656003,22.795671238318583,-48.90817827039521
65275501377570944,56.27733777372245,24.263309219222556,6.834919644298814,19.017097366312612,-46.06544490408489
65281166437426176,56.387342327527634,24.303034287977688,7.522663209747789,20.256423623849187,-45.16538946574379
65284327535890176,56.39881817324253,24.409364117895812,7.692705798464872,21.144104200744707,-43.748066659007065
65434518247043072,59.043355967436035,23.039795774197692,7.401322942096517,19.15024658812861,-44.76231192792038
65552681387907200,59.82917533829612,23.523195667052423,7.485000062011078,19.106047377216203,-46.42107261717893
65644524968489728,58.4712032166588,23.404016622264972,7.441760333394424,31.253376837569476,-78.50197699771614
65674383581036800,57.96320232011635,23.294606604742206,7.3552931632241805,18.71857105545529,-46.02887604433456
65677372878285312,57.71444143460519,23.328868779468966,7.333804587650971,18.888363146076816,-46.332224202292636
66245854749434496,59.476269389838905,24.734906122168294,7.878469916280544,37.50213679033437,1.088543049205304
66441323003146112,57.76373831664205,23.583228242863537,7.255212370705698,17.978631826672903,-44.82521311083765
66502521996313984,57.409004615054805,23.84769306200275,8.767456133883856,12.745272958520674,13.500377866443607
66506331628024832,57.3008750959372,23.886587601561303,7.417763214315631,19.620728847184104,-45.17323902020466
66510871412708480,57.51622186714058,23.97604732867165,8.71523587287996,-7.092566672383823,-12.590440690450286
66550350752004352,57.7981264388074,24.386800486787003,7.696650265078455,18.590895680031007,-43.344201802963866
66556535504957568,57.40227687241278,24.30373739744004,7.176475690564863,18.7101485350458,-45.75714788234882
66581961710329984,58.60525412078834,24.35988384412902,7.343930547078326,18.209856952725627,-45.54060796174583
66603260450482048,58.289835374152545,24.542051151587597,8.600379291104698,13.881484405019252,7.094850285552234
66658240329321088,57.76509213509881,24.542956563812567,7.468706765589364,19.24737560473578,-46.16751787518278
66665696393227904,58.00941283208713,24.663063233764856,8.345474962373826,18.559099986463217,-40.84418627137206
66695177047964160,58.32059803849857,24.973584291290102,8.805506174175619,2.5904085127456513,-19.61495177349959
66716136489019008,56.87290125295112,24.2053413548071,7.38930585590348,19.19732918641361,-44.76750253968112
66719228864863360,57.16636349176905,24.211712564846707,7.3876554613403265,18.46508333799995,-46.533021317926284
66728128037119616,56.825618307373404,24.230780242547077,7.529039931598729,18.023220293900117,-46.54776548308693
66737405166459264,56.87755475112934,24.370334652904095,7.390213974601189,19.619007237982416,-46.59133783173657
66741116018188416,56.91405558689937,24.45873245787969,7.179641625812423,19.09158069716053,-45.39827478952388
66746441777612416,57.32010689706659,24.39593347467187,7.012849082916408,19.735690455662137,-44.081448971829964
66781316909399424,56.531386444741095,24.3741778959859,7.432728772573676,18.93156538453851,-47.08706292205727
66788669895935616,56.596037054500854,24.6048505016741,7.307118521203142,18.97836540820686,-43.60990886676683
66823304512166528,56.908774047786046,24.89165534984492,7.395751435837692,21.06658388495469,-44.05532516247117
66824472743376768,57.16384864961428,24.838699631188536,7.101768935389729,18.346797724319053,-44.767943829631776
66828870789879168,57.08465979450928,24.91505649267501,7.471713201960252,20.481299016482694,-44.44909651673037
66831172892327680,57.16924995575434,25.022027265858245,7.127345638109044,19.989028341757596,-44.09367382580041
66868521929273216,57.52103026535325,24.849906903070565,6.506833957661539,8.689298169581075,-8.515260491405389
66874599304044160,57.486764282604895,24.985148942111245,7.618373716073224,18.710229382715184,-45.81938533840347
66930403817997696,57.50781770847946,25.211222315495508,7.3111335986996,18.13843096158596,-46.09848832840133
67032692757762816,59.326486190127724,25.170532689923274,6.188493267673757,34.88102802380237,-15.473741712066088
67051762411165568,59.220048046497425,25.372999042991587,6.008612731740764,10.614998605206225,-10.184571921129393
67220395711421440,59.281713613020244,25.84384713322557,8.117145039186028,40.77259377003675,-25.490361186914168
67281869581448448,58.57893882862389,25.49547289866709,8.199520810016935,23.48089414002517,-49.78485594405534
67281869581448704,58.57848481934214,25.495030595613127,8.286999884215996,22.202770908215676,-49.9221767384628
67318359623488512,58.897995648653975,25.89715229533138,8.071744664783651,47.02429404733593,-21.588348687452832
67488783924968064,58.67597173440945,26.441863160001393,7.2019164014274475,25.282360925414302,-26.499545953433774
67491463984546432,58.681942244483665,26.518709304514477,7.10569527567128,21.358125330142983,-31.820766960550213
67726175355860096,54.104363782048395,23.143565697496097,6.003353534752876,255.95203935382045,-287.57084754904326
67812280860140032,54.457780789461594,23.66221858729158,6.436871564692888,22.859282634297255,-9.240575819265123
68208414283866880,54.36261882755802,23.96942216112675,8.423210559678761,2.377703240758713,3.4332938444343095
68244968750045824,54.57282611278281,24.277949727842294,7.901072481882812,-0.04367141927588758,-29.764768328245964
68291977168100480,55.513837871122,24.536880391599198,7.219944321360041,19.159797994693193,-44.290963819389965
68318086273228416,55.7508032705227,24.73108262805329,7.133863906610685,22.385267032654042,-46.031047292197236
68398732874994944,54.12635880697465,24.011984796048488,7.033976866053791,19.756069206650054,-43.167536910950076
68477416675681536,53.77004045261407,24.596459891508815,6.150591987120761,8.02230484577596,-15.920650434473288
68513356962056704,54.377946007264235,24.84832840205574,7.6497537347849605,22.351721495935905,-46.40825384572891
68514559552895488,54.34278163126909,24.90432863222203,7.1542297466143525,20.01189690313016,-43.75090282049841
68577300435634432,55.33283855367576,25.113497772126603,8.206844071640383,22.259098816703336,-50.37797715110469
68589218968288512,55.30023327799395,25.30178732398271,6.175699455867906,15.788832055454819,-20.914104245314903
68617707487024640,54.437504540356315,25.213939543796627,6.686267675457609,7.0161201865430725,-9.268040628983238
69834759483788928,56.306465913388266,25.08756084913728,7.505058121310262,20.585544507614465,-46.24529324895428
69842559145178240,56.54195549382032,25.05394323167099,6.337371724206038,88.32815926018189,-66.27270560632537
69860293066219136,56.412758094613054,25.224208945373555,7.282245692610075,19.832396859021433,-45.07769249739836
69877468638718720,55.8662866290358,25.02789517561095,7.44637417462094,18.004377487928323,-45.17427793023197
69892385061858944,56.09758094956015,25.358166340536687,7.657522583382873,22.410751101935375,-46.413603056585075
69951449452730752,56.8579741062699,25.440566366115203,7.235428938011102,20.062196487855136,-45.204694104718186
69977597213945984,56.842929581108244,25.72068541952274,7.012934047920243,20.000409580126426,-44.77693333580872
70026899141106304,56.730709635005276,25.85803282479232,6.301740815036458,16.994885413266203,-39.5106973876958
70108473456817280,55.40077339536187,25.619132539658523,7.260360591268323,17.45329149479062,-43.16377509224178
70110363240973568,55.23049382970373,25.582471987043927,8.064563848237835,20.34857954475934,-46.40772582582498
70132658415356672,56.01878964027544,25.856103737794054,7.308381076735373,19.256685715816424,-43.26668931115148
70152144684310144,55.94626178163878,26.07635238903365,7.123962622313409,20.134319603109525,-44.8751076038033
70175474946486784,55.04463153936919,25.824830637268388,7.083079593121529,18.865772908616623,-43.41389944645241
70298345370390784,56.602342312457836,26.94331654085752,7.091755099084704,-9.54991846914999,-0.02031511857493943
70313016978627584,55.90868834592439,26.612313861082,7.034812837832362,18.96927253509914,-43.74373870479166
70319541033323776,55.74034249401841,26.605235888568064,7.636639692680025,39.49942112829237,-25.303672626737495
70374417830740096,57.56495163254809,26.108142768884353,6.5251520167091615,41.3206426415575,-69.33700434473866
70431794301541504,57.93782388039934,26.704412758190447,8.209156631601106,52.19333307675089,-28.89272735231268
70464612146557824,57.09503761754654,26.6931742215536,8.473973315719315,32.095952490094234,-155.55918208852026
63323799517863168,57.02857662520293,21.143074955513878,6.534038466393725,-12.55090258380905,-33.34094147957863
63519581306668160,56.94051681046862,21.39165870208314,6.344049845913412,4.172921580048372,-8.185088540177173
63535627303667328,56.525152688971595,21.465612676824286,6.685570041056415,31.04720461528393,-38.55017399812075
63535627304957696,56.52433606545739,21.462616403985184,6.462126353694555,31.007872261511647,-37.58221193851024
63576103076870784,55.9187514895085,21.56819661251677,6.439518265877172,2.2736881294900697,-9.948297267731878
63705433133130368,57.20100053548862,21.41108489367433,7.137253476855223,19.169363780474185,-43.503989083043685
63884584809145600,58.23743741144484,22.43351088238098,7.425312317573574,18.812148988685426,-45.97078665314908
63916431989200256,56.89244333570318,21.746606304672703,7.637128618750358,19.064739272210343,-46.162083625654475
64041570156209792,57.52277961923869,22.21942768201585,6.7667172515177905,2.083115323845531,-6.336611902102353
64117062799542016,57.591906954505056,22.62549947941777,7.159865534412515,18.44298164171357,-42.44434767132344
64168705486089216,57.6160313902337,23.06512486371312,7.249398579166355,18.265411612126584,-44.09683354582957
64441143849795456,55.40692422342641,22.27859383488824,6.0352593175973634,40.51423127080412,25.71443399388869
64457361646290816,55.57530275684596,22.62054556032079,8.702117408273867,0.7259491108212011,-8.978958466896453
64626819579706752,54.82114723957384,22.45291457500763,6.868177620993461,20.82353266965248,-43.69411445158484
64750995674134400,56.56053849024204,22.347311153515623,6.4185867728084,70.90820347889442,-74.53657247733057
64870296982175488,56.03679639519022,23.079705895594124,7.34148627265026,21.63438626120532,-45.152473501335294
64923137964643840,57.23924658376334,23.232936170574096,7.097573003373658,18.162056729572953,-43.08622555516379
64930495244783616,57.38645295572227,23.380204240051093,7.231276897025075,20.34647137610763,-44.301346464210745
64974338270788864,56.30068677483327,23.36456659754402,7.400842842890291,20.3498907854033,-45.84120467577862
64989490915460608,57.04583326091851,23.506811183809983,7.318953310037485,19.7071210125859,-44.53956232297974
65007942094880640,56.687062887062844,23.618553102394277,6.979594312588576,17.61389994130911,-42.464484267359644
65032745528876032,55.84406564335385,23.01552842209953,7.2612712023034405,21.36355192158686,-46.7439004056883
65042645428743680,55.454107821741665,23.056386025893755,7.549815546589053,20.471968097350988,-45.69571439724876
65113559634339200,54.921665165578005,23.290687048609904,7.243609046567632,21.292095189450617,-43.70881158081545
65164171528305792,56.34254222359188,23.471510349419837,7.307413485207008,20.223885800497982,-44.65017753769459
65178568258674176,56.41428433449393,23.75409592071791,7.137653092351973,24.019321616889407,-45.2530098862788
65194274954079104,56.14298769625817,23.85668776750145,7.876654122249076,20.335163548586017,-44.41256729894136
65196405259884544,56.24422047135836,23.927876856061392,7.274297226962083,21.06580795418214,-45.625139391925956
65203758244032512,56.59257354759629,23.87793117845342,7.1116603531842495,19.385201134094537,-43.29755614690463
65209079706818176,56.794469145666824,23.971052836222597,7.670823942297688,21.065365252833168,-44.3025249435811
65223583812996864,56.64813693412132,24.0263321331447,7.500367160250558,19.068631689164963,-45.64032963097333
65229008357099136,56.46116117179446,24.15082481751446,8.231176774277445,17.753579257611772,-46.23433692765917
65263097511969792,55.79855132706159,24.1144320201991,7.293955605946162,20.25602380241091,-45.77238477763018
65266494828710400,55.90298289326376,24.23211488843657,7.314589696392642,20.333375443219484,-46.5100729007747
65267078945207296,56.23900505450959,23.99217866658556,7.50643101758092,20.608714848927015,-44.771864233714425
65289279632597760,55.96136666025569,24.24729269931756,7.480421328453063,21.607568997226135,-44.80289003132921
65297835207500800,56.17220664655621,24.399430572729532,6.677653532199061,-39.193727277459644,9.529349039224075
65337761224511744,59.393578093961295,22.39481944181088,6.0385765890087315,5.892324832221808,-7.680207130532619
65361881760278528,59.22464183586491,22.717034535837445,8.835228618222592,14.628334382342857,-65.8499178636134
65365180295143168,59.35656532096019,22.754418595310486,7.7782225277388894,-2.948082122840326,79.45568314517676
65390056745620224,58.89903387468062,22.811523224191273,6.913343541780649,9.226344956634092,32.09788276646923
65430150263676800,58.799440497831306,22.967220596646488,8.046491947781293,18.19612127328042,-49.10521205135756
65434032913122944,58.9017756445003,23.130652471428796,6.720532433413521,22.05865665171379,40.74249139869601
65531515789166976,59.27594370188052,23.216762689445826,6.885176994812599,17.355372215062282,-42.404117419051374
65662765692400384,57.997026412346834,23.288130785025235,7.4576480056089105,16.913888014152022,-43.98378222984808
65717814290369920,58.4483083989658,23.741741817375793,7.728498800241649,19.262269659732578,-47.78798858909191
65776569442528128,59.544894989902474,24.07176252408575,7.004007483161677,62.32334172315216,-42.99873218662143
66167411464494848,59.73477833001853,24.308819454549646,7.339135582366928,19.817645005241904,-44.9528881173033
66173733659121408,59.838240922365365,24.380116482031383,7.327832159545787,53.10429842153437,-4.508507769879931
66280248847432192,59.77636182130814,25.055401907175817,7.5705552996968395,18.173443623615704,-47.27269581697594
66284921770680320,59.66673289245362,25.160203378003175,7.980638255738569,0.6654747564828865,-9.087808492460528
66453490649681280,57.431468357888065,23.711649593760512,7.46248486399861,17.868504681193286,-45.57243824211501
66500013736315264,57.27448410526351,23.739591972671953,7.631160667477669,21.17656556874292,-45.502282087202445
66513036076242816,57.332511910523834,23.960581895785484,7.101891175270366,52.96233710626822,10.244507179510991
66521179334108928,57.124052826324814,23.96812762181643,7.245161749059522,19.513016268459427,-44.30200784877972
66560349435890176,57.6379095792957,24.339206308563956,7.624237364113361,19.409409813996277,-46.91155574344629
66659408560406528,57.91303365598468,24.591264585269954,7.351766950892662,19.755724092916576,-44.265570209454935
66662672735563648,57.67830124631554,24.63861117855394,6.252844000251145,10.57540340410931,-18.14844366877456
66699059696858112,58.17543359476959,25.0215795841306,6.509014552533132,0.22393807655901843,-1.0111224725611414
66720534534913792,57.1294732995043,24.281273105178414,7.341192082208167,20.55980824986601,-46.52895034490698
66724451545088128,57.05657664728561,24.3182124280673,7.405014495827893,17.894192419007407,-41.115996427217624
66724554624301568,57.0657495505842,24.328412089488467,7.150294514577566,32.783995265054315,-13.421955024845275
66725379258016768,57.12549941431617,24.34532462480419,6.89946138162525,19.60906252887243,-45.355830700297275
66727608345339264,56.7956847662029,24.191828503939345,7.522340289142643,-3.1470289194384886,-13.371004213809998
66730601936067072,56.84287803292823,24.283136549118414,7.487082766346878,20.717703183233446,-47.496610620059016
66752042414936704,57.365254679183145,24.53152918709479,6.868676362419624,21.119768743200037,-43.834701003186716
66755134789607552,57.4225919754311,24.56104724882005,6.207541756915506,3.452625053780122,-5.9828286724549775
66755959425257856,57.57598217276832,24.58746632894919,7.546025078304683,19.59404308135298,-46.28803083358288
66761903659793152,57.48251419167079,24.741904532006497,7.531095617508779,20.01171871162373,-45.628015653581286
66784924684473984,56.57035527663101,24.44091205869637,6.776699354808705,38.02540677990551,-5.356412001315723
66802276352348416,56.30003774761142,24.585988634934,7.5214363388011725,20.809393414603466,-44.70206664623241
66811450402457216,56.585399836649145,24.785282982842787,7.454756179233914,18.583779121327936,-45.18087140683727
66816295125702144,56.8904124483072,24.683996791687626,7.422158629100373,19.582483258933237,-46.27140917710216
66821655244731264,56.84583318282619,24.848752048434626,7.761479927581554,20.80852597315821,-47.429280642913454
66823132713476480,56.899529478888994,24.873965156738215,7.429236579015259,20.359214900915827,-44.68201751202432
66847631206903040,56.857553040083815,25.14231117639311,7.43271679437676,20.019691948452678,-46.62908653221418
66878245735176704,57.62492811642301,25.05172731020767,6.936834522963423,18.71670636605301,-44.11610857624101
67074096242336384,58.98515881188635,25.29982950141954,7.160615933777657,18.358723920733823,-45.053509089007406
67122126859367808,58.86701963116208,25.702335608775716,7.5240882384680114,54.91355733843983,-41.24653568405192
67308979414971648,58.70030090649033,25.69490485643936,6.685733816991381,-9.867206467244012,-93.710954321756
67801663700427136,54.07058045936156,23.38612277724669,6.692747969504842,4.680373213815951,-4.310375633924825
68189580851547904,54.564462782759534,23.7409569494348,6.633003005731706,-27.778664608367293,-30.10719813513738
68323828644901248,55.846084577326586,24.74854172522468,6.64525024481187,-2.6286226129310815,1.408339248679805
68327608215251712,55.89452120333309,24.90610557806894,6.598497581295229,103.95866401674411,-5.950456492499949
68334235349446528,55.12811088560629,24.48711375760909,7.365111276172342,21.815461006644618,-44.1651530708225
68350285644461056,54.955161091627964,24.600559718708933,7.5901204797601185,-15.77338827812355,-39.30464493288151
68371721825058816,55.575133308617545,24.91929895988584,6.301004680471733,18.227870579738248,-44.7406157615564
68458514523905408,54.392500153283585,24.704074258298697,7.192328275553237,20.078843408301385,-44.22225444994749
68482295758618752,53.86969683966518,24.580113550516444,7.548703145856652,15.220142274937674,-18.763478190254716
68586779426847104,55.37655052879427,25.284880124204314,6.8702750804602815,20.309043624515738,-45.50594894833833
68605058807852928,55.26734730073163,25.50698102635492,7.038790280080035,19.962279032630583,-45.81169533119183
69448727823785984,54.512207264351474,26.098065261203637,7.06071978087644,-7.823185990068616,-9.942019951670796
69807963184755840,56.25481939508828,24.777907828400753,7.4811645664167425,20.69991043384025,-46.87193783784339
69876923179646080,55.95194192919897,25.043404964099803,7.201589805683961,19.278146177105445,-46.133960498251554
69881424305230336,55.84503224363059,25.123560762535224,6.390977551060407,68.16372245755139,83.1072727324992
69882455097377536,55.83059520698782,25.165019473306586,6.863558345580236,30.138716174071824,-11.780574244504546
69912588588007424,56.229710951373114,25.361452072970117,7.13142373166908,9.396720725754959,-9.793664916332487
69933170071162624,56.14025404019781,25.655322279701018,7.157893205362709,24.105089317197503,-25.181902805983952
69954713627862528,56.89678892561737,25.543758791701833,6.764412874641352,18.625214309118213,-42.80981941168463
69996976105980800,57.39710417795447,25.992811633357707,7.548105197674344,20.634656702016997,-46.82215032006613
70042743277270016,56.42996532020241,26.040585885875117,7.286612572195774,20.260907066879618,-44.030689839099395
70085933468406784,56.98594071421606,26.530520288717234,7.285608677826971,21.779069389037044,-44.786466547637836
70091259227969920,55.65988578713487,25.478848353058403,7.234602964116197,20.460033482893287,-44.29195405773243
70169251536714624,55.49621763545559,25.920717603367972,7.291083068714323,20.577735288715886,-45.13735752166035
70234882933734400,56.22103743980827,26.14179686806,7.831227884182649,21.608963391389935,-48.860303460513464
70242785673539712,56.28429366184955,26.29231185969051,7.363967286383346,19.67389418735072,-45.70708260116016
70257113684419840,56.33771221610154,26.442586761498333,6.089646445993868,41.89301134761461,-20.99129595781815
70281401723624192,56.450592613353635,26.507546569666317,6.188734812472033,-4.777753113648708,-19.048100496765443
70286834858089216,56.335823418468614,26.61565256201297,6.388065173567338,14.325799168719232,-41.08816394240549
70384652737248256,57.834665104885886,26.353715414920504,8.2977912430692,62.7849402279333,-27.644997850885428
70411144096123904,58.04588457209474,26.50026796288602,6.3444520928050325,3.1503324828355685,-26.742925778117435
70433241705178240,58.17431918431463,26.769461759965537,7.385264532032264,18.964839610456647,-47.621059215479264
70453720106056320,57.33759537238489,26.600119280272743,7.739128454284372,27.687330893873604,-17.508787865527918
70983822151072896,55.34048446081362,26.722051869634498,7.0562175985786295,26.60585968393846,-27.87327555297119
63329846831810432,56.98210320449552,21.25886812117818,8.783148337234458,68.55088938823684,0.2681888594136294
63601598002738176,55.911473603949204,21.709146612055868,8.227733066614832,-50.71030965431995,-43.31827292537366
63820606976451840,58.672952011773006,22.159653709139413,8.791572549351812,-6.1201000185556875,-23.612509840259342
63848026047489408,57.6888270256491,22.0512741659837,8.643302031613281,50.23162588534494,-32.830122320980244
63892006512622848,58.21556121209022,22.525604769152533,7.4162821627048805,18.998406473715193,-46.56403228084043
63958801843006208,57.39959141710091,22.151234945032762,7.27969144313044,19.813435693044003,-42.301259366781785
63981513629989376,56.80334221715194,22.11110004179606,6.624356717950164,50.597062608030235,-58.53662047909499
63988351216124288,56.281733549259556,21.995770855943913,7.47187925817028,19.548826106331504,-48.57407659436129
64004328496234112,57.03395218986282,22.21219950617677,8.652918640577886,69.72376862727147,-213.23707579519828
64030270098658944,57.01481810584682,22.510198209234538,6.882186589584971,37.669378014458225,-13.379565455902183
64171729143045760,57.727515717461834,23.2015570885022,7.968511989426189,-16.564527514949578,-18.46409347686763
64310198886834688,54.83817183526494,21.819089925122633,7.353790709725334,29.649151888024207,-29.741350397843558
64453685152860160,55.446163247137314,22.474061158841355,6.302601350247337,141.55699682739638,-41.89119854889495
64574803231440000,54.399547164825215,22.325773944944146,6.397223928943336,0.5512085271291898,-4.5747826597298165
64763987951737728,56.1086579961023,22.398169477591626,8.133948566734094,-26.892377359630096,-23.205162964921033
64837139834697984,55.87166965704079,22.73438824922199,7.556974713766846,21.901688240815574,-45.302615313158384
64855689797454080,56.43874506045289,22.978890085467278,7.463849544848198,63.03580586602638,-56.13062229196204
64921458633614976,57.24380099864764,23.200996311525834,7.148517867410623,22.180068130415755,-41.07178833831759
64956123313498368,56.45303174951979,23.147850803372048,7.404869641412335,19.02937718369986,-45.46310824022036
64967569402404480,56.81416804545098,23.43481220068229,7.069719258509363,20.60752142794995,-46.19192929295871
64977838668129152,56.558644727565465,23.36555532316514,7.023992682119677,19.78942021617143,-44.69911093411448
65029550073165184,55.73566057860892,22.854833974276563,7.423268314851199,19.86916964413539,-43.85270261842145
65125864716379264,55.21373303656764,23.59821916838355,7.522153825366353,21.13498186162849,-45.75717959178242
65169943964429952,56.27833987281683,23.614139359630546,7.2309171672488475,19.068891767681066,-44.98068962263365
65190838982357760,56.4121662011986,23.815387024784926,7.437462707543171,18.931323025525273,-44.77292492460526
65204342357685632,56.55990544236619,23.850231321830254,6.945635064720561,19.95902569463454,-43.2989148209852
65211557904569856,56.681723015516134,23.994936841909595,7.2862829876032436,20.502140434050677,-45.335559973427976
65222484301820800,56.42643027295516,24.06962465070194,7.456083562366619,18.6225088774893,-45.332163822789326
65223515093523328,56.59787068226333,24.030747315256395,7.373004713955718,19.227117530342714,-44.209033757952795
65224442806459008,56.553722556107694,24.054171168916735,7.3324984757352,22.067799911606258,-46.12808704052617
65229734206151680,56.605873089025955,24.159918691152065,7.190575194590559,16.920655845873043,-48.014606877582516
65230833717683712,56.55735779586654,24.196558630386665,7.569211412999331,16.78695474302087,-11.37070245477555
65242271214003456,56.08213439453839,23.895882769287574,7.842584691514767,20.578618998829306,-45.06179749088999
65257355138728832,55.700767318947015,24.06687762670402,8.845350415523393,18.741016928814314,-44.12063598746201
65279418387728896,56.46397086946799,24.29548137554541,7.4136347632428805,18.663634706590376,-44.18651883515772
65294807253267328,56.19232413412733,24.383982373328962,7.304990403940584,19.564388234148808,-45.3960205422828
65372945596124288,58.68756726722227,22.39974796290943,6.398973299710539,19.93234005962174,-17.787585808008323
65437713703084544,59.08975906150003,23.144730522100314,8.543739278287811,19.364264420084286,-45.52704471502004
65605354866829184,58.29240738957876,23.052790825962784,7.339353946453763,19.736552774957616,-46.53611248805149
65633873449740544,58.83139151510583,23.360366895793177,8.593619038392113,73.13457762932238,-7.780635407465033
65666102884206848,58.318577934063626,23.349339904045625,6.865076901566834,17.188845023349536,-41.70022565167011
65675895409522048,57.91290560165287,23.367730001000808,8.117417323793795,21.381829359141534,-48.72743631326327
65732447241199744,58.98356165238337,23.567063288875058,7.487212114131658,19.137855370932986,-46.08277784358752
65763375303053952,59.45261560384162,23.826532671320525,6.201414585797229,-0.43525110812188483,6.5402438345279
65788423552262016,59.523717033331515,24.097939388782258,6.068019296247271,12.915840404023246,-31.390987276662695
65831235786331264,59.04758085776042,24.048337637780598,6.722029559840484,10.24065806544101,1.2469958048719405
66248397368630784,59.359364630102256,24.76334397598224,7.480536356050369,14.383646817352517,-13.479713398116882
66273239460839808,59.65751341384263,24.952183201293558,7.307634376853316,-19.841724732375067,-61.20174981809702
66429232674604544,57.61403231496382,23.379012559358603,7.228956227453397,19.83778070687911,-44.85419874781838
66452047540860160,57.38016945576194,23.688630836824323,7.362058685060756,19.957750625646163,-44.52370465052084
66507882115488128,57.5091413924293,23.862222908526427,7.5888018064744225,19.78431628377371,-45.29047102789216
66515196441155712,57.46854339143763,24.06178832599802,7.266968856626455,19.946675501238914,-44.744078990753415
66712253837994880,57.026765715524206,24.114207274352665,7.217691953294109,20.11224968831819,-46.853801212355826
66729635568719872,56.84331611744425,24.238406871747408,7.500762900049822,20.214841140132233,-44.31925434107877
66791624833561856,56.93522462565709,24.615331041000534,7.365399225658677,20.029976741282752,-43.499459079977576
66808220587759104,56.619370547231206,24.758790465145772,7.300009059416653,20.486566587041196,-46.516538720071175
66810213452111616,56.706218064410436,24.807776218268966,7.345378704449206,-12.723212901775765,-5.335457007204801
66850517426494208,57.67018622911764,24.667248287920742,7.21695823861784,19.463760308571743,-44.37617719432432
66911231083913600,57.80779965610001,25.386302306443408,7.494606979507357,19.43880335389787,-46.52088425027251
66926211929978880,57.18360002514792,25.10607888928261,7.336499163047003,18.277633549560008,-45.99954302701701
66937722442239232,57.486581270663756,25.372799466860766,8.742589010882115,17.27580511064702,-49.085331498099464
66937859881182848,57.502760899240016,25.398598521170918,7.01616625251663,18.295871155539142,-44.85428144367233
67046780250475520,59.37571143713621,25.27954546488887,6.2993591238593725,16.908245049374024,-37.940405028701456
67048188999743616,59.322663836227115,25.352820853457036,6.220071724508739,1.9457922251383388,5.669908791212505
67275409948830976,58.51506821044493,25.43408088858184,6.015565148398938,-4.458433737468606,-9.709129218380154
67362821121861376,57.94002511488145,25.886175321461216,6.294266327171743,10.723147286232024,-12.435950518700139
67417006431785216,59.119160397259726,26.125164518107525,6.0902639071909785,37.867916979340436,-7.059773059915256
68039463155123328,53.79228294477653,24.07180003616717,6.440846128374897,38.151674470805176,-69.38873815914792
68261053403709312,55.57465383102236,24.115879200282908,7.320116788280949,20.988189418763042,-45.19580121506285
68262973252098304,55.47065675738656,24.12341385042586,7.2730943367033065,19.99213843563659,-46.07738211039895
68300326584600448,55.92983392964239,24.548798133876677,6.856196578912851,18.700534150326316,-42.47265477404482
68309981671379968,56.05454527455516,24.725378900984715,7.535790677691122,5.916272567842795,-6.192651698211629
68378185751612416,55.637260726911755,24.97806805485818,6.639915427917264,-115.00901523253515,-104.68325209248059
68381793524163968,55.41607227662017,24.874865531724303,7.4843194075496635,21.256245694455195,-46.41398930723031
68387114987849856,55.30403578468897,25.009469071339982,6.10949972174747,42.038831588235325,1.4068512228096517
68409590551634944,54.432830021285966,24.25910626830108,6.987047908264266,19.793450006354718,-53.23806098766336
68501777728731776,53.79589127651763,24.79984162532558,6.250158290879207,1.1804544894224809,-16.20406463298518
68504114192465024,54.162159976551436,24.6467581952438,6.311283464473738,15.008967831722494,-34.893390610049835
68547132585409920,54.782693595844776,24.86427304463106,6.947596010432682,41.244105404276546,-2.922442986653643
68587161680620288,55.49566132294139,25.328794161469386,7.333170130003324,20.10259565331561,-44.17704870600756
68616779774936064,54.54287511580009,25.192327542660358,6.736415344704626,18.87003552564,-43.00822540983453
68621895079448576,54.68807437111687,25.26755182148162,7.224865238181396,5.882632154174955,-76.06116734648681
69811948914407168,56.169922338576605,24.818333957946873,7.489501972504944,20.238677643478304,-45.445803609583365
69945814454871680,56.17999120209439,25.875322446353035,7.573754288408809,19.765767321605686,-45.89511551848927
69990241597280640,57.28688342330232,25.896715001014076,7.293267658349723,18.813621738748836,-46.1659037655231
70049477786093056,56.53968722097999,26.138648534145094,7.485472360190818,20.089646263149955,-45.749888817886266
70060610341280128,56.93293309774499,26.224011715764593,7.117148539463226,20.062687055667485,-44.78331391588192
70194029205283840,55.500268770437394,26.019915123281766,6.667232658407285,18.485155256694444,-38.24511948872649
70214335810824576,55.4475887495491,26.293751026024314,6.829716382459305,18.802871082592368,-10.570985348198356
70230652389756928,56.33901866387601,26.090268845002047,7.372932552531047,20.16044064131279,-46.41322794136828
70247213783713280,56.02695430905439,26.22622867136351,7.747111676702468,23.278915196679804,-26.13966855960193
70264982064495232,56.62209472723984,26.39997087247288,6.726504016170227,26.22060768123925,-20.55695623929722
70309099968450688,56.05188056824831,26.562152145245168,6.10883093681067,496.44599531572646,-157.7726982016468
70312600366210304,56.02420161068305,26.635612870879264,6.7170404612578505,-8.666426705397487,-42.95875206764999
70349434005077248,56.41791504754675,27.014620644426525,6.2199652474307845,72.33623774416925,-39.62044463636919
70379223897922304,57.84381629014667,26.20784285760623,6.982900133574461,33.30346252341954,-18.27804461331779
70941383577307392,55.024061740434064,26.19615276144307,7.83227143212911,22.066807239079765,-48.8631447414982
63556208788179328,56.00226953703504,21.323533984767753,6.556062790402405,-25.771799360169368,-15.238094652147552
63841772575188352,58.16663186398321,22.13578683838672,6.08499357721958,-23.430777649571983,-4.883228028047679
63845586506187648,57.90266411648728,22.03121669781422,7.248102207496468,15.20159510284627,-30.950554431093828
63939766546650240,57.519642909056955,21.950147863754406,6.077219110603554,-3.061850382364299,-35.19348117460704
64016904160440960,57.10351631333752,22.407062846260487,8.069427125789232,20.230965100976423,-47.225134748533975
64068924806095232,57.627687704654086,22.555732944238038,7.714405572676729,-9.149606096187522,-31.034029667508037
64145577084935296,57.56434876786031,22.772072869513444,6.831384175411328,20.22238660492383,-44.43593358313666
64172038380708224,57.58886377465197,23.09614480790089,7.505850970004721,19.608488750151913,-46.559026755660526
64174546641593984,57.66222912452411,23.21722758953147,7.301312904999704,18.264910026129144,-45.37654930409289
64524260056844416,54.401059550592535,22.169410458673784,6.279611200261631,-27.28922614525495,-73.31783477409311
64653383953596032,55.02925859013083,22.64639061215007,7.401384626754442,20.846684754196072,-45.53023058759697
64695126740227968,54.31764268556034,22.80224235458347,7.202012333039159,52.89826226364822,-55.84803030629495
64720625961541120,54.95722061120645,23.057154492976068,7.377781072221634,21.08794984606338,-44.74821299693124
64765254965634176,56.10635909696462,22.46369887841194,6.9180117362823434,19.366422823262543,-43.44289529269164
64769691668377216,56.35085598960661,22.544821785106656,8.185879252923414,65.81997039577567,-90.83257135919548
64822017259193600,56.10669430950938,22.668738732908064,7.292826529552445,19.38724661169848,-43.841254843624036
64891634380723712,57.25428791296075,22.980211869536916,7.479338623504139,19.782617691627937,-45.89295356467363
64941211186036352,57.14388698332008,23.434590988620933,7.380077777631508,19.371696632671146,-45.077613013343736
64949461820867584,57.27031111022754,23.56076614020058,6.877049897889686,18.84355355101113,-45.53345940743661
64986325522809728,57.02080880346131,23.40357707910696,7.452761101984951,19.84477584934094,-47.13858324068734
65008388771477120,56.71926880123131,23.645138846504032,7.263568493862063,19.341465818406746,-45.10348228374381
65013474012743936,56.92168447899226,23.740085880970906,7.415330238219003,19.389676621809908,-44.41979686439394
65027905102436608,55.60962925402735,22.894458319172863,7.3911225554567395,20.931199055488744,-44.495503230336666
65048589663795200,55.475754764398424,23.084529640175024,8.109209998437597,20.81497250256232,-46.81916443400196
65063707949772672,55.85174576047401,23.22490289942252,7.320884398120752,20.899384242078337,-42.29185439614603
65069647888126848,56.03602127113745,23.284232943542076,6.5620559929515965,-8.492875101878576,26.97833042678989
65169566007289216,56.21366072046201,23.572240548511388,6.783900531431093,20.145383363877258,-45.57401351324285
65190667182097536,56.37676818051917,23.78715496470467,7.862224188342314,26.487641934714212,-37.68504864538026
65206674525036672,56.75155954236713,23.87989483651996,7.258803479406005,19.58388880290639,-45.499123808652925
65210389673469312,56.73249284036852,23.93987222950905,7.0041880075101695,19.462720083764125,-42.19345694470355
65212932294091264,56.788355136999364,24.05197806630918,7.303127989157264,19.443262497972405,-43.83037106514393
65224820763573888,56.62561512550951,24.083801314566006,6.540211237201235,31.03004190556367,-37.732014665446826
65244749411766528,56.14763096345229,24.001134217971668,7.328443682577038,21.423837772886003,-45.87308933879669
65257806112264832,55.73566117914913,24.082581076352398,7.328295470738475,14.771018820720766,-43.26694853219841
65289004754691200,55.98874523518619,24.22217609900833,7.511405170900618,20.996867317412804,-44.783064841288336
65392801227714048,58.6312441308392,22.650297124152225,7.368263631168414,19.10612955854981,-45.04556379168788
65473001152271104,59.78671437676341,23.160229224932596,6.364676313322173,-1.3619931988693876,-3.8123649677053
65589137070475264,58.31550471151817,22.870486617226987,7.730450865699229,19.49914419001883,-47.30489909870079
65603946117575936,58.256848955762266,22.97990043814057,7.420786200411975,18.67910400073735,-45.22834943525854
65633078878464384,58.82975087141763,23.33254512189064,6.093394939730709,23.618211025959308,8.59958347906962
65651706153771904,58.629641149673404,23.52874684934143,7.0712571423728,66.84623836055107,-52.84484104099187
65783029073414144,59.077544104505236,23.964214301726617,7.444990183139546,18.991027601357587,-46.59379000993002
65801205374896128,58.600048205654964,23.866179856011417,7.754253502491794,18.982609004848122,-47.249118191795915
66431706576520704,57.692649199604816,23.483557939856926,8.238584492264662,-4.951458757376654,-5.685457530501327
66481734354737792,57.85568054293428,23.889171778893992,7.370803781679368,19.113518113426856,-46.862222868873786
66497952151148544,58.018711167354724,24.24417935611303,7.514225040745198,19.02891889259654,-44.582926550567805
66515922294233728,57.48126199309243,24.10123486773792,7.305320987164373,18.959841346880506,-43.54104335376583
66537981246228096,57.72961087519808,24.19724656530266,7.156892922325294,18.856737930398275,-43.38606614358302
66623399554745984,58.55353202752385,24.569639842526517,8.316082881201842,12.665760370482861,-23.02282225106605
66649684754661632,58.19361349953875,24.561276734014374,6.191504851601645,19.10823164437051,-37.36763145080869
66652467893487488,58.08614920432304,24.565304174952797,7.180182816201832,18.501039956746688,-44.61576308443143
66728128034922624,56.825655460069,24.2305614540442,7.652274856009464,19.7293757744864,-46.55480539729653
66728501697350016,56.757758532077304,24.224328016207984,7.379354659402112,18.826867117987913,-43.79682879291498
66734514652754688,56.82475049892936,24.375292845693046,7.577743448217675,21.6810424643478,-43.25433539472272
66738023641737088,56.957489521440976,24.428489800524442,7.336132894725513,20.413652152090826,-45.894555782921664
66798496781121792,56.47708455753871,24.55430537374798,7.3052753639807255,20.33140314206862,-46.022054798281474
66798977817468288,56.34039171856011,24.54350590311485,7.342700786360437,19.75073677504067,-44.3592580791877
66801795315987584,56.512420693156756,24.681988265390725,6.917413037487169,18.971042237502672,-44.08848065433513
66830485697459456,57.03677641773308,25.029174252985637,7.658079216836038,13.622514755036455,-41.15875048352565
66872095342031872,57.5273855298918,24.99604042107146,7.096825802855658,20.72235673924772,-48.120387801681154
66885942316710784,58.01500229553912,25.02030871800869,7.349344579395844,19.587360838137478,-46.49312161763032
66903293984399872,57.8423312184945,25.165928880530256,7.207573585446735,19.598903434367212,-45.434094042339595
66925902692325504,57.24570764595098,25.103777394252344,6.52046059742025,4.317840131715738,-47.58784466746189
66970604711757312,57.71308817923927,25.639496648197234,6.429927658915408,-8.37612851018053,-1.9178297814109984
67007781947467008,59.21394099428626,25.040346690557513,6.2866860534043525,29.47511063190609,-4.317456341905787
67319768371265152,59.02809315225527,25.97642899175246,6.479614225851515,0.8549126240606685,-4.821795235359646
67368868438779392,57.85075265100442,26.053004292026344,7.5490941562573015,18.734513286680105,-46.23739946604758
67430853406272256,58.88329672236455,26.121959450575698,8.902146966471102,78.70716641185618,5.12878420987211
67787056515967872,53.693521134936965,23.386503659427618,6.575110967194087,43.253779516237,-18.172376075722276
67799189799869312,53.74453624196074,23.529954931526188,7.09486561955451,20.569161817903474,-43.26375824955264
68005176431813120,53.49494361774484,23.773807657626126,6.517248850752809,7.6080376451183795,14.929642209490066
68153056449032192,55.20730359019191,23.735506061088678,7.688790981911831,-153.0408404410444,-93.40322584978914
68156290560900480,55.27187406487266,23.83735301337884,7.602452973629081,21.337675933042124,-45.28576383275218
68250264445159936,54.788131417357974,24.367623103320557,7.0063925828546205,18.924603160422812,-40.7879756704596
68267680536205440,55.674687877103224,24.199276473366776,6.8213044818894275,20.123377100985664,-41.14435023565595
68303659479211776,56.04008371332776,24.589372669344755,7.234274294425554,20.89388577967105,-44.314259118680184
68411377258697984,54.396686536772094,24.33534969855751,7.132131517390828,-88.9104317921159,-2.1094980322342356
68436627369761664,54.606026580336845,24.45316315233146,7.947124995180391,21.12851057964417,-44.54705827652758
68529329944893824,53.90678436039315,25.007582059703257,8.27119211853586,11.450056755471227,-27.240384481525997
68530124514310912,53.9570648191768,25.07989856329464,7.2668215879594475,21.318989088718318,-43.71251564628141
68625846449476096,54.68058036996216,25.374075604937016,7.983232915122045,21.804943643746604,-46.06219578895261
68653235457299584,54.82080690946304,25.55939267770812,6.591955602397034,24.3798524430984,-5.486009186310756
68660244843997312,55.05016853184412,25.6420688442928,7.211796482711661,18.34761443168427,-47.55173615592766
69294319455655808,53.98363478173581,25.366356644857383,7.3592640392044775,22.337696331366647,-45.527383228337285
69811364798863744,56.103485703428014,24.768212832129016,7.383367795347211,20.0096511843737,-45.86504913512492
69811639676769536,56.08380493090035,24.7959610969443,7.509212453253538,19.89864206870716,-46.56763611816304
69816102146573440,56.3807592646464,24.879709592915546,6.911738693290189,19.90313586108005,-43.58128503749207
69838302833692160,56.15605465286112,25.137584496242773,7.6355811604397665,22.07741608943766,-46.67145895943276
69841257769938944,56.582840355141514,24.983531138132165,7.002036665353852,18.492129452413486,-45.936137693668854
69871219462957952,56.69080914397628,25.45824837858355,7.422793427745172,20.648906381777124,-46.51161940726877
69904410970171392,55.90555622605947,25.40878618559989,7.638439452106811,21.298491141882252,-47.28289469076985
69922243674432896,56.438115339692565,25.595602858369812,6.39818997912542,19.703335508228616,-43.026458770279824
70188733509474688,55.09128991658429,26.07179506199965,6.620755725637015,17.86365057700887,-49.73278518450759
70286319462343808,56.30808797509741,26.588214023487527,7.111385113944721,19.296844078877236,-44.3324120623329
70300887991010304,55.97714933688247,26.408808055427752,7.420526411561522,-23.232712842768144,-18.00989884814182
70347033119553408,56.31261774424387,26.89125150391469,6.553150855484303,17.59725004139399,-39.8454911744065
70425201524487040,57.854343979798465,26.6292591251117,6.11186784890626,-1.2386313908917554,-3.558589243348385
70431798596201856,57.93793021767275,26.704628872456134,8.323901634046164,52.46809660672038,-24.568205430770007
70462688000922880,56.99008522853177,26.629052685627993,7.56666014095888,19.924911254896276,-47.516873975998095
70472304429797248,57.31748195200527,26.81736178542863,7.402503911495125,19.080884383511098,-46.003452333883466
70938810893886208,54.84346435803241,26.19321979914525,7.299654038284225,20.813997433170137,-46.9775282840436
70946644914222464,54.93490743162671,26.3051189769378,6.0876767059119645,17.660954970646046,-38.16312303077614
